主体,公司全称,股票代码,指标,FY2023,FY2024,FY2025,单位,口径说明,主要来源
3HK / Hutchison,Hutchison Telecommunications Hong Kong Holdings Limited,0215.HK,营业收入/收益,"4,896","4,643","5,448",millions HKD,三年财务表采用 StockAnalysis 对港股公告的标准化表格；回答正式结论时应优先引用官方年报/业绩公告复核关键数。,和记电讯香港2025年度业绩演示: https://www.hthkh.com/en/ir/presentation/pre260309.pdf；和记电讯香港2025年度业绩新闻稿: https://www.hthkh.com/en/media/press.php?prid=%2Fpress%2Fp260309；StockAnalysis income_statement: https://stockanalysis.com/quote/hkg/0215/financials/
3HK / Hutchison,Hutchison Telecommunications Hong Kong Holdings Limited,0215.HK,收入同比增长,0.29%,-5.17%,17.34%,millions HKD,三年财务表采用 StockAnalysis 对港股公告的标准化表格；回答正式结论时应优先引用官方年报/业绩公告复核关键数。,和记电讯香港2025年度业绩演示: https://www.hthkh.com/en/ir/presentation/pre260309.pdf；和记电讯香港2025年度业绩新闻稿: https://www.hthkh.com/en/media/press.php?prid=%2Fpress%2Fp260309；StockAnalysis income_statement: https://stockanalysis.com/quote/hkg/0215/financials/
3HK / Hutchison,Hutchison Telecommunications Hong Kong Holdings Limited,0215.HK,毛利,"3,130","3,018","3,243",millions HKD,三年财务表采用 StockAnalysis 对港股公告的标准化表格；回答正式结论时应优先引用官方年报/业绩公告复核关键数。,和记电讯香港2025年度业绩演示: https://www.hthkh.com/en/ir/presentation/pre260309.pdf；和记电讯香港2025年度业绩新闻稿: https://www.hthkh.com/en/media/press.php?prid=%2Fpress%2Fp260309；StockAnalysis income_statement: https://stockanalysis.com/quote/hkg/0215/financials/
3HK / Hutchison,Hutchison Telecommunications Hong Kong Holdings Limited,0215.HK,毛利率,63.93%,65.00%,59.53%,millions HKD,三年财务表采用 StockAnalysis 对港股公告的标准化表格；回答正式结论时应优先引用官方年报/业绩公告复核关键数。,和记电讯香港2025年度业绩演示: https://www.hthkh.com/en/ir/presentation/pre260309.pdf；和记电讯香港2025年度业绩新闻稿: https://www.hthkh.com/en/media/press.php?prid=%2Fpress%2Fp260309；StockAnalysis income_statement: https://stockanalysis.com/quote/hkg/0215/financials/
3HK / Hutchison,Hutchison Telecommunications Hong Kong Holdings Limited,0215.HK,经营利润/营业利润,-96,-1,4,millions HKD,三年财务表采用 StockAnalysis 对港股公告的标准化表格；回答正式结论时应优先引用官方年报/业绩公告复核关键数。,和记电讯香港2025年度业绩演示: https://www.hthkh.com/en/ir/presentation/pre260309.pdf；和记电讯香港2025年度业绩新闻稿: https://www.hthkh.com/en/media/press.php?prid=%2Fpress%2Fp260309；StockAnalysis income_statement: https://stockanalysis.com/quote/hkg/0215/financials/
3HK / Hutchison,Hutchison Telecommunications Hong Kong Holdings Limited,0215.HK,经营利润率,-1.96%,-0.02%,0.07%,millions HKD,三年财务表采用 StockAnalysis 对港股公告的标准化表格；回答正式结论时应优先引用官方年报/业绩公告复核关键数。,和记电讯香港2025年度业绩演示: https://www.hthkh.com/en/ir/presentation/pre260309.pdf；和记电讯香港2025年度业绩新闻稿: https://www.hthkh.com/en/media/press.php?prid=%2Fpress%2Fp260309；StockAnalysis income_statement: https://stockanalysis.com/quote/hkg/0215/financials/
3HK / Hutchison,Hutchison Telecommunications Hong Kong Holdings Limited,0215.HK,净利润/股东应占利润,-52,6,-25,millions HKD,三年财务表采用 StockAnalysis 对港股公告的标准化表格；回答正式结论时应优先引用官方年报/业绩公告复核关键数。,和记电讯香港2025年度业绩演示: https://www.hthkh.com/en/ir/presentation/pre260309.pdf；和记电讯香港2025年度业绩新闻稿: https://www.hthkh.com/en/media/press.php?prid=%2Fpress%2Fp260309；StockAnalysis income_statement: https://stockanalysis.com/quote/hkg/0215/financials/
3HK / Hutchison,Hutchison Telecommunications Hong Kong Holdings Limited,0215.HK,EBITDA,787,904,928,millions HKD,三年财务表采用 StockAnalysis 对港股公告的标准化表格；回答正式结论时应优先引用官方年报/业绩公告复核关键数。,和记电讯香港2025年度业绩演示: https://www.hthkh.com/en/ir/presentation/pre260309.pdf；和记电讯香港2025年度业绩新闻稿: https://www.hthkh.com/en/media/press.php?prid=%2Fpress%2Fp260309；StockAnalysis income_statement: https://stockanalysis.com/quote/hkg/0215/financials/
3HK / Hutchison,Hutchison Telecommunications Hong Kong Holdings Limited,0215.HK,EBITDA率,16.07%,19.47%,17.03%,millions HKD,三年财务表采用 StockAnalysis 对港股公告的标准化表格；回答正式结论时应优先引用官方年报/业绩公告复核关键数。,和记电讯香港2025年度业绩演示: https://www.hthkh.com/en/ir/presentation/pre260309.pdf；和记电讯香港2025年度业绩新闻稿: https://www.hthkh.com/en/media/press.php?prid=%2Fpress%2Fp260309；StockAnalysis income_statement: https://stockanalysis.com/quote/hkg/0215/financials/
3HK / Hutchison,Hutchison Telecommunications Hong Kong Holdings Limited,0215.HK,经营现金流,"1,127","1,081","1,211",millions HKD,三年财务表采用 StockAnalysis 对港股公告的标准化表格；回答正式结论时应优先引用官方年报/业绩公告复核关键数。,和记电讯香港2025年度业绩演示: https://www.hthkh.com/en/ir/presentation/pre260309.pdf；和记电讯香港2025年度业绩新闻稿: https://www.hthkh.com/en/media/press.php?prid=%2Fpress%2Fp260309；StockAnalysis income_statement: https://stockanalysis.com/quote/hkg/0215/financials/
3HK / Hutchison,Hutchison Telecommunications Hong Kong Holdings Limited,0215.HK,资本开支,-481,-434,-440,millions HKD,三年财务表采用 StockAnalysis 对港股公告的标准化表格；回答正式结论时应优先引用官方年报/业绩公告复核关键数。,和记电讯香港2025年度业绩演示: https://www.hthkh.com/en/ir/presentation/pre260309.pdf；和记电讯香港2025年度业绩新闻稿: https://www.hthkh.com/en/media/press.php?prid=%2Fpress%2Fp260309；StockAnalysis income_statement: https://stockanalysis.com/quote/hkg/0215/financials/
3HK / Hutchison,Hutchison Telecommunications Hong Kong Holdings Limited,0215.HK,自由现金流,646,647,771,millions HKD,三年财务表采用 StockAnalysis 对港股公告的标准化表格；回答正式结论时应优先引用官方年报/业绩公告复核关键数。,和记电讯香港2025年度业绩演示: https://www.hthkh.com/en/ir/presentation/pre260309.pdf；和记电讯香港2025年度业绩新闻稿: https://www.hthkh.com/en/media/press.php?prid=%2Fpress%2Fp260309；StockAnalysis income_statement: https://stockanalysis.com/quote/hkg/0215/financials/
3HK / Hutchison,Hutchison Telecommunications Hong Kong Holdings Limited,0215.HK,现金及等价物,"1,910","3,168",594,millions HKD,三年财务表采用 StockAnalysis 对港股公告的标准化表格；回答正式结论时应优先引用官方年报/业绩公告复核关键数。,和记电讯香港2025年度业绩演示: https://www.hthkh.com/en/ir/presentation/pre260309.pdf；和记电讯香港2025年度业绩新闻稿: https://www.hthkh.com/en/media/press.php?prid=%2Fpress%2Fp260309；StockAnalysis income_statement: https://stockanalysis.com/quote/hkg/0215/financials/
3HK / Hutchison,Hutchison Telecommunications Hong Kong Holdings Limited,0215.HK,总资产,"14,560","13,970","13,412",millions HKD,三年财务表采用 StockAnalysis 对港股公告的标准化表格；回答正式结论时应优先引用官方年报/业绩公告复核关键数。,和记电讯香港2025年度业绩演示: https://www.hthkh.com/en/ir/presentation/pre260309.pdf；和记电讯香港2025年度业绩新闻稿: https://www.hthkh.com/en/media/press.php?prid=%2Fpress%2Fp260309；StockAnalysis income_statement: https://stockanalysis.com/quote/hkg/0215/financials/
3HK / Hutchison,Hutchison Telecommunications Hong Kong Holdings Limited,0215.HK,总债务,482,463,401,millions HKD,三年财务表采用 StockAnalysis 对港股公告的标准化表格；回答正式结论时应优先引用官方年报/业绩公告复核关键数。,和记电讯香港2025年度业绩演示: https://www.hthkh.com/en/ir/presentation/pre260309.pdf；和记电讯香港2025年度业绩新闻稿: https://www.hthkh.com/en/media/press.php?prid=%2Fpress%2Fp260309；StockAnalysis income_statement: https://stockanalysis.com/quote/hkg/0215/financials/
HKBN,HKBN Ltd.,1310.HK,营业收入/收益,"11,692","10,651","11,129",millions HKD,三年财务表采用 StockAnalysis 对港股公告的标准化表格；回答正式结论时应优先引用官方年报/业绩公告复核关键数。,HKBN 2026财年中期业绩: https://www.hkbn.net/group/en/newsroom/press-releases/20260424_FY26_Interim_Results；HKBN 2025财年年度业绩: https://www.hkbn.net/group/en/press-release/hkbn-announces-fy2025-annual-results-net-profit-soars-with-strong-ebitda-growth-sustained-dividend-distribution/；StockAnalysis income_statement: https://stockanalysis.com/quote/hkg/1310/financials/
HKBN,HKBN Ltd.,1310.HK,收入同比增长,0.57%,-8.91%,4.48%,millions HKD,三年财务表采用 StockAnalysis 对港股公告的标准化表格；回答正式结论时应优先引用官方年报/业绩公告复核关键数。,HKBN 2026财年中期业绩: https://www.hkbn.net/group/en/newsroom/press-releases/20260424_FY26_Interim_Results；HKBN 2025财年年度业绩: https://www.hkbn.net/group/en/press-release/hkbn-announces-fy2025-annual-results-net-profit-soars-with-strong-ebitda-growth-sustained-dividend-distribution/；StockAnalysis income_statement: https://stockanalysis.com/quote/hkg/1310/financials/
HKBN,HKBN Ltd.,1310.HK,毛利,"4,047","3,904","3,974",millions HKD,三年财务表采用 StockAnalysis 对港股公告的标准化表格；回答正式结论时应优先引用官方年报/业绩公告复核关键数。,HKBN 2026财年中期业绩: https://www.hkbn.net/group/en/newsroom/press-releases/20260424_FY26_Interim_Results；HKBN 2025财年年度业绩: https://www.hkbn.net/group/en/press-release/hkbn-announces-fy2025-annual-results-net-profit-soars-with-strong-ebitda-growth-sustained-dividend-distribution/；StockAnalysis income_statement: https://stockanalysis.com/quote/hkg/1310/financials/
HKBN,HKBN Ltd.,1310.HK,毛利率,34.61%,36.65%,35.71%,millions HKD,三年财务表采用 StockAnalysis 对港股公告的标准化表格；回答正式结论时应优先引用官方年报/业绩公告复核关键数。,HKBN 2026财年中期业绩: https://www.hkbn.net/group/en/newsroom/press-releases/20260424_FY26_Interim_Results；HKBN 2025财年年度业绩: https://www.hkbn.net/group/en/press-release/hkbn-announces-fy2025-annual-results-net-profit-soars-with-strong-ebitda-growth-sustained-dividend-distribution/；StockAnalysis income_statement: https://stockanalysis.com/quote/hkg/1310/financials/
HKBN,HKBN Ltd.,1310.HK,经营利润/营业利润,721.13,864.88,917.49,millions HKD,三年财务表采用 StockAnalysis 对港股公告的标准化表格；回答正式结论时应优先引用官方年报/业绩公告复核关键数。,HKBN 2026财年中期业绩: https://www.hkbn.net/group/en/newsroom/press-releases/20260424_FY26_Interim_Results；HKBN 2025财年年度业绩: https://www.hkbn.net/group/en/press-release/hkbn-announces-fy2025-annual-results-net-profit-soars-with-strong-ebitda-growth-sustained-dividend-distribution/；StockAnalysis income_statement: https://stockanalysis.com/quote/hkg/1310/financials/
HKBN,HKBN Ltd.,1310.HK,经营利润率,6.17%,8.12%,8.24%,millions HKD,三年财务表采用 StockAnalysis 对港股公告的标准化表格；回答正式结论时应优先引用官方年报/业绩公告复核关键数。,HKBN 2026财年中期业绩: https://www.hkbn.net/group/en/newsroom/press-releases/20260424_FY26_Interim_Results；HKBN 2025财年年度业绩: https://www.hkbn.net/group/en/press-release/hkbn-announces-fy2025-annual-results-net-profit-soars-with-strong-ebitda-growth-sustained-dividend-distribution/；StockAnalysis income_statement: https://stockanalysis.com/quote/hkg/1310/financials/
HKBN,HKBN Ltd.,1310.HK,净利润/股东应占利润,"-1,267",10.28,206.86,millions HKD,三年财务表采用 StockAnalysis 对港股公告的标准化表格；回答正式结论时应优先引用官方年报/业绩公告复核关键数。,HKBN 2026财年中期业绩: https://www.hkbn.net/group/en/newsroom/press-releases/20260424_FY26_Interim_Results；HKBN 2025财年年度业绩: https://www.hkbn.net/group/en/press-release/hkbn-announces-fy2025-annual-results-net-profit-soars-with-strong-ebitda-growth-sustained-dividend-distribution/；StockAnalysis income_statement: https://stockanalysis.com/quote/hkg/1310/financials/
HKBN,HKBN Ltd.,1310.HK,EBITDA,"1,861","1,950","1,954",millions HKD,三年财务表采用 StockAnalysis 对港股公告的标准化表格；回答正式结论时应优先引用官方年报/业绩公告复核关键数。,HKBN 2026财年中期业绩: https://www.hkbn.net/group/en/newsroom/press-releases/20260424_FY26_Interim_Results；HKBN 2025财年年度业绩: https://www.hkbn.net/group/en/press-release/hkbn-announces-fy2025-annual-results-net-profit-soars-with-strong-ebitda-growth-sustained-dividend-distribution/；StockAnalysis income_statement: https://stockanalysis.com/quote/hkg/1310/financials/
HKBN,HKBN Ltd.,1310.HK,EBITDA率,15.91%,18.30%,17.56%,millions HKD,三年财务表采用 StockAnalysis 对港股公告的标准化表格；回答正式结论时应优先引用官方年报/业绩公告复核关键数。,HKBN 2026财年中期业绩: https://www.hkbn.net/group/en/newsroom/press-releases/20260424_FY26_Interim_Results；HKBN 2025财年年度业绩: https://www.hkbn.net/group/en/press-release/hkbn-announces-fy2025-annual-results-net-profit-soars-with-strong-ebitda-growth-sustained-dividend-distribution/；StockAnalysis income_statement: https://stockanalysis.com/quote/hkg/1310/financials/
HKBN,HKBN Ltd.,1310.HK,经营现金流,"1,983","2,058","1,911",millions HKD,三年财务表采用 StockAnalysis 对港股公告的标准化表格；回答正式结论时应优先引用官方年报/业绩公告复核关键数。,HKBN 2026财年中期业绩: https://www.hkbn.net/group/en/newsroom/press-releases/20260424_FY26_Interim_Results；HKBN 2025财年年度业绩: https://www.hkbn.net/group/en/press-release/hkbn-announces-fy2025-annual-results-net-profit-soars-with-strong-ebitda-growth-sustained-dividend-distribution/；StockAnalysis income_statement: https://stockanalysis.com/quote/hkg/1310/financials/
HKBN,HKBN Ltd.,1310.HK,资本开支,-489.39,-362.71,-493.58,millions HKD,三年财务表采用 StockAnalysis 对港股公告的标准化表格；回答正式结论时应优先引用官方年报/业绩公告复核关键数。,HKBN 2026财年中期业绩: https://www.hkbn.net/group/en/newsroom/press-releases/20260424_FY26_Interim_Results；HKBN 2025财年年度业绩: https://www.hkbn.net/group/en/press-release/hkbn-announces-fy2025-annual-results-net-profit-soars-with-strong-ebitda-growth-sustained-dividend-distribution/；StockAnalysis income_statement: https://stockanalysis.com/quote/hkg/1310/financials/
HKBN,HKBN Ltd.,1310.HK,自由现金流,"1,493","1,696","1,417",millions HKD,三年财务表采用 StockAnalysis 对港股公告的标准化表格；回答正式结论时应优先引用官方年报/业绩公告复核关键数。,HKBN 2026财年中期业绩: https://www.hkbn.net/group/en/newsroom/press-releases/20260424_FY26_Interim_Results；HKBN 2025财年年度业绩: https://www.hkbn.net/group/en/press-release/hkbn-announces-fy2025-annual-results-net-profit-soars-with-strong-ebitda-growth-sustained-dividend-distribution/；StockAnalysis income_statement: https://stockanalysis.com/quote/hkg/1310/financials/
HKBN,HKBN Ltd.,1310.HK,现金及等价物,"1,017","1,217","1,192",millions HKD,三年财务表采用 StockAnalysis 对港股公告的标准化表格；回答正式结论时应优先引用官方年报/业绩公告复核关键数。,HKBN 2026财年中期业绩: https://www.hkbn.net/group/en/newsroom/press-releases/20260424_FY26_Interim_Results；HKBN 2025财年年度业绩: https://www.hkbn.net/group/en/press-release/hkbn-announces-fy2025-annual-results-net-profit-soars-with-strong-ebitda-growth-sustained-dividend-distribution/；StockAnalysis income_statement: https://stockanalysis.com/quote/hkg/1310/financials/
HKBN,HKBN Ltd.,1310.HK,总资产,"18,148","17,669","17,253",millions HKD,三年财务表采用 StockAnalysis 对港股公告的标准化表格；回答正式结论时应优先引用官方年报/业绩公告复核关键数。,HKBN 2026财年中期业绩: https://www.hkbn.net/group/en/newsroom/press-releases/20260424_FY26_Interim_Results；HKBN 2025财年年度业绩: https://www.hkbn.net/group/en/press-release/hkbn-announces-fy2025-annual-results-net-profit-soars-with-strong-ebitda-growth-sustained-dividend-distribution/；StockAnalysis income_statement: https://stockanalysis.com/quote/hkg/1310/financials/
HKBN,HKBN Ltd.,1310.HK,总债务,"11,493","11,502","11,291",millions HKD,三年财务表采用 StockAnalysis 对港股公告的标准化表格；回答正式结论时应优先引用官方年报/业绩公告复核关键数。,HKBN 2026财年中期业绩: https://www.hkbn.net/group/en/newsroom/press-releases/20260424_FY26_Interim_Results；HKBN 2025财年年度业绩: https://www.hkbn.net/group/en/press-release/hkbn-announces-fy2025-annual-results-net-profit-soars-with-strong-ebitda-growth-sustained-dividend-distribution/；StockAnalysis income_statement: https://stockanalysis.com/quote/hkg/1310/financials/
HKT / csl / 1O1O,HKT Trust and HKT Limited,6823.HK,营业收入/收益,"34,330","34,753","36,553",millions HKD,三年财务表采用 StockAnalysis 对港股公告的标准化表格；回答正式结论时应优先引用官方年报/业绩公告复核关键数。,HKT 2025年度业绩演示: https://www.hkt.com/api-service/assets/c01-2025_Annual_Results.pdf；HKT 2025年度业绩公告: https://www.hkt.com/api-service/assets/e-2026.02.09_(2025_Annual_Results_Announcement).pdf；StockAnalysis income_statement: https://stockanalysis.com/quote/hkg/6823/financials/
HKT / csl / 1O1O,HKT Trust and HKT Limited,6823.HK,收入同比增长,0.60%,1.23%,5.18%,millions HKD,三年财务表采用 StockAnalysis 对港股公告的标准化表格；回答正式结论时应优先引用官方年报/业绩公告复核关键数。,HKT 2025年度业绩演示: https://www.hkt.com/api-service/assets/c01-2025_Annual_Results.pdf；HKT 2025年度业绩公告: https://www.hkt.com/api-service/assets/e-2026.02.09_(2025_Annual_Results_Announcement).pdf；StockAnalysis income_statement: https://stockanalysis.com/quote/hkg/6823/financials/
HKT / csl / 1O1O,HKT Trust and HKT Limited,6823.HK,毛利,"16,876","17,043","17,413",millions HKD,三年财务表采用 StockAnalysis 对港股公告的标准化表格；回答正式结论时应优先引用官方年报/业绩公告复核关键数。,HKT 2025年度业绩演示: https://www.hkt.com/api-service/assets/c01-2025_Annual_Results.pdf；HKT 2025年度业绩公告: https://www.hkt.com/api-service/assets/e-2026.02.09_(2025_Annual_Results_Announcement).pdf；StockAnalysis income_statement: https://stockanalysis.com/quote/hkg/6823/financials/
HKT / csl / 1O1O,HKT Trust and HKT Limited,6823.HK,毛利率,49.16%,49.04%,47.64%,millions HKD,三年财务表采用 StockAnalysis 对港股公告的标准化表格；回答正式结论时应优先引用官方年报/业绩公告复核关键数。,HKT 2025年度业绩演示: https://www.hkt.com/api-service/assets/c01-2025_Annual_Results.pdf；HKT 2025年度业绩公告: https://www.hkt.com/api-service/assets/e-2026.02.09_(2025_Annual_Results_Announcement).pdf；StockAnalysis income_statement: https://stockanalysis.com/quote/hkg/6823/financials/
HKT / csl / 1O1O,HKT Trust and HKT Limited,6823.HK,经营利润/营业利润,"7,746","8,248","8,289",millions HKD,三年财务表采用 StockAnalysis 对港股公告的标准化表格；回答正式结论时应优先引用官方年报/业绩公告复核关键数。,HKT 2025年度业绩演示: https://www.hkt.com/api-service/assets/c01-2025_Annual_Results.pdf；HKT 2025年度业绩公告: https://www.hkt.com/api-service/assets/e-2026.02.09_(2025_Annual_Results_Announcement).pdf；StockAnalysis income_statement: https://stockanalysis.com/quote/hkg/6823/financials/
HKT / csl / 1O1O,HKT Trust and HKT Limited,6823.HK,经营利润率,22.56%,23.73%,22.68%,millions HKD,三年财务表采用 StockAnalysis 对港股公告的标准化表格；回答正式结论时应优先引用官方年报/业绩公告复核关键数。,HKT 2025年度业绩演示: https://www.hkt.com/api-service/assets/c01-2025_Annual_Results.pdf；HKT 2025年度业绩公告: https://www.hkt.com/api-service/assets/e-2026.02.09_(2025_Annual_Results_Announcement).pdf；StockAnalysis income_statement: https://stockanalysis.com/quote/hkg/6823/financials/
HKT / csl / 1O1O,HKT Trust and HKT Limited,6823.HK,净利润/股东应占利润,"4,991","5,070","5,286",millions HKD,三年财务表采用 StockAnalysis 对港股公告的标准化表格；回答正式结论时应优先引用官方年报/业绩公告复核关键数。,HKT 2025年度业绩演示: https://www.hkt.com/api-service/assets/c01-2025_Annual_Results.pdf；HKT 2025年度业绩公告: https://www.hkt.com/api-service/assets/e-2026.02.09_(2025_Annual_Results_Announcement).pdf；StockAnalysis income_statement: https://stockanalysis.com/quote/hkg/6823/financials/
HKT / csl / 1O1O,HKT Trust and HKT Limited,6823.HK,EBITDA,"9,934","10,225","10,064",millions HKD,三年财务表采用 StockAnalysis 对港股公告的标准化表格；回答正式结论时应优先引用官方年报/业绩公告复核关键数。,HKT 2025年度业绩演示: https://www.hkt.com/api-service/assets/c01-2025_Annual_Results.pdf；HKT 2025年度业绩公告: https://www.hkt.com/api-service/assets/e-2026.02.09_(2025_Annual_Results_Announcement).pdf；StockAnalysis income_statement: https://stockanalysis.com/quote/hkg/6823/financials/
HKT / csl / 1O1O,HKT Trust and HKT Limited,6823.HK,EBITDA率,28.94%,29.42%,27.53%,millions HKD,三年财务表采用 StockAnalysis 对港股公告的标准化表格；回答正式结论时应优先引用官方年报/业绩公告复核关键数。,HKT 2025年度业绩演示: https://www.hkt.com/api-service/assets/c01-2025_Annual_Results.pdf；HKT 2025年度业绩公告: https://www.hkt.com/api-service/assets/e-2026.02.09_(2025_Annual_Results_Announcement).pdf；StockAnalysis income_statement: https://stockanalysis.com/quote/hkg/6823/financials/
HKT / csl / 1O1O,HKT Trust and HKT Limited,6823.HK,经营现金流,"11,261","11,911","11,628",millions HKD,三年财务表采用 StockAnalysis 对港股公告的标准化表格；回答正式结论时应优先引用官方年报/业绩公告复核关键数。,HKT 2025年度业绩演示: https://www.hkt.com/api-service/assets/c01-2025_Annual_Results.pdf；HKT 2025年度业绩公告: https://www.hkt.com/api-service/assets/e-2026.02.09_(2025_Annual_Results_Announcement).pdf；StockAnalysis income_statement: https://stockanalysis.com/quote/hkg/6823/financials/
HKT / csl / 1O1O,HKT Trust and HKT Limited,6823.HK,资本开支,"-2,138","-2,037","-1,977",millions HKD,三年财务表采用 StockAnalysis 对港股公告的标准化表格；回答正式结论时应优先引用官方年报/业绩公告复核关键数。,HKT 2025年度业绩演示: https://www.hkt.com/api-service/assets/c01-2025_Annual_Results.pdf；HKT 2025年度业绩公告: https://www.hkt.com/api-service/assets/e-2026.02.09_(2025_Annual_Results_Announcement).pdf；StockAnalysis income_statement: https://stockanalysis.com/quote/hkg/6823/financials/
HKT / csl / 1O1O,HKT Trust and HKT Limited,6823.HK,自由现金流,"9,123","9,874","9,651",millions HKD,三年财务表采用 StockAnalysis 对港股公告的标准化表格；回答正式结论时应优先引用官方年报/业绩公告复核关键数。,HKT 2025年度业绩演示: https://www.hkt.com/api-service/assets/c01-2025_Annual_Results.pdf；HKT 2025年度业绩公告: https://www.hkt.com/api-service/assets/e-2026.02.09_(2025_Annual_Results_Announcement).pdf；StockAnalysis income_statement: https://stockanalysis.com/quote/hkg/6823/financials/
HKT / csl / 1O1O,HKT Trust and HKT Limited,6823.HK,现金及等价物,"1,630","1,850","1,957",millions HKD,三年财务表采用 StockAnalysis 对港股公告的标准化表格；回答正式结论时应优先引用官方年报/业绩公告复核关键数。,HKT 2025年度业绩演示: https://www.hkt.com/api-service/assets/c01-2025_Annual_Results.pdf；HKT 2025年度业绩公告: https://www.hkt.com/api-service/assets/e-2026.02.09_(2025_Annual_Results_Announcement).pdf；StockAnalysis income_statement: https://stockanalysis.com/quote/hkg/6823/financials/
HKT / csl / 1O1O,HKT Trust and HKT Limited,6823.HK,总资产,"112,118","116,813","121,152",millions HKD,三年财务表采用 StockAnalysis 对港股公告的标准化表格；回答正式结论时应优先引用官方年报/业绩公告复核关键数。,HKT 2025年度业绩演示: https://www.hkt.com/api-service/assets/c01-2025_Annual_Results.pdf；HKT 2025年度业绩公告: https://www.hkt.com/api-service/assets/e-2026.02.09_(2025_Annual_Results_Announcement).pdf；StockAnalysis income_statement: https://stockanalysis.com/quote/hkg/6823/financials/
HKT / csl / 1O1O,HKT Trust and HKT Limited,6823.HK,总债务,"47,453","44,395","48,337",millions HKD,三年财务表采用 StockAnalysis 对港股公告的标准化表格；回答正式结论时应优先引用官方年报/业绩公告复核关键数。,HKT 2025年度业绩演示: https://www.hkt.com/api-service/assets/c01-2025_Annual_Results.pdf；HKT 2025年度业绩公告: https://www.hkt.com/api-service/assets/e-2026.02.09_(2025_Annual_Results_Announcement).pdf；StockAnalysis income_statement: https://stockanalysis.com/quote/hkg/6823/financials/
SmarTone,SmarTone Telecommunications Holdings Limited,0315.HK,营业收入/收益,"6,763","6,221","6,253",millions HKD,三年财务表采用 StockAnalysis 对港股公告的标准化表格；回答正式结论时应优先引用官方年报/业绩公告复核关键数。,SmarTone 2025/26中期业绩: https://www.smartoneholdings.com/about_us/investor/finance/english/2526/SMT_IR25_eng.pdf；SmarTone投资者关系: https://www.smartoneholdings.com/about_us/investor/overview/english/index.html；StockAnalysis income_statement: https://stockanalysis.com/quote/hkg/0315/financials/
SmarTone,SmarTone Telecommunications Holdings Limited,0315.HK,收入同比增长,-2.79%,-8.01%,0.52%,millions HKD,三年财务表采用 StockAnalysis 对港股公告的标准化表格；回答正式结论时应优先引用官方年报/业绩公告复核关键数。,SmarTone 2025/26中期业绩: https://www.smartoneholdings.com/about_us/investor/finance/english/2526/SMT_IR25_eng.pdf；SmarTone投资者关系: https://www.smartoneholdings.com/about_us/investor/overview/english/index.html；StockAnalysis income_statement: https://stockanalysis.com/quote/hkg/0315/financials/
SmarTone,SmarTone Telecommunications Holdings Limited,0315.HK,毛利,"3,440","3,406","3,342",millions HKD,三年财务表采用 StockAnalysis 对港股公告的标准化表格；回答正式结论时应优先引用官方年报/业绩公告复核关键数。,SmarTone 2025/26中期业绩: https://www.smartoneholdings.com/about_us/investor/finance/english/2526/SMT_IR25_eng.pdf；SmarTone投资者关系: https://www.smartoneholdings.com/about_us/investor/overview/english/index.html；StockAnalysis income_statement: https://stockanalysis.com/quote/hkg/0315/financials/
SmarTone,SmarTone Telecommunications Holdings Limited,0315.HK,毛利率,50.87%,54.75%,53.44%,millions HKD,三年财务表采用 StockAnalysis 对港股公告的标准化表格；回答正式结论时应优先引用官方年报/业绩公告复核关键数。,SmarTone 2025/26中期业绩: https://www.smartoneholdings.com/about_us/investor/finance/english/2526/SMT_IR25_eng.pdf；SmarTone投资者关系: https://www.smartoneholdings.com/about_us/investor/overview/english/index.html；StockAnalysis income_statement: https://stockanalysis.com/quote/hkg/0315/financials/
SmarTone,SmarTone Telecommunications Holdings Limited,0315.HK,经营利润/营业利润,701.77,699.18,750.98,millions HKD,三年财务表采用 StockAnalysis 对港股公告的标准化表格；回答正式结论时应优先引用官方年报/业绩公告复核关键数。,SmarTone 2025/26中期业绩: https://www.smartoneholdings.com/about_us/investor/finance/english/2526/SMT_IR25_eng.pdf；SmarTone投资者关系: https://www.smartoneholdings.com/about_us/investor/overview/english/index.html；StockAnalysis income_statement: https://stockanalysis.com/quote/hkg/0315/financials/
SmarTone,SmarTone Telecommunications Holdings Limited,0315.HK,经营利润率,10.38%,11.24%,12.01%,millions HKD,三年财务表采用 StockAnalysis 对港股公告的标准化表格；回答正式结论时应优先引用官方年报/业绩公告复核关键数。,SmarTone 2025/26中期业绩: https://www.smartoneholdings.com/about_us/investor/finance/english/2526/SMT_IR25_eng.pdf；SmarTone投资者关系: https://www.smartoneholdings.com/about_us/investor/overview/english/index.html；StockAnalysis income_statement: https://stockanalysis.com/quote/hkg/0315/financials/
SmarTone,SmarTone Telecommunications Holdings Limited,0315.HK,净利润/股东应占利润,268.85,470.13,478.9,millions HKD,三年财务表采用 StockAnalysis 对港股公告的标准化表格；回答正式结论时应优先引用官方年报/业绩公告复核关键数。,SmarTone 2025/26中期业绩: https://www.smartoneholdings.com/about_us/investor/finance/english/2526/SMT_IR25_eng.pdf；SmarTone投资者关系: https://www.smartoneholdings.com/about_us/investor/overview/english/index.html；StockAnalysis income_statement: https://stockanalysis.com/quote/hkg/0315/financials/
SmarTone,SmarTone Telecommunications Holdings Limited,0315.HK,EBITDA,"1,708","1,699","1,750",millions HKD,三年财务表采用 StockAnalysis 对港股公告的标准化表格；回答正式结论时应优先引用官方年报/业绩公告复核关键数。,SmarTone 2025/26中期业绩: https://www.smartoneholdings.com/about_us/investor/finance/english/2526/SMT_IR25_eng.pdf；SmarTone投资者关系: https://www.smartoneholdings.com/about_us/investor/overview/english/index.html；StockAnalysis income_statement: https://stockanalysis.com/quote/hkg/0315/financials/
SmarTone,SmarTone Telecommunications Holdings Limited,0315.HK,EBITDA率,25.26%,27.31%,27.98%,millions HKD,三年财务表采用 StockAnalysis 对港股公告的标准化表格；回答正式结论时应优先引用官方年报/业绩公告复核关键数。,SmarTone 2025/26中期业绩: https://www.smartoneholdings.com/about_us/investor/finance/english/2526/SMT_IR25_eng.pdf；SmarTone投资者关系: https://www.smartoneholdings.com/about_us/investor/overview/english/index.html；StockAnalysis income_statement: https://stockanalysis.com/quote/hkg/0315/financials/
SmarTone,SmarTone Telecommunications Holdings Limited,0315.HK,经营现金流,"2,254","2,162","2,133",millions HKD,三年财务表采用 StockAnalysis 对港股公告的标准化表格；回答正式结论时应优先引用官方年报/业绩公告复核关键数。,SmarTone 2025/26中期业绩: https://www.smartoneholdings.com/about_us/investor/finance/english/2526/SMT_IR25_eng.pdf；SmarTone投资者关系: https://www.smartoneholdings.com/about_us/investor/overview/english/index.html；StockAnalysis income_statement: https://stockanalysis.com/quote/hkg/0315/financials/
SmarTone,SmarTone Telecommunications Holdings Limited,0315.HK,资本开支,-708.77,-601.55,-597.47,millions HKD,三年财务表采用 StockAnalysis 对港股公告的标准化表格；回答正式结论时应优先引用官方年报/业绩公告复核关键数。,SmarTone 2025/26中期业绩: https://www.smartoneholdings.com/about_us/investor/finance/english/2526/SMT_IR25_eng.pdf；SmarTone投资者关系: https://www.smartoneholdings.com/about_us/investor/overview/english/index.html；StockAnalysis income_statement: https://stockanalysis.com/quote/hkg/0315/financials/
SmarTone,SmarTone Telecommunications Holdings Limited,0315.HK,自由现金流,"1,546","1,560","1,536",millions HKD,三年财务表采用 StockAnalysis 对港股公告的标准化表格；回答正式结论时应优先引用官方年报/业绩公告复核关键数。,SmarTone 2025/26中期业绩: https://www.smartoneholdings.com/about_us/investor/finance/english/2526/SMT_IR25_eng.pdf；SmarTone投资者关系: https://www.smartoneholdings.com/about_us/investor/overview/english/index.html；StockAnalysis income_statement: https://stockanalysis.com/quote/hkg/0315/financials/
SmarTone,SmarTone Telecommunications Holdings Limited,0315.HK,现金及等价物,"1,155","1,577","2,028",millions HKD,三年财务表采用 StockAnalysis 对港股公告的标准化表格；回答正式结论时应优先引用官方年报/业绩公告复核关键数。,SmarTone 2025/26中期业绩: https://www.smartoneholdings.com/about_us/investor/finance/english/2526/SMT_IR25_eng.pdf；SmarTone投资者关系: https://www.smartoneholdings.com/about_us/investor/overview/english/index.html；StockAnalysis income_statement: https://stockanalysis.com/quote/hkg/0315/financials/
SmarTone,SmarTone Telecommunications Holdings Limited,0315.HK,总资产,"10,899","11,178","11,308",millions HKD,三年财务表采用 StockAnalysis 对港股公告的标准化表格；回答正式结论时应优先引用官方年报/业绩公告复核关键数。,SmarTone 2025/26中期业绩: https://www.smartoneholdings.com/about_us/investor/finance/english/2526/SMT_IR25_eng.pdf；SmarTone投资者关系: https://www.smartoneholdings.com/about_us/investor/overview/english/index.html；StockAnalysis income_statement: https://stockanalysis.com/quote/hkg/0315/financials/
SmarTone,SmarTone Telecommunications Holdings Limited,0315.HK,总债务,852.99,963.18,877.59,millions HKD,三年财务表采用 StockAnalysis 对港股公告的标准化表格；回答正式结论时应优先引用官方年报/业绩公告复核关键数。,SmarTone 2025/26中期业绩: https://www.smartoneholdings.com/about_us/investor/finance/english/2526/SMT_IR25_eng.pdf；SmarTone投资者关系: https://www.smartoneholdings.com/about_us/investor/overview/english/index.html；StockAnalysis income_statement: https://stockanalysis.com/quote/hkg/0315/financials/
i-CABLE,i-CABLE Communications Limited,1097.HK,营业收入/收益,597.9,584.49,538.74,millions HKD,三年财务表采用 StockAnalysis 对港股公告的标准化表格；回答正式结论时应优先引用官方年报/业绩公告复核关键数。,i-CABLE 2025年度业绩公告: https://www1.hkexnews.hk/listedco/listconews/sehk/2026/0327/2026032703354.pdf；StockAnalysis income_statement: https://stockanalysis.com/quote/hkg/1097/financials/；StockAnalysis balance_sheet: https://stockanalysis.com/quote/hkg/1097/financials/balance-sheet/
i-CABLE,i-CABLE Communications Limited,1097.HK,收入同比增长,6.24%,-2.24%,-7.83%,millions HKD,三年财务表采用 StockAnalysis 对港股公告的标准化表格；回答正式结论时应优先引用官方年报/业绩公告复核关键数。,i-CABLE 2025年度业绩公告: https://www1.hkexnews.hk/listedco/listconews/sehk/2026/0327/2026032703354.pdf；StockAnalysis income_statement: https://stockanalysis.com/quote/hkg/1097/financials/；StockAnalysis balance_sheet: https://stockanalysis.com/quote/hkg/1097/financials/balance-sheet/
i-CABLE,i-CABLE Communications Limited,1097.HK,毛利,-218.15,-174.76,-165.37,millions HKD,三年财务表采用 StockAnalysis 对港股公告的标准化表格；回答正式结论时应优先引用官方年报/业绩公告复核关键数。,i-CABLE 2025年度业绩公告: https://www1.hkexnews.hk/listedco/listconews/sehk/2026/0327/2026032703354.pdf；StockAnalysis income_statement: https://stockanalysis.com/quote/hkg/1097/financials/；StockAnalysis balance_sheet: https://stockanalysis.com/quote/hkg/1097/financials/balance-sheet/
i-CABLE,i-CABLE Communications Limited,1097.HK,毛利率,-36.49%,-29.90%,-30.70%,millions HKD,三年财务表采用 StockAnalysis 对港股公告的标准化表格；回答正式结论时应优先引用官方年报/业绩公告复核关键数。,i-CABLE 2025年度业绩公告: https://www1.hkexnews.hk/listedco/listconews/sehk/2026/0327/2026032703354.pdf；StockAnalysis income_statement: https://stockanalysis.com/quote/hkg/1097/financials/；StockAnalysis balance_sheet: https://stockanalysis.com/quote/hkg/1097/financials/balance-sheet/
i-CABLE,i-CABLE Communications Limited,1097.HK,经营利润/营业利润,-427.77,-409.76,-360.35,millions HKD,三年财务表采用 StockAnalysis 对港股公告的标准化表格；回答正式结论时应优先引用官方年报/业绩公告复核关键数。,i-CABLE 2025年度业绩公告: https://www1.hkexnews.hk/listedco/listconews/sehk/2026/0327/2026032703354.pdf；StockAnalysis income_statement: https://stockanalysis.com/quote/hkg/1097/financials/；StockAnalysis balance_sheet: https://stockanalysis.com/quote/hkg/1097/financials/balance-sheet/
i-CABLE,i-CABLE Communications Limited,1097.HK,经营利润率,-71.55%,-70.11%,-66.89%,millions HKD,三年财务表采用 StockAnalysis 对港股公告的标准化表格；回答正式结论时应优先引用官方年报/业绩公告复核关键数。,i-CABLE 2025年度业绩公告: https://www1.hkexnews.hk/listedco/listconews/sehk/2026/0327/2026032703354.pdf；StockAnalysis income_statement: https://stockanalysis.com/quote/hkg/1097/financials/；StockAnalysis balance_sheet: https://stockanalysis.com/quote/hkg/1097/financials/balance-sheet/
i-CABLE,i-CABLE Communications Limited,1097.HK,净利润/股东应占利润,-589.27,-553.34,-489.98,millions HKD,三年财务表采用 StockAnalysis 对港股公告的标准化表格；回答正式结论时应优先引用官方年报/业绩公告复核关键数。,i-CABLE 2025年度业绩公告: https://www1.hkexnews.hk/listedco/listconews/sehk/2026/0327/2026032703354.pdf；StockAnalysis income_statement: https://stockanalysis.com/quote/hkg/1097/financials/；StockAnalysis balance_sheet: https://stockanalysis.com/quote/hkg/1097/financials/balance-sheet/
i-CABLE,i-CABLE Communications Limited,1097.HK,EBITDA,-343.23,-341.96,-302.59,millions HKD,三年财务表采用 StockAnalysis 对港股公告的标准化表格；回答正式结论时应优先引用官方年报/业绩公告复核关键数。,i-CABLE 2025年度业绩公告: https://www1.hkexnews.hk/listedco/listconews/sehk/2026/0327/2026032703354.pdf；StockAnalysis income_statement: https://stockanalysis.com/quote/hkg/1097/financials/；StockAnalysis balance_sheet: https://stockanalysis.com/quote/hkg/1097/financials/balance-sheet/
i-CABLE,i-CABLE Communications Limited,1097.HK,EBITDA率,-57.41%,-58.51%,-56.17%,millions HKD,三年财务表采用 StockAnalysis 对港股公告的标准化表格；回答正式结论时应优先引用官方年报/业绩公告复核关键数。,i-CABLE 2025年度业绩公告: https://www1.hkexnews.hk/listedco/listconews/sehk/2026/0327/2026032703354.pdf；StockAnalysis income_statement: https://stockanalysis.com/quote/hkg/1097/financials/；StockAnalysis balance_sheet: https://stockanalysis.com/quote/hkg/1097/financials/balance-sheet/
i-CABLE,i-CABLE Communications Limited,1097.HK,经营现金流,-287.25,-220.65,-213.92,millions HKD,三年财务表采用 StockAnalysis 对港股公告的标准化表格；回答正式结论时应优先引用官方年报/业绩公告复核关键数。,i-CABLE 2025年度业绩公告: https://www1.hkexnews.hk/listedco/listconews/sehk/2026/0327/2026032703354.pdf；StockAnalysis income_statement: https://stockanalysis.com/quote/hkg/1097/financials/；StockAnalysis balance_sheet: https://stockanalysis.com/quote/hkg/1097/financials/balance-sheet/
i-CABLE,i-CABLE Communications Limited,1097.HK,资本开支,-76.75,-66.7,-52.02,millions HKD,三年财务表采用 StockAnalysis 对港股公告的标准化表格；回答正式结论时应优先引用官方年报/业绩公告复核关键数。,i-CABLE 2025年度业绩公告: https://www1.hkexnews.hk/listedco/listconews/sehk/2026/0327/2026032703354.pdf；StockAnalysis income_statement: https://stockanalysis.com/quote/hkg/1097/financials/；StockAnalysis balance_sheet: https://stockanalysis.com/quote/hkg/1097/financials/balance-sheet/
i-CABLE,i-CABLE Communications Limited,1097.HK,自由现金流,-364,-287.35,-265.93,millions HKD,三年财务表采用 StockAnalysis 对港股公告的标准化表格；回答正式结论时应优先引用官方年报/业绩公告复核关键数。,i-CABLE 2025年度业绩公告: https://www1.hkexnews.hk/listedco/listconews/sehk/2026/0327/2026032703354.pdf；StockAnalysis income_statement: https://stockanalysis.com/quote/hkg/1097/financials/；StockAnalysis balance_sheet: https://stockanalysis.com/quote/hkg/1097/financials/balance-sheet/
i-CABLE,i-CABLE Communications Limited,1097.HK,现金及等价物,28.92,53.77,113.73,millions HKD,三年财务表采用 StockAnalysis 对港股公告的标准化表格；回答正式结论时应优先引用官方年报/业绩公告复核关键数。,i-CABLE 2025年度业绩公告: https://www1.hkexnews.hk/listedco/listconews/sehk/2026/0327/2026032703354.pdf；StockAnalysis income_statement: https://stockanalysis.com/quote/hkg/1097/financials/；StockAnalysis balance_sheet: https://stockanalysis.com/quote/hkg/1097/financials/balance-sheet/
i-CABLE,i-CABLE Communications Limited,1097.HK,总资产,945.16,882.53,867.06,millions HKD,三年财务表采用 StockAnalysis 对港股公告的标准化表格；回答正式结论时应优先引用官方年报/业绩公告复核关键数。,i-CABLE 2025年度业绩公告: https://www1.hkexnews.hk/listedco/listconews/sehk/2026/0327/2026032703354.pdf；StockAnalysis income_statement: https://stockanalysis.com/quote/hkg/1097/financials/；StockAnalysis balance_sheet: https://stockanalysis.com/quote/hkg/1097/financials/balance-sheet/
i-CABLE,i-CABLE Communications Limited,1097.HK,总债务,"1,843","2,277","2,724",millions HKD,三年财务表采用 StockAnalysis 对港股公告的标准化表格；回答正式结论时应优先引用官方年报/业绩公告复核关键数。,i-CABLE 2025年度业绩公告: https://www1.hkexnews.hk/listedco/listconews/sehk/2026/0327/2026032703354.pdf；StockAnalysis income_statement: https://stockanalysis.com/quote/hkg/1097/financials/；StockAnalysis balance_sheet: https://stockanalysis.com/quote/hkg/1097/financials/balance-sheet/
中国电信,China Telecom Corporation Limited,0728.HK,营业收入/收益,"513,551","523,569","523,925",millions CNY,三年财务表采用 StockAnalysis 对港股公告的标准化表格；回答正式结论时应优先引用官方年报/业绩公告复核关键数。,中国电信2026年第一季度报告: https://static.cninfo.com.cn/finalpage/2026-04-24/1225159634.PDF；中国电信2025年度业绩公告: https://www.chinatelecom-h.com/en/media/press/p260324.pdf；中国电信股息历史: https://www.chinatelecom-h.com/en/ir/dividend.php
中国电信,China Telecom Corporation Limited,0728.HK,收入同比增长,6.67%,1.95%,0.07%,millions CNY,三年财务表采用 StockAnalysis 对港股公告的标准化表格；回答正式结论时应优先引用官方年报/业绩公告复核关键数。,中国电信2026年第一季度报告: https://static.cninfo.com.cn/finalpage/2026-04-24/1225159634.PDF；中国电信2025年度业绩公告: https://www.chinatelecom-h.com/en/media/press/p260324.pdf；中国电信股息历史: https://www.chinatelecom-h.com/en/ir/dividend.php
中国电信,China Telecom Corporation Limited,0728.HK,毛利,"260,335","150,067","152,310",millions CNY,三年财务表采用 StockAnalysis 对港股公告的标准化表格；回答正式结论时应优先引用官方年报/业绩公告复核关键数。,中国电信2026年第一季度报告: https://static.cninfo.com.cn/finalpage/2026-04-24/1225159634.PDF；中国电信2025年度业绩公告: https://www.chinatelecom-h.com/en/media/press/p260324.pdf；中国电信股息历史: https://www.chinatelecom-h.com/en/ir/dividend.php
中国电信,China Telecom Corporation Limited,0728.HK,毛利率,50.69%,28.66%,29.07%,millions CNY,三年财务表采用 StockAnalysis 对港股公告的标准化表格；回答正式结论时应优先引用官方年报/业绩公告复核关键数。,中国电信2026年第一季度报告: https://static.cninfo.com.cn/finalpage/2026-04-24/1225159634.PDF；中国电信2025年度业绩公告: https://www.chinatelecom-h.com/en/media/press/p260324.pdf；中国电信股息历史: https://www.chinatelecom-h.com/en/ir/dividend.php
中国电信,China Telecom Corporation Limited,0728.HK,经营利润/营业利润,"37,128","39,117","40,325",millions CNY,三年财务表采用 StockAnalysis 对港股公告的标准化表格；回答正式结论时应优先引用官方年报/业绩公告复核关键数。,中国电信2026年第一季度报告: https://static.cninfo.com.cn/finalpage/2026-04-24/1225159634.PDF；中国电信2025年度业绩公告: https://www.chinatelecom-h.com/en/media/press/p260324.pdf；中国电信股息历史: https://www.chinatelecom-h.com/en/ir/dividend.php
中国电信,China Telecom Corporation Limited,0728.HK,经营利润率,7.23%,7.47%,7.70%,millions CNY,三年财务表采用 StockAnalysis 对港股公告的标准化表格；回答正式结论时应优先引用官方年报/业绩公告复核关键数。,中国电信2026年第一季度报告: https://static.cninfo.com.cn/finalpage/2026-04-24/1225159634.PDF；中国电信2025年度业绩公告: https://www.chinatelecom-h.com/en/media/press/p260324.pdf；中国电信股息历史: https://www.chinatelecom-h.com/en/ir/dividend.php
中国电信,China Telecom Corporation Limited,0728.HK,净利润/股东应占利润,"30,446","33,012","33,185",millions CNY,三年财务表采用 StockAnalysis 对港股公告的标准化表格；回答正式结论时应优先引用官方年报/业绩公告复核关键数。,中国电信2026年第一季度报告: https://static.cninfo.com.cn/finalpage/2026-04-24/1225159634.PDF；中国电信2025年度业绩公告: https://www.chinatelecom-h.com/en/media/press/p260324.pdf；中国电信股息历史: https://www.chinatelecom-h.com/en/ir/dividend.php
中国电信,China Telecom Corporation Limited,0728.HK,EBITDA,"112,362","123,998","119,803",millions CNY,三年财务表采用 StockAnalysis 对港股公告的标准化表格；回答正式结论时应优先引用官方年报/业绩公告复核关键数。,中国电信2026年第一季度报告: https://static.cninfo.com.cn/finalpage/2026-04-24/1225159634.PDF；中国电信2025年度业绩公告: https://www.chinatelecom-h.com/en/media/press/p260324.pdf；中国电信股息历史: https://www.chinatelecom-h.com/en/ir/dividend.php
中国电信,China Telecom Corporation Limited,0728.HK,EBITDA率,21.88%,23.68%,22.87%,millions CNY,三年财务表采用 StockAnalysis 对港股公告的标准化表格；回答正式结论时应优先引用官方年报/业绩公告复核关键数。,中国电信2026年第一季度报告: https://static.cninfo.com.cn/finalpage/2026-04-24/1225159634.PDF；中国电信2025年度业绩公告: https://www.chinatelecom-h.com/en/media/press/p260324.pdf；中国电信股息历史: https://www.chinatelecom-h.com/en/ir/dividend.php
中国电信,China Telecom Corporation Limited,0728.HK,经营现金流,"137,508","145,268","124,519",millions CNY,三年财务表采用 StockAnalysis 对港股公告的标准化表格；回答正式结论时应优先引用官方年报/业绩公告复核关键数。,中国电信2026年第一季度报告: https://static.cninfo.com.cn/finalpage/2026-04-24/1225159634.PDF；中国电信2025年度业绩公告: https://www.chinatelecom-h.com/en/media/press/p260324.pdf；中国电信股息历史: https://www.chinatelecom-h.com/en/ir/dividend.php
中国电信,China Telecom Corporation Limited,0728.HK,资本开支,"-89,866","-90,271","-73,148",millions CNY,三年财务表采用 StockAnalysis 对港股公告的标准化表格；回答正式结论时应优先引用官方年报/业绩公告复核关键数。,中国电信2026年第一季度报告: https://static.cninfo.com.cn/finalpage/2026-04-24/1225159634.PDF；中国电信2025年度业绩公告: https://www.chinatelecom-h.com/en/media/press/p260324.pdf；中国电信股息历史: https://www.chinatelecom-h.com/en/ir/dividend.php
中国电信,China Telecom Corporation Limited,0728.HK,自由现金流,"47,642","54,997","51,371",millions CNY,三年财务表采用 StockAnalysis 对港股公告的标准化表格；回答正式结论时应优先引用官方年报/业绩公告复核关键数。,中国电信2026年第一季度报告: https://static.cninfo.com.cn/finalpage/2026-04-24/1225159634.PDF；中国电信2025年度业绩公告: https://www.chinatelecom-h.com/en/media/press/p260324.pdf；中国电信股息历史: https://www.chinatelecom-h.com/en/ir/dividend.php
中国电信,China Telecom Corporation Limited,0728.HK,现金及等价物,"81,046","102,009","99,806",millions CNY,三年财务表采用 StockAnalysis 对港股公告的标准化表格；回答正式结论时应优先引用官方年报/业绩公告复核关键数。,中国电信2026年第一季度报告: https://static.cninfo.com.cn/finalpage/2026-04-24/1225159634.PDF；中国电信2025年度业绩公告: https://www.chinatelecom-h.com/en/media/press/p260324.pdf；中国电信股息历史: https://www.chinatelecom-h.com/en/ir/dividend.php
中国电信,China Telecom Corporation Limited,0728.HK,总资产,"835,814","866,625","870,644",millions CNY,三年财务表采用 StockAnalysis 对港股公告的标准化表格；回答正式结论时应优先引用官方年报/业绩公告复核关键数。,中国电信2026年第一季度报告: https://static.cninfo.com.cn/finalpage/2026-04-24/1225159634.PDF；中国电信2025年度业绩公告: https://www.chinatelecom-h.com/en/media/press/p260324.pdf；中国电信股息历史: https://www.chinatelecom-h.com/en/ir/dividend.php
中国电信,China Telecom Corporation Limited,0728.HK,总债务,"65,191","69,355","61,932",millions CNY,三年财务表采用 StockAnalysis 对港股公告的标准化表格；回答正式结论时应优先引用官方年报/业绩公告复核关键数。,中国电信2026年第一季度报告: https://static.cninfo.com.cn/finalpage/2026-04-24/1225159634.PDF；中国电信2025年度业绩公告: https://www.chinatelecom-h.com/en/media/press/p260324.pdf；中国电信股息历史: https://www.chinatelecom-h.com/en/ir/dividend.php
中国移动,China Mobile Limited,0941.HK,营业收入/收益,"1,009,309","1,040,759","1,050,187",millions CNY,三年财务表采用 StockAnalysis 对港股公告的标准化表格；回答正式结论时应优先引用官方年报/业绩公告复核关键数。,中国移动2026年第一季度报告: https://dataclouds.cninfo.com.cn/shgonggao/hsomarket/2026/20260420/c34d1cf7b4794bebb3f39acf8b598c4b.PDF；中国移动2025年度业绩公告: https://www.marketscreener.com/news/china-mobile-announces-2025-annual-results-ce7e51dadb88f020；中国移动股息历史: https://www.chinamobileltd.com/en/ir/dividend.php
中国移动,China Mobile Limited,0941.HK,收入同比增长,7.69%,3.12%,0.91%,millions CNY,三年财务表采用 StockAnalysis 对港股公告的标准化表格；回答正式结论时应优先引用官方年报/业绩公告复核关键数。,中国移动2026年第一季度报告: https://dataclouds.cninfo.com.cn/shgonggao/hsomarket/2026/20260420/c34d1cf7b4794bebb3f39acf8b598c4b.PDF；中国移动2025年度业绩公告: https://www.marketscreener.com/news/china-mobile-announces-2025-annual-results-ce7e51dadb88f020；中国移动股息历史: https://www.chinamobileltd.com/en/ir/dividend.php
中国移动,China Mobile Limited,0941.HK,毛利,"284,705","301,770","302,975",millions CNY,三年财务表采用 StockAnalysis 对港股公告的标准化表格；回答正式结论时应优先引用官方年报/业绩公告复核关键数。,中国移动2026年第一季度报告: https://dataclouds.cninfo.com.cn/shgonggao/hsomarket/2026/20260420/c34d1cf7b4794bebb3f39acf8b598c4b.PDF；中国移动2025年度业绩公告: https://www.marketscreener.com/news/china-mobile-announces-2025-annual-results-ce7e51dadb88f020；中国移动股息历史: https://www.chinamobileltd.com/en/ir/dividend.php
中国移动,China Mobile Limited,0941.HK,毛利率,28.21%,28.99%,28.85%,millions CNY,三年财务表采用 StockAnalysis 对港股公告的标准化表格；回答正式结论时应优先引用官方年报/业绩公告复核关键数。,中国移动2026年第一季度报告: https://dataclouds.cninfo.com.cn/shgonggao/hsomarket/2026/20260420/c34d1cf7b4794bebb3f39acf8b598c4b.PDF；中国移动2025年度业绩公告: https://www.marketscreener.com/news/china-mobile-announces-2025-annual-results-ce7e51dadb88f020；中国移动股息历史: https://www.chinamobileltd.com/en/ir/dividend.php
中国移动,China Mobile Limited,0941.HK,经营利润/营业利润,"139,349","144,155","149,230",millions CNY,三年财务表采用 StockAnalysis 对港股公告的标准化表格；回答正式结论时应优先引用官方年报/业绩公告复核关键数。,中国移动2026年第一季度报告: https://dataclouds.cninfo.com.cn/shgonggao/hsomarket/2026/20260420/c34d1cf7b4794bebb3f39acf8b598c4b.PDF；中国移动2025年度业绩公告: https://www.marketscreener.com/news/china-mobile-announces-2025-annual-results-ce7e51dadb88f020；中国移动股息历史: https://www.chinamobileltd.com/en/ir/dividend.php
中国移动,China Mobile Limited,0941.HK,经营利润率,13.81%,13.85%,14.21%,millions CNY,三年财务表采用 StockAnalysis 对港股公告的标准化表格；回答正式结论时应优先引用官方年报/业绩公告复核关键数。,中国移动2026年第一季度报告: https://dataclouds.cninfo.com.cn/shgonggao/hsomarket/2026/20260420/c34d1cf7b4794bebb3f39acf8b598c4b.PDF；中国移动2025年度业绩公告: https://www.marketscreener.com/news/china-mobile-announces-2025-annual-results-ce7e51dadb88f020；中国移动股息历史: https://www.chinamobileltd.com/en/ir/dividend.php
中国移动,China Mobile Limited,0941.HK,净利润/股东应占利润,"131,766","138,373","137,095",millions CNY,三年财务表采用 StockAnalysis 对港股公告的标准化表格；回答正式结论时应优先引用官方年报/业绩公告复核关键数。,中国移动2026年第一季度报告: https://dataclouds.cninfo.com.cn/shgonggao/hsomarket/2026/20260420/c34d1cf7b4794bebb3f39acf8b598c4b.PDF；中国移动2025年度业绩公告: https://www.marketscreener.com/news/china-mobile-announces-2025-annual-results-ce7e51dadb88f020；中国移动股息历史: https://www.chinamobileltd.com/en/ir/dividend.php
中国移动,China Mobile Limited,0941.HK,EBITDA,"346,481","335,256","295,216",millions CNY,三年财务表采用 StockAnalysis 对港股公告的标准化表格；回答正式结论时应优先引用官方年报/业绩公告复核关键数。,中国移动2026年第一季度报告: https://dataclouds.cninfo.com.cn/shgonggao/hsomarket/2026/20260420/c34d1cf7b4794bebb3f39acf8b598c4b.PDF；中国移动2025年度业绩公告: https://www.marketscreener.com/news/china-mobile-announces-2025-annual-results-ce7e51dadb88f020；中国移动股息历史: https://www.chinamobileltd.com/en/ir/dividend.php
中国移动,China Mobile Limited,0941.HK,EBITDA率,34.33%,32.21%,28.11%,millions CNY,三年财务表采用 StockAnalysis 对港股公告的标准化表格；回答正式结论时应优先引用官方年报/业绩公告复核关键数。,中国移动2026年第一季度报告: https://dataclouds.cninfo.com.cn/shgonggao/hsomarket/2026/20260420/c34d1cf7b4794bebb3f39acf8b598c4b.PDF；中国移动2025年度业绩公告: https://www.marketscreener.com/news/china-mobile-announces-2025-annual-results-ce7e51dadb88f020；中国移动股息历史: https://www.chinamobileltd.com/en/ir/dividend.php
中国移动,China Mobile Limited,0941.HK,经营现金流,"303,780","315,741","232,919",millions CNY,三年财务表采用 StockAnalysis 对港股公告的标准化表格；回答正式结论时应优先引用官方年报/业绩公告复核关键数。,中国移动2026年第一季度报告: https://dataclouds.cninfo.com.cn/shgonggao/hsomarket/2026/20260420/c34d1cf7b4794bebb3f39acf8b598c4b.PDF；中国移动2025年度业绩公告: https://www.marketscreener.com/news/china-mobile-announces-2025-annual-results-ce7e51dadb88f020；中国移动股息历史: https://www.chinamobileltd.com/en/ir/dividend.php
中国移动,China Mobile Limited,0941.HK,资本开支,"-181,263","-155,979","-156,951",millions CNY,三年财务表采用 StockAnalysis 对港股公告的标准化表格；回答正式结论时应优先引用官方年报/业绩公告复核关键数。,中国移动2026年第一季度报告: https://dataclouds.cninfo.com.cn/shgonggao/hsomarket/2026/20260420/c34d1cf7b4794bebb3f39acf8b598c4b.PDF；中国移动2025年度业绩公告: https://www.marketscreener.com/news/china-mobile-announces-2025-annual-results-ce7e51dadb88f020；中国移动股息历史: https://www.chinamobileltd.com/en/ir/dividend.php
中国移动,China Mobile Limited,0941.HK,自由现金流,"122,517","159,762","75,968",millions CNY,三年财务表采用 StockAnalysis 对港股公告的标准化表格；回答正式结论时应优先引用官方年报/业绩公告复核关键数。,中国移动2026年第一季度报告: https://dataclouds.cninfo.com.cn/shgonggao/hsomarket/2026/20260420/c34d1cf7b4794bebb3f39acf8b598c4b.PDF；中国移动2025年度业绩公告: https://www.marketscreener.com/news/china-mobile-announces-2025-annual-results-ce7e51dadb88f020；中国移动股息历史: https://www.chinamobileltd.com/en/ir/dividend.php
中国移动,China Mobile Limited,0941.HK,现金及等价物,"178,772","242,275","171,094",millions CNY,三年财务表采用 StockAnalysis 对港股公告的标准化表格；回答正式结论时应优先引用官方年报/业绩公告复核关键数。,中国移动2026年第一季度报告: https://dataclouds.cninfo.com.cn/shgonggao/hsomarket/2026/20260420/c34d1cf7b4794bebb3f39acf8b598c4b.PDF；中国移动2025年度业绩公告: https://www.marketscreener.com/news/china-mobile-announces-2025-annual-results-ce7e51dadb88f020；中国移动股息历史: https://www.chinamobileltd.com/en/ir/dividend.php
中国移动,China Mobile Limited,0941.HK,总资产,"1,957,357","2,072,827","2,092,882",millions CNY,三年财务表采用 StockAnalysis 对港股公告的标准化表格；回答正式结论时应优先引用官方年报/业绩公告复核关键数。,中国移动2026年第一季度报告: https://dataclouds.cninfo.com.cn/shgonggao/hsomarket/2026/20260420/c34d1cf7b4794bebb3f39acf8b598c4b.PDF；中国移动2025年度业绩公告: https://www.marketscreener.com/news/china-mobile-announces-2025-annual-results-ce7e51dadb88f020；中国移动股息历史: https://www.chinamobileltd.com/en/ir/dividend.php
中国移动,China Mobile Limited,0941.HK,总债务,"102,934","88,442","101,197",millions CNY,三年财务表采用 StockAnalysis 对港股公告的标准化表格；回答正式结论时应优先引用官方年报/业绩公告复核关键数。,中国移动2026年第一季度报告: https://dataclouds.cninfo.com.cn/shgonggao/hsomarket/2026/20260420/c34d1cf7b4794bebb3f39acf8b598c4b.PDF；中国移动2025年度业绩公告: https://www.marketscreener.com/news/china-mobile-announces-2025-annual-results-ce7e51dadb88f020；中国移动股息历史: https://www.chinamobileltd.com/en/ir/dividend.php
中国联通,China Unicom (Hong Kong) Limited,0762.HK,营业收入/收益,"372,597","389,589","392,223",millions CNY,三年财务表采用 StockAnalysis 对港股公告的标准化表格；回答正式结论时应优先引用官方年报/业绩公告复核关键数。,中国联通2026年一季度FAQ: https://www.chinaunicom.com.hk/en/ir/faq.php；中国联通2025年度业绩公告: https://www.chinaunicom.com.hk/en/media/press/p260319.pdf；中国联通股息历史: https://www.chinaunicom.com.hk/en/ir/dividend.php
中国联通,China Unicom (Hong Kong) Limited,0762.HK,收入同比增长,4.97%,4.56%,0.68%,millions CNY,三年财务表采用 StockAnalysis 对港股公告的标准化表格；回答正式结论时应优先引用官方年报/业绩公告复核关键数。,中国联通2026年一季度FAQ: https://www.chinaunicom.com.hk/en/ir/faq.php；中国联通2025年度业绩公告: https://www.chinaunicom.com.hk/en/media/press/p260319.pdf；中国联通股息历史: https://www.chinaunicom.com.hk/en/ir/dividend.php
中国联通,China Unicom (Hong Kong) Limited,0762.HK,毛利,"211,398","217,153","216,463",millions CNY,三年财务表采用 StockAnalysis 对港股公告的标准化表格；回答正式结论时应优先引用官方年报/业绩公告复核关键数。,中国联通2026年一季度FAQ: https://www.chinaunicom.com.hk/en/ir/faq.php；中国联通2025年度业绩公告: https://www.chinaunicom.com.hk/en/media/press/p260319.pdf；中国联通股息历史: https://www.chinaunicom.com.hk/en/ir/dividend.php
中国联通,China Unicom (Hong Kong) Limited,0762.HK,毛利率,56.74%,55.74%,55.19%,millions CNY,三年财务表采用 StockAnalysis 对港股公告的标准化表格；回答正式结论时应优先引用官方年报/业绩公告复核关键数。,中国联通2026年一季度FAQ: https://www.chinaunicom.com.hk/en/ir/faq.php；中国联通2025年度业绩公告: https://www.chinaunicom.com.hk/en/media/press/p260319.pdf；中国联通股息历史: https://www.chinaunicom.com.hk/en/ir/dividend.php
中国联通,China Unicom (Hong Kong) Limited,0762.HK,经营利润/营业利润,"16,146","13,206","15,897",millions CNY,三年财务表采用 StockAnalysis 对港股公告的标准化表格；回答正式结论时应优先引用官方年报/业绩公告复核关键数。,中国联通2026年一季度FAQ: https://www.chinaunicom.com.hk/en/ir/faq.php；中国联通2025年度业绩公告: https://www.chinaunicom.com.hk/en/media/press/p260319.pdf；中国联通股息历史: https://www.chinaunicom.com.hk/en/ir/dividend.php
中国联通,China Unicom (Hong Kong) Limited,0762.HK,经营利润率,4.33%,3.39%,4.05%,millions CNY,三年财务表采用 StockAnalysis 对港股公告的标准化表格；回答正式结论时应优先引用官方年报/业绩公告复核关键数。,中国联通2026年一季度FAQ: https://www.chinaunicom.com.hk/en/ir/faq.php；中国联通2025年度业绩公告: https://www.chinaunicom.com.hk/en/media/press/p260319.pdf；中国联通股息历史: https://www.chinaunicom.com.hk/en/ir/dividend.php
中国联通,China Unicom (Hong Kong) Limited,0762.HK,净利润/股东应占利润,"18,726","20,613","20,816",millions CNY,三年财务表采用 StockAnalysis 对港股公告的标准化表格；回答正式结论时应优先引用官方年报/业绩公告复核关键数。,中国联通2026年一季度FAQ: https://www.chinaunicom.com.hk/en/ir/faq.php；中国联通2025年度业绩公告: https://www.chinaunicom.com.hk/en/media/press/p260319.pdf；中国联通股息历史: https://www.chinaunicom.com.hk/en/ir/dividend.php
中国联通,China Unicom (Hong Kong) Limited,0762.HK,EBITDA,"84,122","79,494","80,522",millions CNY,三年财务表采用 StockAnalysis 对港股公告的标准化表格；回答正式结论时应优先引用官方年报/业绩公告复核关键数。,中国联通2026年一季度FAQ: https://www.chinaunicom.com.hk/en/ir/faq.php；中国联通2025年度业绩公告: https://www.chinaunicom.com.hk/en/media/press/p260319.pdf；中国联通股息历史: https://www.chinaunicom.com.hk/en/ir/dividend.php
中国联通,China Unicom (Hong Kong) Limited,0762.HK,EBITDA率,22.58%,20.40%,20.53%,millions CNY,三年财务表采用 StockAnalysis 对港股公告的标准化表格；回答正式结论时应优先引用官方年报/业绩公告复核关键数。,中国联通2026年一季度FAQ: https://www.chinaunicom.com.hk/en/ir/faq.php；中国联通2025年度业绩公告: https://www.chinaunicom.com.hk/en/media/press/p260319.pdf；中国联通股息历史: https://www.chinaunicom.com.hk/en/ir/dividend.php
中国联通,China Unicom (Hong Kong) Limited,0762.HK,经营现金流,"102,391","89,402","90,175",millions CNY,三年财务表采用 StockAnalysis 对港股公告的标准化表格；回答正式结论时应优先引用官方年报/业绩公告复核关键数。,中国联通2026年一季度FAQ: https://www.chinaunicom.com.hk/en/ir/faq.php；中国联通2025年度业绩公告: https://www.chinaunicom.com.hk/en/media/press/p260319.pdf；中国联通股息历史: https://www.chinaunicom.com.hk/en/ir/dividend.php
中国联通,China Unicom (Hong Kong) Limited,0762.HK,资本开支,"-79,375","-75,740","-67,641",millions CNY,三年财务表采用 StockAnalysis 对港股公告的标准化表格；回答正式结论时应优先引用官方年报/业绩公告复核关键数。,中国联通2026年一季度FAQ: https://www.chinaunicom.com.hk/en/ir/faq.php；中国联通2025年度业绩公告: https://www.chinaunicom.com.hk/en/media/press/p260319.pdf；中国联通股息历史: https://www.chinaunicom.com.hk/en/ir/dividend.php
中国联通,China Unicom (Hong Kong) Limited,0762.HK,自由现金流,"23,016","13,662","22,534",millions CNY,三年财务表采用 StockAnalysis 对港股公告的标准化表格；回答正式结论时应优先引用官方年报/业绩公告复核关键数。,中国联通2026年一季度FAQ: https://www.chinaunicom.com.hk/en/ir/faq.php；中国联通2025年度业绩公告: https://www.chinaunicom.com.hk/en/media/press/p260319.pdf；中国联通股息历史: https://www.chinaunicom.com.hk/en/ir/dividend.php
中国联通,China Unicom (Hong Kong) Limited,0762.HK,现金及等价物,"47,733","28,480","25,109",millions CNY,三年财务表采用 StockAnalysis 对港股公告的标准化表格；回答正式结论时应优先引用官方年报/业绩公告复核关键数。,中国联通2026年一季度FAQ: https://www.chinaunicom.com.hk/en/ir/faq.php；中国联通2025年度业绩公告: https://www.chinaunicom.com.hk/en/media/press/p260319.pdf；中国联通股息历史: https://www.chinaunicom.com.hk/en/ir/dividend.php
中国联通,China Unicom (Hong Kong) Limited,0762.HK,总资产,"661,051","671,237","669,618",millions CNY,三年财务表采用 StockAnalysis 对港股公告的标准化表格；回答正式结论时应优先引用官方年报/业绩公告复核关键数。,中国联通2026年一季度FAQ: https://www.chinaunicom.com.hk/en/ir/faq.php；中国联通2025年度业绩公告: https://www.chinaunicom.com.hk/en/media/press/p260319.pdf；中国联通股息历史: https://www.chinaunicom.com.hk/en/ir/dividend.php
中国联通,China Unicom (Hong Kong) Limited,0762.HK,总债务,"46,425","41,207","34,087",millions CNY,三年财务表采用 StockAnalysis 对港股公告的标准化表格；回答正式结论时应优先引用官方年报/业绩公告复核关键数。,中国联通2026年一季度FAQ: https://www.chinaunicom.com.hk/en/ir/faq.php；中国联通2025年度业绩公告: https://www.chinaunicom.com.hk/en/media/press/p260319.pdf；中国联通股息历史: https://www.chinaunicom.com.hk/en/ir/dividend.php
中国铁塔,China Tower Corporation Limited,0788.HK,营业收入/收益,"94,009","97,772","100,411",millions CNY,三年财务表采用 StockAnalysis 对港股公告的标准化表格；回答正式结论时应优先引用官方年报/业绩公告复核关键数。,中国铁塔2026年第一季度未经审核KPI: https://ir.china-tower.com/en/global/home.php；中国铁塔2025年度业绩演示: https://ir.china-tower.com/en/ir/presentation/pre260318.pdf；中国铁塔2025业绩新闻稿: https://www.china-tower.com/Index/show/catid/17/id/1648.html
中国铁塔,China Tower Corporation Limited,0788.HK,收入同比增长,1.99%,4.00%,2.70%,millions CNY,三年财务表采用 StockAnalysis 对港股公告的标准化表格；回答正式结论时应优先引用官方年报/业绩公告复核关键数。,中国铁塔2026年第一季度未经审核KPI: https://ir.china-tower.com/en/global/home.php；中国铁塔2025年度业绩演示: https://ir.china-tower.com/en/ir/presentation/pre260318.pdf；中国铁塔2025业绩新闻稿: https://www.china-tower.com/Index/show/catid/17/id/1648.html
中国铁塔,China Tower Corporation Limited,0788.HK,毛利,"77,757","81,207","83,231",millions CNY,三年财务表采用 StockAnalysis 对港股公告的标准化表格；回答正式结论时应优先引用官方年报/业绩公告复核关键数。,中国铁塔2026年第一季度未经审核KPI: https://ir.china-tower.com/en/global/home.php；中国铁塔2025年度业绩演示: https://ir.china-tower.com/en/ir/presentation/pre260318.pdf；中国铁塔2025业绩新闻稿: https://www.china-tower.com/Index/show/catid/17/id/1648.html
中国铁塔,China Tower Corporation Limited,0788.HK,毛利率,82.71%,83.06%,82.89%,millions CNY,三年财务表采用 StockAnalysis 对港股公告的标准化表格；回答正式结论时应优先引用官方年报/业绩公告复核关键数。,中国铁塔2026年第一季度未经审核KPI: https://ir.china-tower.com/en/global/home.php；中国铁塔2025年度业绩演示: https://ir.china-tower.com/en/ir/presentation/pre260318.pdf；中国铁塔2025业绩新闻稿: https://www.china-tower.com/Index/show/catid/17/id/1648.html
中国铁塔,China Tower Corporation Limited,0788.HK,经营利润/营业利润,"14,898","15,804","17,187",millions CNY,三年财务表采用 StockAnalysis 对港股公告的标准化表格；回答正式结论时应优先引用官方年报/业绩公告复核关键数。,中国铁塔2026年第一季度未经审核KPI: https://ir.china-tower.com/en/global/home.php；中国铁塔2025年度业绩演示: https://ir.china-tower.com/en/ir/presentation/pre260318.pdf；中国铁塔2025业绩新闻稿: https://www.china-tower.com/Index/show/catid/17/id/1648.html
中国铁塔,China Tower Corporation Limited,0788.HK,经营利润率,15.85%,16.16%,17.12%,millions CNY,三年财务表采用 StockAnalysis 对港股公告的标准化表格；回答正式结论时应优先引用官方年报/业绩公告复核关键数。,中国铁塔2026年第一季度未经审核KPI: https://ir.china-tower.com/en/global/home.php；中国铁塔2025年度业绩演示: https://ir.china-tower.com/en/ir/presentation/pre260318.pdf；中国铁塔2025业绩新闻稿: https://www.china-tower.com/Index/show/catid/17/id/1648.html
中国铁塔,China Tower Corporation Limited,0788.HK,净利润/股东应占利润,"9,750","10,729","11,630",millions CNY,三年财务表采用 StockAnalysis 对港股公告的标准化表格；回答正式结论时应优先引用官方年报/业绩公告复核关键数。,中国铁塔2026年第一季度未经审核KPI: https://ir.china-tower.com/en/global/home.php；中国铁塔2025年度业绩演示: https://ir.china-tower.com/en/ir/presentation/pre260318.pdf；中国铁塔2025业绩新闻稿: https://www.china-tower.com/Index/show/catid/17/id/1648.html
中国铁塔,China Tower Corporation Limited,0788.HK,EBITDA,"52,513","54,646","54,676",millions CNY,三年财务表采用 StockAnalysis 对港股公告的标准化表格；回答正式结论时应优先引用官方年报/业绩公告复核关键数。,中国铁塔2026年第一季度未经审核KPI: https://ir.china-tower.com/en/global/home.php；中国铁塔2025年度业绩演示: https://ir.china-tower.com/en/ir/presentation/pre260318.pdf；中国铁塔2025业绩新闻稿: https://www.china-tower.com/Index/show/catid/17/id/1648.html
中国铁塔,China Tower Corporation Limited,0788.HK,EBITDA率,55.86%,55.89%,54.45%,millions CNY,三年财务表采用 StockAnalysis 对港股公告的标准化表格；回答正式结论时应优先引用官方年报/业绩公告复核关键数。,中国铁塔2026年第一季度未经审核KPI: https://ir.china-tower.com/en/global/home.php；中国铁塔2025年度业绩演示: https://ir.china-tower.com/en/ir/presentation/pre260318.pdf；中国铁塔2025业绩新闻稿: https://www.china-tower.com/Index/show/catid/17/id/1648.html
中国铁塔,China Tower Corporation Limited,0788.HK,经营现金流,"32,840","49,468","56,116",millions CNY,三年财务表采用 StockAnalysis 对港股公告的标准化表格；回答正式结论时应优先引用官方年报/业绩公告复核关键数。,中国铁塔2026年第一季度未经审核KPI: https://ir.china-tower.com/en/global/home.php；中国铁塔2025年度业绩演示: https://ir.china-tower.com/en/ir/presentation/pre260318.pdf；中国铁塔2025业绩新闻稿: https://www.china-tower.com/Index/show/catid/17/id/1648.html
中国铁塔,China Tower Corporation Limited,0788.HK,资本开支,"-33,464","-29,783","-30,510",millions CNY,三年财务表采用 StockAnalysis 对港股公告的标准化表格；回答正式结论时应优先引用官方年报/业绩公告复核关键数。,中国铁塔2026年第一季度未经审核KPI: https://ir.china-tower.com/en/global/home.php；中国铁塔2025年度业绩演示: https://ir.china-tower.com/en/ir/presentation/pre260318.pdf；中国铁塔2025业绩新闻稿: https://www.china-tower.com/Index/show/catid/17/id/1648.html
中国铁塔,China Tower Corporation Limited,0788.HK,自由现金流,-624,"19,685","25,606",millions CNY,三年财务表采用 StockAnalysis 对港股公告的标准化表格；回答正式结论时应优先引用官方年报/业绩公告复核关键数。,中国铁塔2026年第一季度未经审核KPI: https://ir.china-tower.com/en/global/home.php；中国铁塔2025年度业绩演示: https://ir.china-tower.com/en/ir/presentation/pre260318.pdf；中国铁塔2025业绩新闻稿: https://www.china-tower.com/Index/show/catid/17/id/1648.html
中国铁塔,China Tower Corporation Limited,0788.HK,现金及等价物,"3,955","2,598","12,312",millions CNY,三年财务表采用 StockAnalysis 对港股公告的标准化表格；回答正式结论时应优先引用官方年报/业绩公告复核关键数。,中国铁塔2026年第一季度未经审核KPI: https://ir.china-tower.com/en/global/home.php；中国铁塔2025年度业绩演示: https://ir.china-tower.com/en/ir/presentation/pre260318.pdf；中国铁塔2025业绩新闻稿: https://www.china-tower.com/Index/show/catid/17/id/1648.html
中国铁塔,China Tower Corporation Limited,0788.HK,总资产,"326,007","332,834","336,579",millions CNY,三年财务表采用 StockAnalysis 对港股公告的标准化表格；回答正式结论时应优先引用官方年报/业绩公告复核关键数。,中国铁塔2026年第一季度未经审核KPI: https://ir.china-tower.com/en/global/home.php；中国铁塔2025年度业绩演示: https://ir.china-tower.com/en/ir/presentation/pre260318.pdf；中国铁塔2025业绩新闻稿: https://www.china-tower.com/Index/show/catid/17/id/1648.html
中国铁塔,China Tower Corporation Limited,0788.HK,总债务,"94,626","92,542","90,460",millions CNY,三年财务表采用 StockAnalysis 对港股公告的标准化表格；回答正式结论时应优先引用官方年报/业绩公告复核关键数。,中国铁塔2026年第一季度未经审核KPI: https://ir.china-tower.com/en/global/home.php；中国铁塔2025年度业绩演示: https://ir.china-tower.com/en/ir/presentation/pre260318.pdf；中国铁塔2025业绩新闻稿: https://www.china-tower.com/Index/show/catid/17/id/1648.html
