subject,metric_key,metric_zh,year,local_value,status,source_kind,online_metric,online_value,note,source_url
中国移动,revenue,营业收入/收益,2023,"1,009,309",ok,income,Revenue,1009309,diff=0.0,https://stockanalysis.com/quote/hkg/0941/financials/
中国移动,revenue,营业收入/收益,2024,"1,040,759",ok,income,Revenue,1040759,diff=0.0,https://stockanalysis.com/quote/hkg/0941/financials/
中国移动,revenue,营业收入/收益,2025,"1,050,187",ok,income,Revenue,1050187,diff=0.0,https://stockanalysis.com/quote/hkg/0941/financials/
中国移动,revenue_growth_yoy,收入同比增长,2023,7.69%,ok,income,Revenue Growth (YoY),7.69%,diff=0.0,https://stockanalysis.com/quote/hkg/0941/financials/
中国移动,revenue_growth_yoy,收入同比增长,2024,3.12%,ok,income,Revenue Growth (YoY),3.12%,diff=0.0,https://stockanalysis.com/quote/hkg/0941/financials/
中国移动,revenue_growth_yoy,收入同比增长,2025,0.91%,ok,income,Revenue Growth (YoY),0.91%,diff=0.0,https://stockanalysis.com/quote/hkg/0941/financials/
中国移动,gross_profit,毛利,2023,"284,705",ok,income,Gross Profit,284705,diff=0.0,https://stockanalysis.com/quote/hkg/0941/financials/
中国移动,gross_profit,毛利,2024,"301,770",ok,income,Gross Profit,301770,diff=0.0,https://stockanalysis.com/quote/hkg/0941/financials/
中国移动,gross_profit,毛利,2025,"302,975",ok,income,Gross Profit,302975,diff=0.0,https://stockanalysis.com/quote/hkg/0941/financials/
中国移动,gross_margin,毛利率,2023,28.21%,ok,income,Gross Margin,28.21%,diff=0.0,https://stockanalysis.com/quote/hkg/0941/financials/
中国移动,gross_margin,毛利率,2024,28.99%,ok,income,Gross Margin,28.99%,diff=0.0,https://stockanalysis.com/quote/hkg/0941/financials/
中国移动,gross_margin,毛利率,2025,28.85%,ok,income,Gross Margin,28.85%,diff=0.0,https://stockanalysis.com/quote/hkg/0941/financials/
中国移动,operating_income,经营利润/营业利润,2023,"139,349",ok,income,Operating Income,139349,diff=0.0,https://stockanalysis.com/quote/hkg/0941/financials/
中国移动,operating_income,经营利润/营业利润,2024,"144,155",ok,income,Operating Income,144155,diff=0.0,https://stockanalysis.com/quote/hkg/0941/financials/
中国移动,operating_income,经营利润/营业利润,2025,"149,230",ok,income,Operating Income,149230,diff=0.0,https://stockanalysis.com/quote/hkg/0941/financials/
中国移动,operating_margin,经营利润率,2023,13.81%,ok,income,Operating Margin,13.81%,diff=0.0,https://stockanalysis.com/quote/hkg/0941/financials/
中国移动,operating_margin,经营利润率,2024,13.85%,ok,income,Operating Margin,13.85%,diff=0.0,https://stockanalysis.com/quote/hkg/0941/financials/
中国移动,operating_margin,经营利润率,2025,14.21%,ok,income,Operating Margin,14.21%,diff=0.0,https://stockanalysis.com/quote/hkg/0941/financials/
中国移动,net_income,净利润/股东应占利润,2023,"131,766",ok,income,Net Income,131766,diff=0.0,https://stockanalysis.com/quote/hkg/0941/financials/
中国移动,net_income,净利润/股东应占利润,2024,"138,373",ok,income,Net Income,138373,diff=0.0,https://stockanalysis.com/quote/hkg/0941/financials/
中国移动,net_income,净利润/股东应占利润,2025,"137,095",ok,income,Net Income,137095,diff=0.0,https://stockanalysis.com/quote/hkg/0941/financials/
中国移动,ebitda,EBITDA,2023,"346,481",ok,income,EBITDA,346481,diff=0.0,https://stockanalysis.com/quote/hkg/0941/financials/
中国移动,ebitda,EBITDA,2024,"335,256",ok,income,EBITDA,335256,diff=0.0,https://stockanalysis.com/quote/hkg/0941/financials/
中国移动,ebitda,EBITDA,2025,"295,216",ok,income,EBITDA,295216,diff=0.0,https://stockanalysis.com/quote/hkg/0941/financials/
中国移动,ebitda_margin,EBITDA率,2023,34.33%,ok,income_derived,EBITDA / Revenue,34.33%,EBITDA=346481; Revenue=1009309; diff=0.0,https://stockanalysis.com/quote/hkg/0941/financials/
中国移动,ebitda_margin,EBITDA率,2024,32.21%,ok,income_derived,EBITDA / Revenue,32.21%,EBITDA=335256; Revenue=1040759; diff=0.0,https://stockanalysis.com/quote/hkg/0941/financials/
中国移动,ebitda_margin,EBITDA率,2025,28.11%,ok,income_derived,EBITDA / Revenue,28.11%,EBITDA=295216; Revenue=1050187; diff=0.0,https://stockanalysis.com/quote/hkg/0941/financials/
中国移动,operating_cash_flow,经营现金流,2023,"303,780",ok,cashflow,Operating Cash Flow,303780,diff=0.0,https://stockanalysis.com/quote/hkg/0941/financials/cash-flow-statement/
中国移动,operating_cash_flow,经营现金流,2024,"315,741",ok,cashflow,Operating Cash Flow,315741,diff=0.0,https://stockanalysis.com/quote/hkg/0941/financials/cash-flow-statement/
中国移动,operating_cash_flow,经营现金流,2025,"232,919",ok,cashflow,Operating Cash Flow,232919,diff=0.0,https://stockanalysis.com/quote/hkg/0941/financials/cash-flow-statement/
中国移动,capital_expenditures,资本开支,2023,"-181,263",ok,cashflow,Capital Expenditures,-181263,diff=0.0,https://stockanalysis.com/quote/hkg/0941/financials/cash-flow-statement/
中国移动,capital_expenditures,资本开支,2024,"-155,979",ok,cashflow,Capital Expenditures,-155979,diff=0.0,https://stockanalysis.com/quote/hkg/0941/financials/cash-flow-statement/
中国移动,capital_expenditures,资本开支,2025,"-156,951",ok,cashflow,Capital Expenditures,-156951,diff=0.0,https://stockanalysis.com/quote/hkg/0941/financials/cash-flow-statement/
中国移动,free_cash_flow,自由现金流,2023,"122,517",ok,income,Free Cash Flow,122517,diff=0.0,https://stockanalysis.com/quote/hkg/0941/financials/
中国移动,free_cash_flow,自由现金流,2024,"159,762",ok,income,Free Cash Flow,159762,diff=0.0,https://stockanalysis.com/quote/hkg/0941/financials/
中国移动,free_cash_flow,自由现金流,2025,"75,968",ok,income,Free Cash Flow,75968,diff=0.0,https://stockanalysis.com/quote/hkg/0941/financials/
中国移动,cash_and_equivalents,现金及等价物,2023,"178,772",ok,balance,Cash & Equivalents,178772,diff=0.0,https://stockanalysis.com/quote/hkg/0941/financials/balance-sheet/
中国移动,cash_and_equivalents,现金及等价物,2024,"242,275",ok,balance,Cash & Equivalents,242275,diff=0.0,https://stockanalysis.com/quote/hkg/0941/financials/balance-sheet/
中国移动,cash_and_equivalents,现金及等价物,2025,"171,094",ok,balance,Cash & Equivalents,171094,diff=0.0,https://stockanalysis.com/quote/hkg/0941/financials/balance-sheet/
中国移动,total_assets,总资产,2023,"1,957,357",ok,balance,Total Assets,1957357,diff=0.0,https://stockanalysis.com/quote/hkg/0941/financials/balance-sheet/
中国移动,total_assets,总资产,2024,"2,072,827",ok,balance,Total Assets,2072827,diff=0.0,https://stockanalysis.com/quote/hkg/0941/financials/balance-sheet/
中国移动,total_assets,总资产,2025,"2,092,882",ok,balance,Total Assets,2092882,diff=0.0,https://stockanalysis.com/quote/hkg/0941/financials/balance-sheet/
中国移动,total_debt,总债务,2023,"102,934",ok,balance,Total Debt,102934,diff=0.0,https://stockanalysis.com/quote/hkg/0941/financials/balance-sheet/
中国移动,total_debt,总债务,2024,"88,442",ok,balance,Total Debt,88442,diff=0.0,https://stockanalysis.com/quote/hkg/0941/financials/balance-sheet/
中国移动,total_debt,总债务,2025,"101,197",ok,balance,Total Debt,101197,diff=0.0,https://stockanalysis.com/quote/hkg/0941/financials/balance-sheet/
中国电信,revenue,营业收入/收益,2023,"513,551",ok,income,Revenue,513551,diff=0.0,https://stockanalysis.com/quote/hkg/0728/financials/
中国电信,revenue,营业收入/收益,2024,"523,569",ok,income,Revenue,523569,diff=0.0,https://stockanalysis.com/quote/hkg/0728/financials/
中国电信,revenue,营业收入/收益,2025,"523,925",ok,income,Revenue,523925,diff=0.0,https://stockanalysis.com/quote/hkg/0728/financials/
中国电信,revenue_growth_yoy,收入同比增长,2023,6.67%,ok,income,Revenue Growth (YoY),6.67%,diff=0.0,https://stockanalysis.com/quote/hkg/0728/financials/
中国电信,revenue_growth_yoy,收入同比增长,2024,1.95%,ok,income,Revenue Growth (YoY),1.95%,diff=0.0,https://stockanalysis.com/quote/hkg/0728/financials/
中国电信,revenue_growth_yoy,收入同比增长,2025,0.07%,ok,income,Revenue Growth (YoY),0.07%,diff=0.0,https://stockanalysis.com/quote/hkg/0728/financials/
中国电信,gross_profit,毛利,2023,"260,335",ok,income,Gross Profit,260335,diff=0.0,https://stockanalysis.com/quote/hkg/0728/financials/
中国电信,gross_profit,毛利,2024,"150,067",ok,income,Gross Profit,150067,diff=0.0,https://stockanalysis.com/quote/hkg/0728/financials/
中国电信,gross_profit,毛利,2025,"152,310",ok,income,Gross Profit,152310,diff=0.0,https://stockanalysis.com/quote/hkg/0728/financials/
中国电信,gross_margin,毛利率,2023,50.69%,ok,income,Gross Margin,50.69%,diff=0.0,https://stockanalysis.com/quote/hkg/0728/financials/
中国电信,gross_margin,毛利率,2024,28.66%,ok,income,Gross Margin,28.66%,diff=0.0,https://stockanalysis.com/quote/hkg/0728/financials/
中国电信,gross_margin,毛利率,2025,29.07%,ok,income,Gross Margin,29.07%,diff=0.0,https://stockanalysis.com/quote/hkg/0728/financials/
中国电信,operating_income,经营利润/营业利润,2023,"37,128",ok,income,Operating Income,37128,diff=0.0,https://stockanalysis.com/quote/hkg/0728/financials/
中国电信,operating_income,经营利润/营业利润,2024,"39,117",ok,income,Operating Income,39117,diff=0.0,https://stockanalysis.com/quote/hkg/0728/financials/
中国电信,operating_income,经营利润/营业利润,2025,"40,325",ok,income,Operating Income,40325,diff=0.0,https://stockanalysis.com/quote/hkg/0728/financials/
中国电信,operating_margin,经营利润率,2023,7.23%,ok,income,Operating Margin,7.23%,diff=0.0,https://stockanalysis.com/quote/hkg/0728/financials/
中国电信,operating_margin,经营利润率,2024,7.47%,ok,income,Operating Margin,7.47%,diff=0.0,https://stockanalysis.com/quote/hkg/0728/financials/
中国电信,operating_margin,经营利润率,2025,7.70%,ok,income,Operating Margin,7.70%,diff=0.0,https://stockanalysis.com/quote/hkg/0728/financials/
中国电信,net_income,净利润/股东应占利润,2023,"30,446",ok,income,Net Income,30446,diff=0.0,https://stockanalysis.com/quote/hkg/0728/financials/
中国电信,net_income,净利润/股东应占利润,2024,"33,012",ok,income,Net Income,33012,diff=0.0,https://stockanalysis.com/quote/hkg/0728/financials/
中国电信,net_income,净利润/股东应占利润,2025,"33,185",ok,income,Net Income,33185,diff=0.0,https://stockanalysis.com/quote/hkg/0728/financials/
中国电信,ebitda,EBITDA,2023,"112,362",ok,income,EBITDA,112362,diff=0.0,https://stockanalysis.com/quote/hkg/0728/financials/
中国电信,ebitda,EBITDA,2024,"123,998",ok,income,EBITDA,123998,diff=0.0,https://stockanalysis.com/quote/hkg/0728/financials/
中国电信,ebitda,EBITDA,2025,"119,803",ok,income,EBITDA,119803,diff=0.0,https://stockanalysis.com/quote/hkg/0728/financials/
中国电信,ebitda_margin,EBITDA率,2023,21.88%,ok,income_derived,EBITDA / Revenue,21.88%,EBITDA=112362; Revenue=513551; diff=0.0,https://stockanalysis.com/quote/hkg/0728/financials/
中国电信,ebitda_margin,EBITDA率,2024,23.68%,ok,income_derived,EBITDA / Revenue,23.68%,EBITDA=123998; Revenue=523569; diff=0.0,https://stockanalysis.com/quote/hkg/0728/financials/
中国电信,ebitda_margin,EBITDA率,2025,22.87%,ok,income_derived,EBITDA / Revenue,22.87%,EBITDA=119803; Revenue=523925; diff=0.0,https://stockanalysis.com/quote/hkg/0728/financials/
中国电信,operating_cash_flow,经营现金流,2023,"137,508",ok,cashflow,Operating Cash Flow,137508,diff=0.0,https://stockanalysis.com/quote/hkg/0728/financials/cash-flow-statement/
中国电信,operating_cash_flow,经营现金流,2024,"145,268",ok,cashflow,Operating Cash Flow,145268,diff=0.0,https://stockanalysis.com/quote/hkg/0728/financials/cash-flow-statement/
中国电信,operating_cash_flow,经营现金流,2025,"124,519",ok,cashflow,Operating Cash Flow,124519,diff=0.0,https://stockanalysis.com/quote/hkg/0728/financials/cash-flow-statement/
中国电信,capital_expenditures,资本开支,2023,"-89,866",ok,cashflow,Capital Expenditures,-89866,diff=0.0,https://stockanalysis.com/quote/hkg/0728/financials/cash-flow-statement/
中国电信,capital_expenditures,资本开支,2024,"-90,271",ok,cashflow,Capital Expenditures,-90271,diff=0.0,https://stockanalysis.com/quote/hkg/0728/financials/cash-flow-statement/
中国电信,capital_expenditures,资本开支,2025,"-73,148",ok,cashflow,Capital Expenditures,-73148,diff=0.0,https://stockanalysis.com/quote/hkg/0728/financials/cash-flow-statement/
中国电信,free_cash_flow,自由现金流,2023,"47,642",ok,income,Free Cash Flow,47642,diff=0.0,https://stockanalysis.com/quote/hkg/0728/financials/
中国电信,free_cash_flow,自由现金流,2024,"54,997",ok,income,Free Cash Flow,54997,diff=0.0,https://stockanalysis.com/quote/hkg/0728/financials/
中国电信,free_cash_flow,自由现金流,2025,"51,371",ok,income,Free Cash Flow,51371,diff=0.0,https://stockanalysis.com/quote/hkg/0728/financials/
中国电信,cash_and_equivalents,现金及等价物,2023,"81,046",ok,balance,Cash & Equivalents,81046,diff=0.0,https://stockanalysis.com/quote/hkg/0728/financials/balance-sheet/
中国电信,cash_and_equivalents,现金及等价物,2024,"102,009",ok,balance,Cash & Equivalents,102009,diff=0.0,https://stockanalysis.com/quote/hkg/0728/financials/balance-sheet/
中国电信,cash_and_equivalents,现金及等价物,2025,"99,806",ok,balance,Cash & Equivalents,99806,diff=0.0,https://stockanalysis.com/quote/hkg/0728/financials/balance-sheet/
中国电信,total_assets,总资产,2023,"835,814",ok,balance,Total Assets,835814,diff=0.0,https://stockanalysis.com/quote/hkg/0728/financials/balance-sheet/
中国电信,total_assets,总资产,2024,"866,625",ok,balance,Total Assets,866625,diff=0.0,https://stockanalysis.com/quote/hkg/0728/financials/balance-sheet/
中国电信,total_assets,总资产,2025,"870,644",ok,balance,Total Assets,870644,diff=0.0,https://stockanalysis.com/quote/hkg/0728/financials/balance-sheet/
中国电信,total_debt,总债务,2023,"65,191",ok,balance,Total Debt,65191,diff=0.0,https://stockanalysis.com/quote/hkg/0728/financials/balance-sheet/
中国电信,total_debt,总债务,2024,"69,355",ok,balance,Total Debt,69355,diff=0.0,https://stockanalysis.com/quote/hkg/0728/financials/balance-sheet/
中国电信,total_debt,总债务,2025,"61,932",ok,balance,Total Debt,61932,diff=0.0,https://stockanalysis.com/quote/hkg/0728/financials/balance-sheet/
中国联通,revenue,营业收入/收益,2023,"372,597",ok,income,Revenue,372597,diff=0.0,https://stockanalysis.com/quote/hkg/0762/financials/
中国联通,revenue,营业收入/收益,2024,"389,589",ok,income,Revenue,389589,diff=0.0,https://stockanalysis.com/quote/hkg/0762/financials/
中国联通,revenue,营业收入/收益,2025,"392,223",ok,income,Revenue,392223,diff=0.0,https://stockanalysis.com/quote/hkg/0762/financials/
中国联通,revenue_growth_yoy,收入同比增长,2023,4.97%,ok,income,Revenue Growth (YoY),4.97%,diff=0.0,https://stockanalysis.com/quote/hkg/0762/financials/
中国联通,revenue_growth_yoy,收入同比增长,2024,4.56%,ok,income,Revenue Growth (YoY),4.56%,diff=0.0,https://stockanalysis.com/quote/hkg/0762/financials/
中国联通,revenue_growth_yoy,收入同比增长,2025,0.68%,ok,income,Revenue Growth (YoY),0.68%,diff=0.0,https://stockanalysis.com/quote/hkg/0762/financials/
中国联通,gross_profit,毛利,2023,"211,398",ok,income,Gross Profit,211398,diff=0.0,https://stockanalysis.com/quote/hkg/0762/financials/
中国联通,gross_profit,毛利,2024,"217,153",ok,income,Gross Profit,217153,diff=0.0,https://stockanalysis.com/quote/hkg/0762/financials/
中国联通,gross_profit,毛利,2025,"216,463",ok,income,Gross Profit,216463,diff=0.0,https://stockanalysis.com/quote/hkg/0762/financials/
中国联通,gross_margin,毛利率,2023,56.74%,ok,income,Gross Margin,56.74%,diff=0.0,https://stockanalysis.com/quote/hkg/0762/financials/
中国联通,gross_margin,毛利率,2024,55.74%,ok,income,Gross Margin,55.74%,diff=0.0,https://stockanalysis.com/quote/hkg/0762/financials/
中国联通,gross_margin,毛利率,2025,55.19%,ok,income,Gross Margin,55.19%,diff=0.0,https://stockanalysis.com/quote/hkg/0762/financials/
中国联通,operating_income,经营利润/营业利润,2023,"16,146",ok,income,Operating Income,16146,diff=0.0,https://stockanalysis.com/quote/hkg/0762/financials/
中国联通,operating_income,经营利润/营业利润,2024,"13,206",ok,income,Operating Income,13206,diff=0.0,https://stockanalysis.com/quote/hkg/0762/financials/
中国联通,operating_income,经营利润/营业利润,2025,"15,897",ok,income,Operating Income,15897,diff=0.0,https://stockanalysis.com/quote/hkg/0762/financials/
中国联通,operating_margin,经营利润率,2023,4.33%,ok,income,Operating Margin,4.33%,diff=0.0,https://stockanalysis.com/quote/hkg/0762/financials/
中国联通,operating_margin,经营利润率,2024,3.39%,ok,income,Operating Margin,3.39%,diff=0.0,https://stockanalysis.com/quote/hkg/0762/financials/
中国联通,operating_margin,经营利润率,2025,4.05%,ok,income,Operating Margin,4.05%,diff=0.0,https://stockanalysis.com/quote/hkg/0762/financials/
中国联通,net_income,净利润/股东应占利润,2023,"18,726",ok,income,Net Income,18726,diff=0.0,https://stockanalysis.com/quote/hkg/0762/financials/
中国联通,net_income,净利润/股东应占利润,2024,"20,613",ok,income,Net Income,20613,diff=0.0,https://stockanalysis.com/quote/hkg/0762/financials/
中国联通,net_income,净利润/股东应占利润,2025,"20,816",ok,income,Net Income,20816,diff=0.0,https://stockanalysis.com/quote/hkg/0762/financials/
中国联通,ebitda,EBITDA,2023,"84,122",ok,income,EBITDA,84122,diff=0.0,https://stockanalysis.com/quote/hkg/0762/financials/
中国联通,ebitda,EBITDA,2024,"79,494",ok,income,EBITDA,79494,diff=0.0,https://stockanalysis.com/quote/hkg/0762/financials/
中国联通,ebitda,EBITDA,2025,"80,522",ok,income,EBITDA,80522,diff=0.0,https://stockanalysis.com/quote/hkg/0762/financials/
中国联通,ebitda_margin,EBITDA率,2023,22.58%,ok,income_derived,EBITDA / Revenue,22.58%,EBITDA=84122; Revenue=372597; diff=0.0,https://stockanalysis.com/quote/hkg/0762/financials/
中国联通,ebitda_margin,EBITDA率,2024,20.40%,ok,income_derived,EBITDA / Revenue,20.4%,EBITDA=79494; Revenue=389589; diff=0.0,https://stockanalysis.com/quote/hkg/0762/financials/
中国联通,ebitda_margin,EBITDA率,2025,20.53%,ok,income_derived,EBITDA / Revenue,20.53%,EBITDA=80522; Revenue=392223; diff=0.0,https://stockanalysis.com/quote/hkg/0762/financials/
中国联通,operating_cash_flow,经营现金流,2023,"102,391",ok,cashflow,Operating Cash Flow,102391,diff=0.0,https://stockanalysis.com/quote/hkg/0762/financials/cash-flow-statement/
中国联通,operating_cash_flow,经营现金流,2024,"89,402",ok,cashflow,Operating Cash Flow,89402,diff=0.0,https://stockanalysis.com/quote/hkg/0762/financials/cash-flow-statement/
中国联通,operating_cash_flow,经营现金流,2025,"90,175",ok,cashflow,Operating Cash Flow,90175,diff=0.0,https://stockanalysis.com/quote/hkg/0762/financials/cash-flow-statement/
中国联通,capital_expenditures,资本开支,2023,"-79,375",ok,cashflow,Capital Expenditures,-79375,diff=0.0,https://stockanalysis.com/quote/hkg/0762/financials/cash-flow-statement/
中国联通,capital_expenditures,资本开支,2024,"-75,740",ok,cashflow,Capital Expenditures,-75740,diff=0.0,https://stockanalysis.com/quote/hkg/0762/financials/cash-flow-statement/
中国联通,capital_expenditures,资本开支,2025,"-67,641",ok,cashflow,Capital Expenditures,-67641,diff=0.0,https://stockanalysis.com/quote/hkg/0762/financials/cash-flow-statement/
中国联通,free_cash_flow,自由现金流,2023,"23,016",ok,income,Free Cash Flow,23016,diff=0.0,https://stockanalysis.com/quote/hkg/0762/financials/
中国联通,free_cash_flow,自由现金流,2024,"13,662",ok,income,Free Cash Flow,13662,diff=0.0,https://stockanalysis.com/quote/hkg/0762/financials/
中国联通,free_cash_flow,自由现金流,2025,"22,534",ok,income,Free Cash Flow,22534,diff=0.0,https://stockanalysis.com/quote/hkg/0762/financials/
中国联通,cash_and_equivalents,现金及等价物,2023,"47,733",ok,balance,Cash & Equivalents,47733,diff=0.0,https://stockanalysis.com/quote/hkg/0762/financials/balance-sheet/
中国联通,cash_and_equivalents,现金及等价物,2024,"28,480",ok,balance,Cash & Equivalents,28480,diff=0.0,https://stockanalysis.com/quote/hkg/0762/financials/balance-sheet/
中国联通,cash_and_equivalents,现金及等价物,2025,"25,109",ok,balance,Cash & Equivalents,25109,diff=0.0,https://stockanalysis.com/quote/hkg/0762/financials/balance-sheet/
中国联通,total_assets,总资产,2023,"661,051",ok,balance,Total Assets,661051,diff=0.0,https://stockanalysis.com/quote/hkg/0762/financials/balance-sheet/
中国联通,total_assets,总资产,2024,"671,237",ok,balance,Total Assets,671237,diff=0.0,https://stockanalysis.com/quote/hkg/0762/financials/balance-sheet/
中国联通,total_assets,总资产,2025,"669,618",ok,balance,Total Assets,669618,diff=0.0,https://stockanalysis.com/quote/hkg/0762/financials/balance-sheet/
中国联通,total_debt,总债务,2023,"46,425",ok,balance,Total Debt,46425,diff=0.0,https://stockanalysis.com/quote/hkg/0762/financials/balance-sheet/
中国联通,total_debt,总债务,2024,"41,207",ok,balance,Total Debt,41207,diff=0.0,https://stockanalysis.com/quote/hkg/0762/financials/balance-sheet/
中国联通,total_debt,总债务,2025,"34,087",ok,balance,Total Debt,34087,diff=0.0,https://stockanalysis.com/quote/hkg/0762/financials/balance-sheet/
中国铁塔,revenue,营业收入/收益,2023,"94,009",ok,income,Revenue,94009,diff=0.0,https://stockanalysis.com/quote/hkg/0788/financials/
中国铁塔,revenue,营业收入/收益,2024,"97,772",ok,income,Revenue,97772,diff=0.0,https://stockanalysis.com/quote/hkg/0788/financials/
中国铁塔,revenue,营业收入/收益,2025,"100,411",ok,income,Revenue,100411,diff=0.0,https://stockanalysis.com/quote/hkg/0788/financials/
中国铁塔,revenue_growth_yoy,收入同比增长,2023,1.99%,ok,income,Revenue Growth (YoY),1.99%,diff=0.0,https://stockanalysis.com/quote/hkg/0788/financials/
中国铁塔,revenue_growth_yoy,收入同比增长,2024,4.00%,ok,income,Revenue Growth (YoY),4.00%,diff=0.0,https://stockanalysis.com/quote/hkg/0788/financials/
中国铁塔,revenue_growth_yoy,收入同比增长,2025,2.70%,ok,income,Revenue Growth (YoY),2.70%,diff=0.0,https://stockanalysis.com/quote/hkg/0788/financials/
中国铁塔,gross_profit,毛利,2023,"77,757",ok,income,Gross Profit,77757,diff=0.0,https://stockanalysis.com/quote/hkg/0788/financials/
中国铁塔,gross_profit,毛利,2024,"81,207",ok,income,Gross Profit,81207,diff=0.0,https://stockanalysis.com/quote/hkg/0788/financials/
中国铁塔,gross_profit,毛利,2025,"83,231",ok,income,Gross Profit,83231,diff=0.0,https://stockanalysis.com/quote/hkg/0788/financials/
中国铁塔,gross_margin,毛利率,2023,82.71%,ok,income,Gross Margin,82.71%,diff=0.0,https://stockanalysis.com/quote/hkg/0788/financials/
中国铁塔,gross_margin,毛利率,2024,83.06%,ok,income,Gross Margin,83.06%,diff=0.0,https://stockanalysis.com/quote/hkg/0788/financials/
中国铁塔,gross_margin,毛利率,2025,82.89%,ok,income,Gross Margin,82.89%,diff=0.0,https://stockanalysis.com/quote/hkg/0788/financials/
中国铁塔,operating_income,经营利润/营业利润,2023,"14,898",ok,income,Operating Income,14898,diff=0.0,https://stockanalysis.com/quote/hkg/0788/financials/
中国铁塔,operating_income,经营利润/营业利润,2024,"15,804",ok,income,Operating Income,15804,diff=0.0,https://stockanalysis.com/quote/hkg/0788/financials/
中国铁塔,operating_income,经营利润/营业利润,2025,"17,187",ok,income,Operating Income,17187,diff=0.0,https://stockanalysis.com/quote/hkg/0788/financials/
中国铁塔,operating_margin,经营利润率,2023,15.85%,ok,income,Operating Margin,15.85%,diff=0.0,https://stockanalysis.com/quote/hkg/0788/financials/
中国铁塔,operating_margin,经营利润率,2024,16.16%,ok,income,Operating Margin,16.16%,diff=0.0,https://stockanalysis.com/quote/hkg/0788/financials/
中国铁塔,operating_margin,经营利润率,2025,17.12%,ok,income,Operating Margin,17.12%,diff=0.0,https://stockanalysis.com/quote/hkg/0788/financials/
中国铁塔,net_income,净利润/股东应占利润,2023,"9,750",ok,income,Net Income,9750,diff=0.0,https://stockanalysis.com/quote/hkg/0788/financials/
中国铁塔,net_income,净利润/股东应占利润,2024,"10,729",ok,income,Net Income,10729,diff=0.0,https://stockanalysis.com/quote/hkg/0788/financials/
中国铁塔,net_income,净利润/股东应占利润,2025,"11,630",ok,income,Net Income,11630,diff=0.0,https://stockanalysis.com/quote/hkg/0788/financials/
中国铁塔,ebitda,EBITDA,2023,"52,513",ok,income,EBITDA,52513,diff=0.0,https://stockanalysis.com/quote/hkg/0788/financials/
中国铁塔,ebitda,EBITDA,2024,"54,646",ok,income,EBITDA,54646,diff=0.0,https://stockanalysis.com/quote/hkg/0788/financials/
中国铁塔,ebitda,EBITDA,2025,"54,676",ok,income,EBITDA,54676,diff=0.0,https://stockanalysis.com/quote/hkg/0788/financials/
中国铁塔,ebitda_margin,EBITDA率,2023,55.86%,ok,income_derived,EBITDA / Revenue,55.86%,EBITDA=52513; Revenue=94009; diff=0.0,https://stockanalysis.com/quote/hkg/0788/financials/
中国铁塔,ebitda_margin,EBITDA率,2024,55.89%,ok,income_derived,EBITDA / Revenue,55.89%,EBITDA=54646; Revenue=97772; diff=0.0,https://stockanalysis.com/quote/hkg/0788/financials/
中国铁塔,ebitda_margin,EBITDA率,2025,54.45%,ok,income_derived,EBITDA / Revenue,54.45%,EBITDA=54676; Revenue=100411; diff=0.0,https://stockanalysis.com/quote/hkg/0788/financials/
中国铁塔,operating_cash_flow,经营现金流,2023,"32,840",ok,cashflow,Operating Cash Flow,32840,diff=0.0,https://stockanalysis.com/quote/hkg/0788/financials/cash-flow-statement/
中国铁塔,operating_cash_flow,经营现金流,2024,"49,468",ok,cashflow,Operating Cash Flow,49468,diff=0.0,https://stockanalysis.com/quote/hkg/0788/financials/cash-flow-statement/
中国铁塔,operating_cash_flow,经营现金流,2025,"56,116",ok,cashflow,Operating Cash Flow,56116,diff=0.0,https://stockanalysis.com/quote/hkg/0788/financials/cash-flow-statement/
中国铁塔,capital_expenditures,资本开支,2023,"-33,464",ok,cashflow,Capital Expenditures,-33464,diff=0.0,https://stockanalysis.com/quote/hkg/0788/financials/cash-flow-statement/
中国铁塔,capital_expenditures,资本开支,2024,"-29,783",ok,cashflow,Capital Expenditures,-29783,diff=0.0,https://stockanalysis.com/quote/hkg/0788/financials/cash-flow-statement/
中国铁塔,capital_expenditures,资本开支,2025,"-30,510",ok,cashflow,Capital Expenditures,-30510,diff=0.0,https://stockanalysis.com/quote/hkg/0788/financials/cash-flow-statement/
中国铁塔,free_cash_flow,自由现金流,2023,-624,ok,income,Free Cash Flow,-624,diff=0.0,https://stockanalysis.com/quote/hkg/0788/financials/
中国铁塔,free_cash_flow,自由现金流,2024,"19,685",ok,income,Free Cash Flow,19685,diff=0.0,https://stockanalysis.com/quote/hkg/0788/financials/
中国铁塔,free_cash_flow,自由现金流,2025,"25,606",ok,income,Free Cash Flow,25606,diff=0.0,https://stockanalysis.com/quote/hkg/0788/financials/
中国铁塔,cash_and_equivalents,现金及等价物,2023,"3,955",ok,balance,Cash & Equivalents,3955,diff=0.0,https://stockanalysis.com/quote/hkg/0788/financials/balance-sheet/
中国铁塔,cash_and_equivalents,现金及等价物,2024,"2,598",ok,balance,Cash & Equivalents,2598,diff=0.0,https://stockanalysis.com/quote/hkg/0788/financials/balance-sheet/
中国铁塔,cash_and_equivalents,现金及等价物,2025,"12,312",ok,balance,Cash & Equivalents,12312,diff=0.0,https://stockanalysis.com/quote/hkg/0788/financials/balance-sheet/
中国铁塔,total_assets,总资产,2023,"326,007",ok,balance,Total Assets,326007,diff=0.0,https://stockanalysis.com/quote/hkg/0788/financials/balance-sheet/
中国铁塔,total_assets,总资产,2024,"332,834",ok,balance,Total Assets,332834,diff=0.0,https://stockanalysis.com/quote/hkg/0788/financials/balance-sheet/
中国铁塔,total_assets,总资产,2025,"336,579",ok,balance,Total Assets,336579,diff=0.0,https://stockanalysis.com/quote/hkg/0788/financials/balance-sheet/
中国铁塔,total_debt,总债务,2023,"94,626",ok,balance,Total Debt,94626,diff=0.0,https://stockanalysis.com/quote/hkg/0788/financials/balance-sheet/
中国铁塔,total_debt,总债务,2024,"92,542",ok,balance,Total Debt,92542,diff=0.0,https://stockanalysis.com/quote/hkg/0788/financials/balance-sheet/
中国铁塔,total_debt,总债务,2025,"90,460",ok,balance,Total Debt,90460,diff=0.0,https://stockanalysis.com/quote/hkg/0788/financials/balance-sheet/
HKT / csl / 1O1O,revenue,营业收入/收益,2023,"34,330",ok,income,Revenue,34330,diff=0.0,https://stockanalysis.com/quote/hkg/6823/financials/
HKT / csl / 1O1O,revenue,营业收入/收益,2024,"34,753",ok,income,Revenue,34753,diff=0.0,https://stockanalysis.com/quote/hkg/6823/financials/
HKT / csl / 1O1O,revenue,营业收入/收益,2025,"36,553",ok,income,Revenue,36553,diff=0.0,https://stockanalysis.com/quote/hkg/6823/financials/
HKT / csl / 1O1O,revenue_growth_yoy,收入同比增长,2023,0.60%,ok,income,Revenue Growth (YoY),0.60%,diff=0.0,https://stockanalysis.com/quote/hkg/6823/financials/
HKT / csl / 1O1O,revenue_growth_yoy,收入同比增长,2024,1.23%,ok,income,Revenue Growth (YoY),1.23%,diff=0.0,https://stockanalysis.com/quote/hkg/6823/financials/
HKT / csl / 1O1O,revenue_growth_yoy,收入同比增长,2025,5.18%,ok,income,Revenue Growth (YoY),5.18%,diff=0.0,https://stockanalysis.com/quote/hkg/6823/financials/
HKT / csl / 1O1O,gross_profit,毛利,2023,"16,876",ok,income,Gross Profit,16876,diff=0.0,https://stockanalysis.com/quote/hkg/6823/financials/
HKT / csl / 1O1O,gross_profit,毛利,2024,"17,043",ok,income,Gross Profit,17043,diff=0.0,https://stockanalysis.com/quote/hkg/6823/financials/
HKT / csl / 1O1O,gross_profit,毛利,2025,"17,413",ok,income,Gross Profit,17413,diff=0.0,https://stockanalysis.com/quote/hkg/6823/financials/
HKT / csl / 1O1O,gross_margin,毛利率,2023,49.16%,ok,income,Gross Margin,49.16%,diff=0.0,https://stockanalysis.com/quote/hkg/6823/financials/
HKT / csl / 1O1O,gross_margin,毛利率,2024,49.04%,ok,income,Gross Margin,49.04%,diff=0.0,https://stockanalysis.com/quote/hkg/6823/financials/
HKT / csl / 1O1O,gross_margin,毛利率,2025,47.64%,ok,income,Gross Margin,47.64%,diff=0.0,https://stockanalysis.com/quote/hkg/6823/financials/
HKT / csl / 1O1O,operating_income,经营利润/营业利润,2023,"7,746",ok,income,Operating Income,7746,diff=0.0,https://stockanalysis.com/quote/hkg/6823/financials/
HKT / csl / 1O1O,operating_income,经营利润/营业利润,2024,"8,248",ok,income,Operating Income,8248,diff=0.0,https://stockanalysis.com/quote/hkg/6823/financials/
HKT / csl / 1O1O,operating_income,经营利润/营业利润,2025,"8,289",ok,income,Operating Income,8289,diff=0.0,https://stockanalysis.com/quote/hkg/6823/financials/
HKT / csl / 1O1O,operating_margin,经营利润率,2023,22.56%,ok,income,Operating Margin,22.56%,diff=0.0,https://stockanalysis.com/quote/hkg/6823/financials/
HKT / csl / 1O1O,operating_margin,经营利润率,2024,23.73%,ok,income,Operating Margin,23.73%,diff=0.0,https://stockanalysis.com/quote/hkg/6823/financials/
HKT / csl / 1O1O,operating_margin,经营利润率,2025,22.68%,ok,income,Operating Margin,22.68%,diff=0.0,https://stockanalysis.com/quote/hkg/6823/financials/
HKT / csl / 1O1O,net_income,净利润/股东应占利润,2023,"4,991",ok,income,Net Income,4991,diff=0.0,https://stockanalysis.com/quote/hkg/6823/financials/
HKT / csl / 1O1O,net_income,净利润/股东应占利润,2024,"5,070",ok,income,Net Income,5070,diff=0.0,https://stockanalysis.com/quote/hkg/6823/financials/
HKT / csl / 1O1O,net_income,净利润/股东应占利润,2025,"5,286",ok,income,Net Income,5286,diff=0.0,https://stockanalysis.com/quote/hkg/6823/financials/
HKT / csl / 1O1O,ebitda,EBITDA,2023,"9,934",ok,income,EBITDA,9934,diff=0.0,https://stockanalysis.com/quote/hkg/6823/financials/
HKT / csl / 1O1O,ebitda,EBITDA,2024,"10,225",ok,income,EBITDA,10225,diff=0.0,https://stockanalysis.com/quote/hkg/6823/financials/
HKT / csl / 1O1O,ebitda,EBITDA,2025,"10,064",ok,income,EBITDA,10064,diff=0.0,https://stockanalysis.com/quote/hkg/6823/financials/
HKT / csl / 1O1O,ebitda_margin,EBITDA率,2023,28.94%,ok,income_derived,EBITDA / Revenue,28.94%,EBITDA=9934; Revenue=34330; diff=0.0,https://stockanalysis.com/quote/hkg/6823/financials/
HKT / csl / 1O1O,ebitda_margin,EBITDA率,2024,29.42%,ok,income_derived,EBITDA / Revenue,29.42%,EBITDA=10225; Revenue=34753; diff=0.0,https://stockanalysis.com/quote/hkg/6823/financials/
HKT / csl / 1O1O,ebitda_margin,EBITDA率,2025,27.53%,ok,income_derived,EBITDA / Revenue,27.53%,EBITDA=10064; Revenue=36553; diff=0.0,https://stockanalysis.com/quote/hkg/6823/financials/
HKT / csl / 1O1O,operating_cash_flow,经营现金流,2023,"11,261",ok,cashflow,Operating Cash Flow,11261,diff=0.0,https://stockanalysis.com/quote/hkg/6823/financials/cash-flow-statement/
HKT / csl / 1O1O,operating_cash_flow,经营现金流,2024,"11,911",ok,cashflow,Operating Cash Flow,11911,diff=0.0,https://stockanalysis.com/quote/hkg/6823/financials/cash-flow-statement/
HKT / csl / 1O1O,operating_cash_flow,经营现金流,2025,"11,628",ok,cashflow,Operating Cash Flow,11628,diff=0.0,https://stockanalysis.com/quote/hkg/6823/financials/cash-flow-statement/
HKT / csl / 1O1O,capital_expenditures,资本开支,2023,"-2,138",ok,cashflow,Capital Expenditures,-2138,diff=0.0,https://stockanalysis.com/quote/hkg/6823/financials/cash-flow-statement/
HKT / csl / 1O1O,capital_expenditures,资本开支,2024,"-2,037",ok,cashflow,Capital Expenditures,-2037,diff=0.0,https://stockanalysis.com/quote/hkg/6823/financials/cash-flow-statement/
HKT / csl / 1O1O,capital_expenditures,资本开支,2025,"-1,977",ok,cashflow,Capital Expenditures,-1977,diff=0.0,https://stockanalysis.com/quote/hkg/6823/financials/cash-flow-statement/
HKT / csl / 1O1O,free_cash_flow,自由现金流,2023,"9,123",ok,income,Free Cash Flow,9123,diff=0.0,https://stockanalysis.com/quote/hkg/6823/financials/
HKT / csl / 1O1O,free_cash_flow,自由现金流,2024,"9,874",ok,income,Free Cash Flow,9874,diff=0.0,https://stockanalysis.com/quote/hkg/6823/financials/
HKT / csl / 1O1O,free_cash_flow,自由现金流,2025,"9,651",ok,income,Free Cash Flow,9651,diff=0.0,https://stockanalysis.com/quote/hkg/6823/financials/
HKT / csl / 1O1O,cash_and_equivalents,现金及等价物,2023,"1,630",ok,balance,Cash & Equivalents,1630,diff=0.0,https://stockanalysis.com/quote/hkg/6823/financials/balance-sheet/
HKT / csl / 1O1O,cash_and_equivalents,现金及等价物,2024,"1,850",ok,balance,Cash & Equivalents,1850,diff=0.0,https://stockanalysis.com/quote/hkg/6823/financials/balance-sheet/
HKT / csl / 1O1O,cash_and_equivalents,现金及等价物,2025,"1,957",ok,balance,Cash & Equivalents,1957,diff=0.0,https://stockanalysis.com/quote/hkg/6823/financials/balance-sheet/
HKT / csl / 1O1O,total_assets,总资产,2023,"112,118",ok,balance,Total Assets,112118,diff=0.0,https://stockanalysis.com/quote/hkg/6823/financials/balance-sheet/
HKT / csl / 1O1O,total_assets,总资产,2024,"116,813",ok,balance,Total Assets,116813,diff=0.0,https://stockanalysis.com/quote/hkg/6823/financials/balance-sheet/
HKT / csl / 1O1O,total_assets,总资产,2025,"121,152",ok,balance,Total Assets,121152,diff=0.0,https://stockanalysis.com/quote/hkg/6823/financials/balance-sheet/
HKT / csl / 1O1O,total_debt,总债务,2023,"47,453",ok,balance,Total Debt,47453,diff=0.0,https://stockanalysis.com/quote/hkg/6823/financials/balance-sheet/
HKT / csl / 1O1O,total_debt,总债务,2024,"44,395",ok,balance,Total Debt,44395,diff=0.0,https://stockanalysis.com/quote/hkg/6823/financials/balance-sheet/
HKT / csl / 1O1O,total_debt,总债务,2025,"48,337",ok,balance,Total Debt,48337,diff=0.0,https://stockanalysis.com/quote/hkg/6823/financials/balance-sheet/
3HK / Hutchison,revenue,营业收入/收益,2023,"4,896",ok,income,Revenue,4896,diff=0.0,https://stockanalysis.com/quote/hkg/0215/financials/
3HK / Hutchison,revenue,营业收入/收益,2024,"4,643",ok,income,Revenue,4643,diff=0.0,https://stockanalysis.com/quote/hkg/0215/financials/
3HK / Hutchison,revenue,营业收入/收益,2025,"5,448",ok,income,Revenue,5448,diff=0.0,https://stockanalysis.com/quote/hkg/0215/financials/
3HK / Hutchison,revenue_growth_yoy,收入同比增长,2023,0.29%,ok,income,Revenue Growth (YoY),0.29%,diff=0.0,https://stockanalysis.com/quote/hkg/0215/financials/
3HK / Hutchison,revenue_growth_yoy,收入同比增长,2024,-5.17%,ok,income,Revenue Growth (YoY),-5.17%,diff=0.0,https://stockanalysis.com/quote/hkg/0215/financials/
3HK / Hutchison,revenue_growth_yoy,收入同比增长,2025,17.34%,ok,income,Revenue Growth (YoY),17.34%,diff=0.0,https://stockanalysis.com/quote/hkg/0215/financials/
3HK / Hutchison,gross_profit,毛利,2023,"3,130",ok,income,Gross Profit,3130,diff=0.0,https://stockanalysis.com/quote/hkg/0215/financials/
3HK / Hutchison,gross_profit,毛利,2024,"3,018",ok,income,Gross Profit,3018,diff=0.0,https://stockanalysis.com/quote/hkg/0215/financials/
3HK / Hutchison,gross_profit,毛利,2025,"3,243",ok,income,Gross Profit,3243,diff=0.0,https://stockanalysis.com/quote/hkg/0215/financials/
3HK / Hutchison,gross_margin,毛利率,2023,63.93%,ok,income,Gross Margin,63.93%,diff=0.0,https://stockanalysis.com/quote/hkg/0215/financials/
3HK / Hutchison,gross_margin,毛利率,2024,65.00%,ok,income,Gross Margin,65.00%,diff=0.0,https://stockanalysis.com/quote/hkg/0215/financials/
3HK / Hutchison,gross_margin,毛利率,2025,59.53%,ok,income,Gross Margin,59.53%,diff=0.0,https://stockanalysis.com/quote/hkg/0215/financials/
3HK / Hutchison,operating_income,经营利润/营业利润,2023,-96,ok,income,Operating Income,-96,diff=0.0,https://stockanalysis.com/quote/hkg/0215/financials/
3HK / Hutchison,operating_income,经营利润/营业利润,2024,-1,ok,income,Operating Income,-1,diff=0.0,https://stockanalysis.com/quote/hkg/0215/financials/
3HK / Hutchison,operating_income,经营利润/营业利润,2025,4,ok,income,Operating Income,4,diff=0.0,https://stockanalysis.com/quote/hkg/0215/financials/
3HK / Hutchison,operating_margin,经营利润率,2023,-1.96%,ok,income,Operating Margin,-1.96%,diff=0.0,https://stockanalysis.com/quote/hkg/0215/financials/
3HK / Hutchison,operating_margin,经营利润率,2024,-0.02%,ok,income,Operating Margin,-0.02%,diff=0.0,https://stockanalysis.com/quote/hkg/0215/financials/
3HK / Hutchison,operating_margin,经营利润率,2025,0.07%,ok,income,Operating Margin,0.07%,diff=0.0,https://stockanalysis.com/quote/hkg/0215/financials/
3HK / Hutchison,net_income,净利润/股东应占利润,2023,-52,ok,income,Net Income,-52,diff=0.0,https://stockanalysis.com/quote/hkg/0215/financials/
3HK / Hutchison,net_income,净利润/股东应占利润,2024,6,ok,income,Net Income,6,diff=0.0,https://stockanalysis.com/quote/hkg/0215/financials/
3HK / Hutchison,net_income,净利润/股东应占利润,2025,-25,ok,income,Net Income,-25,diff=0.0,https://stockanalysis.com/quote/hkg/0215/financials/
3HK / Hutchison,ebitda,EBITDA,2023,787,ok,income,EBITDA,787,diff=0.0,https://stockanalysis.com/quote/hkg/0215/financials/
3HK / Hutchison,ebitda,EBITDA,2024,904,ok,income,EBITDA,904,diff=0.0,https://stockanalysis.com/quote/hkg/0215/financials/
3HK / Hutchison,ebitda,EBITDA,2025,928,ok,income,EBITDA,928,diff=0.0,https://stockanalysis.com/quote/hkg/0215/financials/
3HK / Hutchison,ebitda_margin,EBITDA率,2023,16.07%,ok,income_derived,EBITDA / Revenue,16.07%,EBITDA=787; Revenue=4896; diff=0.0,https://stockanalysis.com/quote/hkg/0215/financials/
3HK / Hutchison,ebitda_margin,EBITDA率,2024,19.47%,ok,income_derived,EBITDA / Revenue,19.47%,EBITDA=904; Revenue=4643; diff=0.0,https://stockanalysis.com/quote/hkg/0215/financials/
3HK / Hutchison,ebitda_margin,EBITDA率,2025,17.03%,ok,income_derived,EBITDA / Revenue,17.03%,EBITDA=928; Revenue=5448; diff=0.0,https://stockanalysis.com/quote/hkg/0215/financials/
3HK / Hutchison,operating_cash_flow,经营现金流,2023,"1,127",ok,cashflow,Operating Cash Flow,1127,diff=0.0,https://stockanalysis.com/quote/hkg/0215/financials/cash-flow-statement/
3HK / Hutchison,operating_cash_flow,经营现金流,2024,"1,081",ok,cashflow,Operating Cash Flow,1081,diff=0.0,https://stockanalysis.com/quote/hkg/0215/financials/cash-flow-statement/
3HK / Hutchison,operating_cash_flow,经营现金流,2025,"1,211",ok,cashflow,Operating Cash Flow,1211,diff=0.0,https://stockanalysis.com/quote/hkg/0215/financials/cash-flow-statement/
3HK / Hutchison,capital_expenditures,资本开支,2023,-481,ok,cashflow,Capital Expenditures,-481,diff=0.0,https://stockanalysis.com/quote/hkg/0215/financials/cash-flow-statement/
3HK / Hutchison,capital_expenditures,资本开支,2024,-434,ok,cashflow,Capital Expenditures,-434,diff=0.0,https://stockanalysis.com/quote/hkg/0215/financials/cash-flow-statement/
3HK / Hutchison,capital_expenditures,资本开支,2025,-440,ok,cashflow,Capital Expenditures,-440,diff=0.0,https://stockanalysis.com/quote/hkg/0215/financials/cash-flow-statement/
3HK / Hutchison,free_cash_flow,自由现金流,2023,646,ok,income,Free Cash Flow,646,diff=0.0,https://stockanalysis.com/quote/hkg/0215/financials/
3HK / Hutchison,free_cash_flow,自由现金流,2024,647,ok,income,Free Cash Flow,647,diff=0.0,https://stockanalysis.com/quote/hkg/0215/financials/
3HK / Hutchison,free_cash_flow,自由现金流,2025,771,ok,income,Free Cash Flow,771,diff=0.0,https://stockanalysis.com/quote/hkg/0215/financials/
3HK / Hutchison,cash_and_equivalents,现金及等价物,2023,"1,910",ok,balance,Cash & Equivalents,1910,diff=0.0,https://stockanalysis.com/quote/hkg/0215/financials/balance-sheet/
3HK / Hutchison,cash_and_equivalents,现金及等价物,2024,"3,168",ok,balance,Cash & Equivalents,3168,diff=0.0,https://stockanalysis.com/quote/hkg/0215/financials/balance-sheet/
3HK / Hutchison,cash_and_equivalents,现金及等价物,2025,594,ok,balance,Cash & Equivalents,594,diff=0.0,https://stockanalysis.com/quote/hkg/0215/financials/balance-sheet/
3HK / Hutchison,total_assets,总资产,2023,"14,560",ok,balance,Total Assets,14560,diff=0.0,https://stockanalysis.com/quote/hkg/0215/financials/balance-sheet/
3HK / Hutchison,total_assets,总资产,2024,"13,970",ok,balance,Total Assets,13970,diff=0.0,https://stockanalysis.com/quote/hkg/0215/financials/balance-sheet/
3HK / Hutchison,total_assets,总资产,2025,"13,412",ok,balance,Total Assets,13412,diff=0.0,https://stockanalysis.com/quote/hkg/0215/financials/balance-sheet/
3HK / Hutchison,total_debt,总债务,2023,482,ok,balance,Total Debt,482,diff=0.0,https://stockanalysis.com/quote/hkg/0215/financials/balance-sheet/
3HK / Hutchison,total_debt,总债务,2024,463,ok,balance,Total Debt,463,diff=0.0,https://stockanalysis.com/quote/hkg/0215/financials/balance-sheet/
3HK / Hutchison,total_debt,总债务,2025,401,ok,balance,Total Debt,401,diff=0.0,https://stockanalysis.com/quote/hkg/0215/financials/balance-sheet/
SmarTone,revenue,营业收入/收益,2023,"6,763",ok,income,Revenue,6763,diff=0.0,https://stockanalysis.com/quote/hkg/0315/financials/
SmarTone,revenue,营业收入/收益,2024,"6,221",ok,income,Revenue,6221,diff=0.0,https://stockanalysis.com/quote/hkg/0315/financials/
SmarTone,revenue,营业收入/收益,2025,"6,253",ok,income,Revenue,6253,diff=0.0,https://stockanalysis.com/quote/hkg/0315/financials/
SmarTone,revenue_growth_yoy,收入同比增长,2023,-2.79%,ok,income,Revenue Growth (YoY),-2.79%,diff=0.0,https://stockanalysis.com/quote/hkg/0315/financials/
SmarTone,revenue_growth_yoy,收入同比增长,2024,-8.01%,ok,income,Revenue Growth (YoY),-8.01%,diff=0.0,https://stockanalysis.com/quote/hkg/0315/financials/
SmarTone,revenue_growth_yoy,收入同比增长,2025,0.52%,ok,income,Revenue Growth (YoY),0.52%,diff=0.0,https://stockanalysis.com/quote/hkg/0315/financials/
SmarTone,gross_profit,毛利,2023,"3,440",ok,income,Gross Profit,3440,diff=0.0,https://stockanalysis.com/quote/hkg/0315/financials/
SmarTone,gross_profit,毛利,2024,"3,406",ok,income,Gross Profit,3406,diff=0.0,https://stockanalysis.com/quote/hkg/0315/financials/
SmarTone,gross_profit,毛利,2025,"3,342",ok,income,Gross Profit,3342,diff=0.0,https://stockanalysis.com/quote/hkg/0315/financials/
SmarTone,gross_margin,毛利率,2023,50.87%,ok,income,Gross Margin,50.87%,diff=0.0,https://stockanalysis.com/quote/hkg/0315/financials/
SmarTone,gross_margin,毛利率,2024,54.75%,ok,income,Gross Margin,54.75%,diff=0.0,https://stockanalysis.com/quote/hkg/0315/financials/
SmarTone,gross_margin,毛利率,2025,53.44%,ok,income,Gross Margin,53.44%,diff=0.0,https://stockanalysis.com/quote/hkg/0315/financials/
SmarTone,operating_income,经营利润/营业利润,2023,701.77,ok,income,Operating Income,701.77,diff=0.0,https://stockanalysis.com/quote/hkg/0315/financials/
SmarTone,operating_income,经营利润/营业利润,2024,699.18,ok,income,Operating Income,699.18,diff=0.0,https://stockanalysis.com/quote/hkg/0315/financials/
SmarTone,operating_income,经营利润/营业利润,2025,750.98,ok,income,Operating Income,750.98,diff=0.0,https://stockanalysis.com/quote/hkg/0315/financials/
SmarTone,operating_margin,经营利润率,2023,10.38%,ok,income,Operating Margin,10.38%,diff=0.0,https://stockanalysis.com/quote/hkg/0315/financials/
SmarTone,operating_margin,经营利润率,2024,11.24%,ok,income,Operating Margin,11.24%,diff=0.0,https://stockanalysis.com/quote/hkg/0315/financials/
SmarTone,operating_margin,经营利润率,2025,12.01%,ok,income,Operating Margin,12.01%,diff=0.0,https://stockanalysis.com/quote/hkg/0315/financials/
SmarTone,net_income,净利润/股东应占利润,2023,268.85,ok,income,Net Income,268.85,diff=0.0,https://stockanalysis.com/quote/hkg/0315/financials/
SmarTone,net_income,净利润/股东应占利润,2024,470.13,ok,income,Net Income,470.13,diff=0.0,https://stockanalysis.com/quote/hkg/0315/financials/
SmarTone,net_income,净利润/股东应占利润,2025,478.9,ok,income,Net Income,478.9,diff=0.0,https://stockanalysis.com/quote/hkg/0315/financials/
SmarTone,ebitda,EBITDA,2023,"1,708",ok,income,EBITDA,1708,diff=0.0,https://stockanalysis.com/quote/hkg/0315/financials/
SmarTone,ebitda,EBITDA,2024,"1,699",ok,income,EBITDA,1699,diff=0.0,https://stockanalysis.com/quote/hkg/0315/financials/
SmarTone,ebitda,EBITDA,2025,"1,750",ok,income,EBITDA,1750,diff=0.0,https://stockanalysis.com/quote/hkg/0315/financials/
SmarTone,ebitda_margin,EBITDA率,2023,25.26%,ok,income_derived,EBITDA / Revenue,25.26%,EBITDA=1708; Revenue=6763; diff=0.0,https://stockanalysis.com/quote/hkg/0315/financials/
SmarTone,ebitda_margin,EBITDA率,2024,27.31%,ok,income_derived,EBITDA / Revenue,27.31%,EBITDA=1699; Revenue=6221; diff=0.0,https://stockanalysis.com/quote/hkg/0315/financials/
SmarTone,ebitda_margin,EBITDA率,2025,27.98%,ok,income_derived,EBITDA / Revenue,27.99%,EBITDA=1750; Revenue=6253; diff=0.00999999999999801,https://stockanalysis.com/quote/hkg/0315/financials/
SmarTone,operating_cash_flow,经营现金流,2023,"2,254",ok,cashflow,Operating Cash Flow,2254,diff=0.0,https://stockanalysis.com/quote/hkg/0315/financials/cash-flow-statement/
SmarTone,operating_cash_flow,经营现金流,2024,"2,162",ok,cashflow,Operating Cash Flow,2162,diff=0.0,https://stockanalysis.com/quote/hkg/0315/financials/cash-flow-statement/
SmarTone,operating_cash_flow,经营现金流,2025,"2,133",ok,cashflow,Operating Cash Flow,2133,diff=0.0,https://stockanalysis.com/quote/hkg/0315/financials/cash-flow-statement/
SmarTone,capital_expenditures,资本开支,2023,-708.77,ok,cashflow,Capital Expenditures,-708.77,diff=0.0,https://stockanalysis.com/quote/hkg/0315/financials/cash-flow-statement/
SmarTone,capital_expenditures,资本开支,2024,-601.55,ok,cashflow,Capital Expenditures,-601.55,diff=0.0,https://stockanalysis.com/quote/hkg/0315/financials/cash-flow-statement/
SmarTone,capital_expenditures,资本开支,2025,-597.47,ok,cashflow,Capital Expenditures,-597.47,diff=0.0,https://stockanalysis.com/quote/hkg/0315/financials/cash-flow-statement/
SmarTone,free_cash_flow,自由现金流,2023,"1,546",ok,income,Free Cash Flow,1546,diff=0.0,https://stockanalysis.com/quote/hkg/0315/financials/
SmarTone,free_cash_flow,自由现金流,2024,"1,560",ok,income,Free Cash Flow,1560,diff=0.0,https://stockanalysis.com/quote/hkg/0315/financials/
SmarTone,free_cash_flow,自由现金流,2025,"1,536",ok,income,Free Cash Flow,1536,diff=0.0,https://stockanalysis.com/quote/hkg/0315/financials/
SmarTone,cash_and_equivalents,现金及等价物,2023,"1,155",ok,balance,Cash & Equivalents,1155,diff=0.0,https://stockanalysis.com/quote/hkg/0315/financials/balance-sheet/
SmarTone,cash_and_equivalents,现金及等价物,2024,"1,577",ok,balance,Cash & Equivalents,1577,diff=0.0,https://stockanalysis.com/quote/hkg/0315/financials/balance-sheet/
SmarTone,cash_and_equivalents,现金及等价物,2025,"2,028",ok,balance,Cash & Equivalents,2028,diff=0.0,https://stockanalysis.com/quote/hkg/0315/financials/balance-sheet/
SmarTone,total_assets,总资产,2023,"10,899",ok,balance,Total Assets,10899,diff=0.0,https://stockanalysis.com/quote/hkg/0315/financials/balance-sheet/
SmarTone,total_assets,总资产,2024,"11,178",ok,balance,Total Assets,11178,diff=0.0,https://stockanalysis.com/quote/hkg/0315/financials/balance-sheet/
SmarTone,total_assets,总资产,2025,"11,308",ok,balance,Total Assets,11308,diff=0.0,https://stockanalysis.com/quote/hkg/0315/financials/balance-sheet/
SmarTone,total_debt,总债务,2023,852.99,ok,balance,Total Debt,852.99,diff=0.0,https://stockanalysis.com/quote/hkg/0315/financials/balance-sheet/
SmarTone,total_debt,总债务,2024,963.18,ok,balance,Total Debt,963.18,diff=0.0,https://stockanalysis.com/quote/hkg/0315/financials/balance-sheet/
SmarTone,total_debt,总债务,2025,877.59,ok,balance,Total Debt,877.59,diff=0.0,https://stockanalysis.com/quote/hkg/0315/financials/balance-sheet/
HKBN,revenue,营业收入/收益,2023,"11,692",ok,income,Revenue,11692,diff=0.0,https://stockanalysis.com/quote/hkg/1310/financials/
HKBN,revenue,营业收入/收益,2024,"10,651",ok,income,Revenue,10651,diff=0.0,https://stockanalysis.com/quote/hkg/1310/financials/
HKBN,revenue,营业收入/收益,2025,"11,129",ok,income,Revenue,11129,diff=0.0,https://stockanalysis.com/quote/hkg/1310/financials/
HKBN,revenue_growth_yoy,收入同比增长,2023,0.57%,ok,income,Revenue Growth (YoY),0.57%,diff=0.0,https://stockanalysis.com/quote/hkg/1310/financials/
HKBN,revenue_growth_yoy,收入同比增长,2024,-8.91%,ok,income,Revenue Growth (YoY),-8.91%,diff=0.0,https://stockanalysis.com/quote/hkg/1310/financials/
HKBN,revenue_growth_yoy,收入同比增长,2025,4.48%,ok,income,Revenue Growth (YoY),4.48%,diff=0.0,https://stockanalysis.com/quote/hkg/1310/financials/
HKBN,gross_profit,毛利,2023,"4,047",ok,income,Gross Profit,4047,diff=0.0,https://stockanalysis.com/quote/hkg/1310/financials/
HKBN,gross_profit,毛利,2024,"3,904",ok,income,Gross Profit,3904,diff=0.0,https://stockanalysis.com/quote/hkg/1310/financials/
HKBN,gross_profit,毛利,2025,"3,974",ok,income,Gross Profit,3974,diff=0.0,https://stockanalysis.com/quote/hkg/1310/financials/
HKBN,gross_margin,毛利率,2023,34.61%,ok,income,Gross Margin,34.61%,diff=0.0,https://stockanalysis.com/quote/hkg/1310/financials/
HKBN,gross_margin,毛利率,2024,36.65%,ok,income,Gross Margin,36.65%,diff=0.0,https://stockanalysis.com/quote/hkg/1310/financials/
HKBN,gross_margin,毛利率,2025,35.71%,ok,income,Gross Margin,35.71%,diff=0.0,https://stockanalysis.com/quote/hkg/1310/financials/
HKBN,operating_income,经营利润/营业利润,2023,721.13,ok,income,Operating Income,721.13,diff=0.0,https://stockanalysis.com/quote/hkg/1310/financials/
HKBN,operating_income,经营利润/营业利润,2024,864.88,ok,income,Operating Income,864.88,diff=0.0,https://stockanalysis.com/quote/hkg/1310/financials/
HKBN,operating_income,经营利润/营业利润,2025,917.49,ok,income,Operating Income,917.49,diff=0.0,https://stockanalysis.com/quote/hkg/1310/financials/
HKBN,operating_margin,经营利润率,2023,6.17%,ok,income,Operating Margin,6.17%,diff=0.0,https://stockanalysis.com/quote/hkg/1310/financials/
HKBN,operating_margin,经营利润率,2024,8.12%,ok,income,Operating Margin,8.12%,diff=0.0,https://stockanalysis.com/quote/hkg/1310/financials/
HKBN,operating_margin,经营利润率,2025,8.24%,ok,income,Operating Margin,8.24%,diff=0.0,https://stockanalysis.com/quote/hkg/1310/financials/
HKBN,net_income,净利润/股东应占利润,2023,"-1,267",ok,income,Net Income,-1267,diff=0.0,https://stockanalysis.com/quote/hkg/1310/financials/
HKBN,net_income,净利润/股东应占利润,2024,10.28,ok,income,Net Income,10.28,diff=0.0,https://stockanalysis.com/quote/hkg/1310/financials/
HKBN,net_income,净利润/股东应占利润,2025,206.86,ok,income,Net Income,206.86,diff=0.0,https://stockanalysis.com/quote/hkg/1310/financials/
HKBN,ebitda,EBITDA,2023,"1,861",ok,income,EBITDA,1861,diff=0.0,https://stockanalysis.com/quote/hkg/1310/financials/
HKBN,ebitda,EBITDA,2024,"1,950",ok,income,EBITDA,1950,diff=0.0,https://stockanalysis.com/quote/hkg/1310/financials/
HKBN,ebitda,EBITDA,2025,"1,954",ok,income,EBITDA,1954,diff=0.0,https://stockanalysis.com/quote/hkg/1310/financials/
HKBN,ebitda_margin,EBITDA率,2023,15.91%,ok,income_derived,EBITDA / Revenue,15.92%,EBITDA=1861; Revenue=11692; diff=0.009999999999999787,https://stockanalysis.com/quote/hkg/1310/financials/
HKBN,ebitda_margin,EBITDA率,2024,18.30%,ok,income_derived,EBITDA / Revenue,18.31%,EBITDA=1950; Revenue=10651; diff=0.00999999999999801,https://stockanalysis.com/quote/hkg/1310/financials/
HKBN,ebitda_margin,EBITDA率,2025,17.56%,ok,income_derived,EBITDA / Revenue,17.56%,EBITDA=1954; Revenue=11129; diff=0.0,https://stockanalysis.com/quote/hkg/1310/financials/
HKBN,operating_cash_flow,经营现金流,2023,"1,983",ok,cashflow,Operating Cash Flow,1983,diff=0.0,https://stockanalysis.com/quote/hkg/1310/financials/cash-flow-statement/
HKBN,operating_cash_flow,经营现金流,2024,"2,058",ok,cashflow,Operating Cash Flow,2058,diff=0.0,https://stockanalysis.com/quote/hkg/1310/financials/cash-flow-statement/
HKBN,operating_cash_flow,经营现金流,2025,"1,911",ok,cashflow,Operating Cash Flow,1911,diff=0.0,https://stockanalysis.com/quote/hkg/1310/financials/cash-flow-statement/
HKBN,capital_expenditures,资本开支,2023,-489.39,ok,cashflow,Capital Expenditures,-489.39,diff=0.0,https://stockanalysis.com/quote/hkg/1310/financials/cash-flow-statement/
HKBN,capital_expenditures,资本开支,2024,-362.71,ok,cashflow,Capital Expenditures,-362.71,diff=0.0,https://stockanalysis.com/quote/hkg/1310/financials/cash-flow-statement/
HKBN,capital_expenditures,资本开支,2025,-493.58,ok,cashflow,Capital Expenditures,-493.58,diff=0.0,https://stockanalysis.com/quote/hkg/1310/financials/cash-flow-statement/
HKBN,free_cash_flow,自由现金流,2023,"1,493",ok,income,Free Cash Flow,1493,diff=0.0,https://stockanalysis.com/quote/hkg/1310/financials/
HKBN,free_cash_flow,自由现金流,2024,"1,696",ok,income,Free Cash Flow,1696,diff=0.0,https://stockanalysis.com/quote/hkg/1310/financials/
HKBN,free_cash_flow,自由现金流,2025,"1,417",ok,income,Free Cash Flow,1417,diff=0.0,https://stockanalysis.com/quote/hkg/1310/financials/
HKBN,cash_and_equivalents,现金及等价物,2023,"1,017",ok,balance,Cash & Equivalents,1017,diff=0.0,https://stockanalysis.com/quote/hkg/1310/financials/balance-sheet/
HKBN,cash_and_equivalents,现金及等价物,2024,"1,217",ok,balance,Cash & Equivalents,1217,diff=0.0,https://stockanalysis.com/quote/hkg/1310/financials/balance-sheet/
HKBN,cash_and_equivalents,现金及等价物,2025,"1,192",ok,balance,Cash & Equivalents,1192,diff=0.0,https://stockanalysis.com/quote/hkg/1310/financials/balance-sheet/
HKBN,total_assets,总资产,2023,"18,148",ok,balance,Total Assets,18148,diff=0.0,https://stockanalysis.com/quote/hkg/1310/financials/balance-sheet/
HKBN,total_assets,总资产,2024,"17,669",ok,balance,Total Assets,17669,diff=0.0,https://stockanalysis.com/quote/hkg/1310/financials/balance-sheet/
HKBN,total_assets,总资产,2025,"17,253",ok,balance,Total Assets,17253,diff=0.0,https://stockanalysis.com/quote/hkg/1310/financials/balance-sheet/
HKBN,total_debt,总债务,2023,"11,493",ok,balance,Total Debt,11493,diff=0.0,https://stockanalysis.com/quote/hkg/1310/financials/balance-sheet/
HKBN,total_debt,总债务,2024,"11,502",ok,balance,Total Debt,11502,diff=0.0,https://stockanalysis.com/quote/hkg/1310/financials/balance-sheet/
HKBN,total_debt,总债务,2025,"11,291",ok,balance,Total Debt,11291,diff=0.0,https://stockanalysis.com/quote/hkg/1310/financials/balance-sheet/
i-CABLE,revenue,营业收入/收益,2023,597.9,ok,income,Revenue,597.9,diff=0.0,https://stockanalysis.com/quote/hkg/1097/financials/
i-CABLE,revenue,营业收入/收益,2024,584.49,ok,income,Revenue,584.49,diff=0.0,https://stockanalysis.com/quote/hkg/1097/financials/
i-CABLE,revenue,营业收入/收益,2025,538.74,ok,income,Revenue,538.74,diff=0.0,https://stockanalysis.com/quote/hkg/1097/financials/
i-CABLE,revenue_growth_yoy,收入同比增长,2023,6.24%,ok,income,Revenue Growth (YoY),6.24%,diff=0.0,https://stockanalysis.com/quote/hkg/1097/financials/
i-CABLE,revenue_growth_yoy,收入同比增长,2024,-2.24%,ok,income,Revenue Growth (YoY),-2.24%,diff=0.0,https://stockanalysis.com/quote/hkg/1097/financials/
i-CABLE,revenue_growth_yoy,收入同比增长,2025,-7.83%,ok,income,Revenue Growth (YoY),-7.83%,diff=0.0,https://stockanalysis.com/quote/hkg/1097/financials/
i-CABLE,gross_profit,毛利,2023,-218.15,ok,income,Gross Profit,-218.15,diff=0.0,https://stockanalysis.com/quote/hkg/1097/financials/
i-CABLE,gross_profit,毛利,2024,-174.76,ok,income,Gross Profit,-174.76,diff=0.0,https://stockanalysis.com/quote/hkg/1097/financials/
i-CABLE,gross_profit,毛利,2025,-165.37,ok,income,Gross Profit,-165.37,diff=0.0,https://stockanalysis.com/quote/hkg/1097/financials/
i-CABLE,gross_margin,毛利率,2023,-36.49%,ok,income,Gross Margin,-36.49%,diff=0.0,https://stockanalysis.com/quote/hkg/1097/financials/
i-CABLE,gross_margin,毛利率,2024,-29.90%,ok,income,Gross Margin,-29.90%,diff=0.0,https://stockanalysis.com/quote/hkg/1097/financials/
i-CABLE,gross_margin,毛利率,2025,-30.70%,ok,income,Gross Margin,-30.70%,diff=0.0,https://stockanalysis.com/quote/hkg/1097/financials/
i-CABLE,operating_income,经营利润/营业利润,2023,-427.77,ok,income,Operating Income,-427.77,diff=0.0,https://stockanalysis.com/quote/hkg/1097/financials/
i-CABLE,operating_income,经营利润/营业利润,2024,-409.76,ok,income,Operating Income,-409.76,diff=0.0,https://stockanalysis.com/quote/hkg/1097/financials/
i-CABLE,operating_income,经营利润/营业利润,2025,-360.35,ok,income,Operating Income,-360.35,diff=0.0,https://stockanalysis.com/quote/hkg/1097/financials/
i-CABLE,operating_margin,经营利润率,2023,-71.55%,ok,income,Operating Margin,-71.55%,diff=0.0,https://stockanalysis.com/quote/hkg/1097/financials/
i-CABLE,operating_margin,经营利润率,2024,-70.11%,ok,income,Operating Margin,-70.11%,diff=0.0,https://stockanalysis.com/quote/hkg/1097/financials/
i-CABLE,operating_margin,经营利润率,2025,-66.89%,ok,income,Operating Margin,-66.89%,diff=0.0,https://stockanalysis.com/quote/hkg/1097/financials/
i-CABLE,net_income,净利润/股东应占利润,2023,-589.27,ok,income,Net Income,-589.27,diff=0.0,https://stockanalysis.com/quote/hkg/1097/financials/
i-CABLE,net_income,净利润/股东应占利润,2024,-553.34,ok,income,Net Income,-553.34,diff=0.0,https://stockanalysis.com/quote/hkg/1097/financials/
i-CABLE,net_income,净利润/股东应占利润,2025,-489.98,ok,income,Net Income,-489.98,diff=0.0,https://stockanalysis.com/quote/hkg/1097/financials/
i-CABLE,ebitda,EBITDA,2023,-343.23,ok,income,EBITDA,-343.23,diff=0.0,https://stockanalysis.com/quote/hkg/1097/financials/
i-CABLE,ebitda,EBITDA,2024,-341.96,ok,income,EBITDA,-341.96,diff=0.0,https://stockanalysis.com/quote/hkg/1097/financials/
i-CABLE,ebitda,EBITDA,2025,-302.59,ok,income,EBITDA,-302.59,diff=0.0,https://stockanalysis.com/quote/hkg/1097/financials/
i-CABLE,ebitda_margin,EBITDA率,2023,-57.41%,ok,income_derived,EBITDA / Revenue,-57.41%,EBITDA=-343.23; Revenue=597.9; diff=0.0,https://stockanalysis.com/quote/hkg/1097/financials/
i-CABLE,ebitda_margin,EBITDA率,2024,-58.51%,ok,income_derived,EBITDA / Revenue,-58.51%,EBITDA=-341.96; Revenue=584.49; diff=0.0,https://stockanalysis.com/quote/hkg/1097/financials/
i-CABLE,ebitda_margin,EBITDA率,2025,-56.17%,ok,income_derived,EBITDA / Revenue,-56.17%,EBITDA=-302.59; Revenue=538.74; diff=0.0,https://stockanalysis.com/quote/hkg/1097/financials/
i-CABLE,operating_cash_flow,经营现金流,2023,-287.25,ok,cashflow,Operating Cash Flow,-287.25,diff=0.0,https://stockanalysis.com/quote/hkg/1097/financials/cash-flow-statement/
i-CABLE,operating_cash_flow,经营现金流,2024,-220.65,ok,cashflow,Operating Cash Flow,-220.65,diff=0.0,https://stockanalysis.com/quote/hkg/1097/financials/cash-flow-statement/
i-CABLE,operating_cash_flow,经营现金流,2025,-213.92,ok,cashflow,Operating Cash Flow,-213.92,diff=0.0,https://stockanalysis.com/quote/hkg/1097/financials/cash-flow-statement/
i-CABLE,capital_expenditures,资本开支,2023,-76.75,ok,cashflow,Capital Expenditures,-76.75,diff=0.0,https://stockanalysis.com/quote/hkg/1097/financials/cash-flow-statement/
i-CABLE,capital_expenditures,资本开支,2024,-66.7,ok,cashflow,Capital Expenditures,-66.7,diff=0.0,https://stockanalysis.com/quote/hkg/1097/financials/cash-flow-statement/
i-CABLE,capital_expenditures,资本开支,2025,-52.02,ok,cashflow,Capital Expenditures,-52.02,diff=0.0,https://stockanalysis.com/quote/hkg/1097/financials/cash-flow-statement/
i-CABLE,free_cash_flow,自由现金流,2023,-364,ok,income,Free Cash Flow,-364,diff=0.0,https://stockanalysis.com/quote/hkg/1097/financials/
i-CABLE,free_cash_flow,自由现金流,2024,-287.35,ok,income,Free Cash Flow,-287.35,diff=0.0,https://stockanalysis.com/quote/hkg/1097/financials/
i-CABLE,free_cash_flow,自由现金流,2025,-265.93,ok,income,Free Cash Flow,-265.93,diff=0.0,https://stockanalysis.com/quote/hkg/1097/financials/
i-CABLE,cash_and_equivalents,现金及等价物,2023,28.92,ok,balance,Cash & Equivalents,28.92,diff=0.0,https://stockanalysis.com/quote/hkg/1097/financials/balance-sheet/
i-CABLE,cash_and_equivalents,现金及等价物,2024,53.77,ok,balance,Cash & Equivalents,53.77,diff=0.0,https://stockanalysis.com/quote/hkg/1097/financials/balance-sheet/
i-CABLE,cash_and_equivalents,现金及等价物,2025,113.73,ok,balance,Cash & Equivalents,113.73,diff=0.0,https://stockanalysis.com/quote/hkg/1097/financials/balance-sheet/
i-CABLE,total_assets,总资产,2023,945.16,ok,balance,Total Assets,945.16,diff=0.0,https://stockanalysis.com/quote/hkg/1097/financials/balance-sheet/
i-CABLE,total_assets,总资产,2024,882.53,ok,balance,Total Assets,882.53,diff=0.0,https://stockanalysis.com/quote/hkg/1097/financials/balance-sheet/
i-CABLE,total_assets,总资产,2025,867.06,ok,balance,Total Assets,867.06,diff=0.0,https://stockanalysis.com/quote/hkg/1097/financials/balance-sheet/
i-CABLE,total_debt,总债务,2023,"1,843",ok,balance,Total Debt,1843,diff=0.0,https://stockanalysis.com/quote/hkg/1097/financials/balance-sheet/
i-CABLE,total_debt,总债务,2024,"2,277",ok,balance,Total Debt,2277,diff=0.0,https://stockanalysis.com/quote/hkg/1097/financials/balance-sheet/
i-CABLE,total_debt,总债务,2025,"2,724",ok,balance,Total Debt,2724,diff=0.0,https://stockanalysis.com/quote/hkg/1097/financials/balance-sheet/
