run_time	run_time_hkt	row	row_status	url	final_url	http_status	method	elapsed_seconds	bytes	title	extracted_fields	missing_fields	content_hash	source_policy	source_type	jurisdiction	tos_status	robots_status	robots_allowed	skip_reason	error
2026-06-10T09:43:13.657749+00:00	2026-06-10T17:43:13.658027+08:00	2	ok	https://stockanalysis.com/quote/hkg/6823/revenue/	https://stockanalysis.com/quote/hkg/6823/revenue/	200	httpx	3.982	88023	HKT Trust and HKT (HKG:6823) Revenue	运营收入/总收益,服务收入,EBITDA,净利润,客户数/用户数,5G用户数,ARPU,资本开支,派息,战略升级,券商观点,市场反应,宽频线数/家宽用户数		958394bb1261fceb894c5968142d4dad78fddd08cea65d9932411aa744b36a47	allow	commercial_data	US	approved	checked	True		
2026-06-10T09:43:13.657749+00:00	2026-06-10T17:43:13.658027+08:00	2	ok	https://www.hkt.com/en/about-hkt/investor-relations/financial-results/	https://www.hkt.com/en/about-hkt/investor-relations/financial-results/	200	httpx	3.994	138154	HKT	运营收入/总收益,服务收入,EBITDA,净利润,客户数/用户数,5G用户数,ARPU,资本开支,派息,战略升级,券商观点,市场反应,宽频线数/家宽用户数		26adb70e6015c2ae0cd05a65c151c91d3fced63b7527a082e2fdbec4e5470884	allow	company_official	HK	requires_periodic_review	checked	True		
2026-06-10T09:43:13.657749+00:00	2026-06-10T17:43:13.658027+08:00	2	ok	https://www.hkt.com/en/about-hkt/investor-relations/fast-facts/	https://www.hkt.com/en/about-hkt/investor-relations/fast-facts/	200	httpx	4.114	69769	HKT	运营收入/总收益,服务收入,EBITDA,净利润,客户数/用户数,5G用户数,ARPU,资本开支,派息,战略升级,券商观点,市场反应,宽频线数/家宽用户数		66f50bd66d10629d069da351f6c9661c51a72f8c4487d7a7fa7a2c56613a51a9	allow	company_official	HK	requires_periodic_review	checked	True		
2026-06-10T09:43:13.657749+00:00	2026-06-10T17:43:13.658027+08:00	2	ok	https://www.hkcsl.com/en/csl-local-prepaid-sim-card	https://www.hkcsl.com/en/csl-local-prepaid-sim-card	200	httpx	4.196	199469	Local Prepaid SIM Card in Hong Kong | csl	运营收入/总收益,服务收入,EBITDA,净利润,客户数/用户数,5G用户数,ARPU,资本开支,派息,战略升级,券商观点,市场反应,宽频线数/家宽用户数		19b6f26ca1ea40f8b588c042cd409464c9f3eaa816ed415c31128c1656f2484b	allow	company_official	HK	requires_periodic_review	checked	True		
2026-06-10T09:43:13.657749+00:00	2026-06-10T17:43:13.658027+08:00	2	ok	https://stockanalysis.com/quote/hkg/6823/financials/	https://stockanalysis.com/quote/hkg/6823/financials/	200	httpx	4.234	140105	HKT Trust and HKT (HKG:6823) Financials & Income Statement	运营收入/总收益,服务收入,EBITDA,净利润,客户数/用户数,5G用户数,ARPU,资本开支,派息,战略升级,券商观点,市场反应,宽频线数/家宽用户数		94b799b76994fbcf8278d348100e8e98d9d4d9a35928cb4ed27844d566154276	allow	commercial_data	US	approved	checked	True		
2026-06-10T09:43:13.657749+00:00	2026-06-10T17:43:13.658027+08:00	2	ok	https://www.1010.com.hk/	https://www.1010.com.hk/	200	httpx	1.111	160054	1O1O HK | Best 5G | #1 Strongest 5G Plan	运营收入/总收益,服务收入,EBITDA,净利润,客户数/用户数,5G用户数,ARPU,资本开支,派息,战略升级,券商观点,市场反应,宽频线数/家宽用户数		b668caeb51e731c7a2806e56ad199b7c527104b8294c1b68e2e157d73743ee19	allow	company_official	HK	requires_periodic_review	checked	True		
2026-06-10T09:43:13.657749+00:00	2026-06-10T17:43:13.658027+08:00	2	ok	https://financialreports.eu/filings/hkt-management-limited-and-hkt-limited/annual-report/2025/32579946/	https://financialreports.eu/filings/hkt-management-limited-and-hkt-limited/annual-report/2025/32579946/	200	httpx	1.56	780366	HKT Management Limited and HKT Limited - Annual Report 2024 | FinancialReports.eu	运营收入/总收益,服务收入,EBITDA,净利润,客户数/用户数,5G用户数,ARPU,资本开支,派息,战略升级,券商观点,市场反应,宽频线数/家宽用户数		18b1c95b34e9637183b46e3e8b8b5c620edd6f8b776fb208dbeee496854e3c9a	allow	commercial_data	EU	approved	checked	True		
2026-06-10T09:43:28.853272+00:00	2026-06-10T17:43:28.853309+08:00	3	ok	https://www.hkcsl.com/en/csl-local-prepaid-sim-card	https://www.hkcsl.com/en/csl-local-prepaid-sim-card	200	httpx	0.92	199469	Local Prepaid SIM Card in Hong Kong | csl	5G套餐,产品规格,合约期,资费,增值服务,家宽套餐,企业专线,漫游,促销折扣		19b6f26ca1ea40f8b588c042cd409464c9f3eaa816ed415c31128c1656f2484b	allow	company_official	HK	requires_periodic_review	checked	True		
2026-06-10T09:43:28.853272+00:00	2026-06-10T17:43:28.853309+08:00	3	ok	https://www.1010.com.hk/	https://www.1010.com.hk/	200	httpx	1.108	160058	1O1O HK | Best 5G | #1 Strongest 5G Plan	5G套餐,产品规格,合约期,资费,增值服务,家宽套餐,企业专线,漫游,促销折扣		b668caeb51e731c7a2806e56ad199b7c527104b8294c1b68e2e157d73743ee19	allow	company_official	HK	requires_periodic_review	checked	True		
2026-06-10T09:43:28.853272+00:00	2026-06-10T17:43:28.853309+08:00	3	ok	https://www.hkcsl-5g.com/en/5g-tariff-plan/	https://www.hkcsl-5g.com/en/5g-tariff-plan/	200	httpx	1.122	62795	csl 5G	5G套餐,产品规格,合约期,资费,增值服务,家宽套餐,企业专线,漫游,促销折扣		52ee1385a6da707c6998cc37f5823556c9c5960bcae14beef8d9b7c0c83bf7ce	allow	company_official	HK	requires_periodic_review	not_found_allow	True		
2026-06-10T09:43:28.853272+00:00	2026-06-10T17:43:28.853309+08:00	3	ok	https://www.hkt.com/en/about-hkt/investor-relations/fast-facts/	https://www.hkt.com/en/about-hkt/investor-relations/fast-facts/	200	httpx	0.813	69769	HKT	5G套餐,产品规格,合约期,资费,增值服务,家宽套餐,企业专线,漫游,促销折扣		66f50bd66d10629d069da351f6c9661c51a72f8c4487d7a7fa7a2c56613a51a9	allow	company_official	HK	requires_periodic_review	checked	True		
2026-06-10T09:43:28.853272+00:00	2026-06-10T17:43:28.853309+08:00	3	ok	https://www.1010corporate.com/en/news-updates/ezone-open-api-digital-innovation/	https://www.1010corporate.com/en/news-updates/ezone-open-api-digital-innovation/	200	httpx	3.075	66390	HKT Enterprise Solutions: Open APIs Powering Hong Kong’s Digital Innovation and Enterprise Efficiency | 1O1O Corporate Solutions	5G套餐,产品规格,合约期,资费,增值服务,家宽套餐,企业专线,漫游,促销折扣		5cfacd5e66890922224dc8a48a07c91e96f580a0452afbb3eb69fe01a5b77a45	allow	company_official	HK	requires_periodic_review	checked	True		
2026-06-10T09:43:28.853272+00:00	2026-06-10T17:43:28.853309+08:00	3	ok	https://www.netvigator.com/eng/index.html	https://www.netvigator.com/eng/index.html	200	curl_crawler_rewrite	9.502	51550	Netvigator | NETVIGATOR Home Broadband	5G套餐,产品规格,合约期,资费,增值服务,家宽套餐,企业专线,漫游,促销折扣		28821a9e896babb486b4ede6dea10793ef95360365cfa076c332617a76d92c29	allow	company_official	HK	requires_periodic_review	checked	True		
2026-06-10T09:43:39.862199+00:00	2026-06-10T17:43:39.862215+08:00	4	partial	https://www.1010corporate.com/en/news-updates/ezone-open-api-digital-innovation/	https://www.1010corporate.com/en/news-updates/ezone-open-api-digital-innovation/	200	httpx	3.666	66390	HKT Enterprise Solutions: Open APIs Powering Hong Kong’s Digital Innovation and Enterprise Efficiency | 1O1O Corporate Solutions	战略合作,中标,投资并购,5G-A,网络API,边缘计算,数据中心,高管人事	csl:投资并购,1O1O:投资并购	5cfacd5e66890922224dc8a48a07c91e96f580a0452afbb3eb69fe01a5b77a45	allow	company_official	HK	requires_periodic_review	checked	True		
2026-06-10T09:43:39.862199+00:00	2026-06-10T17:43:39.862215+08:00	4	partial	https://www.hkt.com/en/about-hkt/investor-relations/fast-facts/	https://www.hkt.com/en/about-hkt/investor-relations/fast-facts/	200	httpx	3.681	69769	HKT	战略合作,中标,投资并购,5G-A,网络API,边缘计算,数据中心,高管人事	csl:投资并购,1O1O:投资并购	66f50bd66d10629d069da351f6c9661c51a72f8c4487d7a7fa7a2c56613a51a9	allow	company_official	HK	requires_periodic_review	checked	True		
2026-06-10T09:43:39.862199+00:00	2026-06-10T17:43:39.862215+08:00	4	partial	https://www.hkcsl.com/en/csl-local-prepaid-sim-card	https://www.hkcsl.com/en/csl-local-prepaid-sim-card	200	httpx	3.971	199469	Local Prepaid SIM Card in Hong Kong | csl	战略合作,中标,投资并购,5G-A,网络API,边缘计算,数据中心,高管人事	csl:投资并购,1O1O:投资并购	19b6f26ca1ea40f8b588c042cd409464c9f3eaa816ed415c31128c1656f2484b	allow	company_official	HK	requires_periodic_review	checked	True		
2026-06-10T09:43:39.862199+00:00	2026-06-10T17:43:39.862215+08:00	4	partial	https://www.1010.com.hk/	https://www.1010.com.hk/	200	httpx	4.016	160054	1O1O HK | Best 5G | #1 Strongest 5G Plan	战略合作,中标,投资并购,5G-A,网络API,边缘计算,数据中心,高管人事	csl:投资并购,1O1O:投资并购	b668caeb51e731c7a2806e56ad199b7c527104b8294c1b68e2e157d73743ee19	allow	company_official	HK	requires_periodic_review	checked	True		
2026-06-10T09:43:46.816484+00:00	2026-06-10T17:43:46.816515+08:00	5	ok	https://m.hthkh.com/en/ir/presentations.php	https://m.hthkh.com/en/ir/presentations.php	200	httpx	0.914	24996	Hutchison Telecommunications Hong Kong Holdings Limited	运营收入/总收益,服务收入,EBITDA,净利润,客户数/用户数,5G用户数,ARPU,资本开支,派息,战略升级,券商观点,市场反应		fb1f36a00f3aad856cae54350d0ab74d9ba5ae31da0a2381d497b6557d4ad06b	allow	company_official	HK	requires_periodic_review	not_found_allow	True		
2026-06-10T09:43:46.816484+00:00	2026-06-10T17:43:46.816515+08:00	5	ok	https://www.hthkh.com/en/ir/reports.php	https://www.hthkh.com/en/ir/reports.php	200	httpx	1.204	38720	Hutchison Telecommunications Hong Kong Holdings Limited - Investor Relations > Annual & Interim Reports	运营收入/总收益,服务收入,EBITDA,净利润,客户数/用户数,5G用户数,ARPU,资本开支,派息,战略升级,券商观点,市场反应		36eea3cd689ed38df5a82e62222358205afb808b19cb3e616ebb591483fe58c8	allow	company_official	HK	requires_periodic_review	checked	True		
2026-06-10T09:43:46.816484+00:00	2026-06-10T17:43:46.816515+08:00	5	ok	https://www1.hkexnews.hk/listedco/listconews/sehk/2026/0401/2026040102176.pdf	https://www1.hkexnews.hk/listedco/listconews/sehk/2026/0401/2026040102176.pdf	200	httpx	1.993	12551396	PDF extracted by pdftotext	运营收入/总收益,服务收入,EBITDA,净利润,客户数/用户数,5G用户数,ARPU,资本开支,派息,战略升级,券商观点,市场反应		ee18766ec622c9fc5f97bd0e1cb769dc800b8a8459e6bfe17ec8bb6465246f8b	allow	exchange_public_disclosure	HK	public_disclosure	not_found_allow	True		
2026-06-10T09:43:52.298366+00:00	2026-06-10T17:43:52.298383+08:00	6	ok	https://www.hthkh.com/en/media/press_3hk.php	https://www.hthkh.com/en/media/press_3hk.php	200	httpx	0.752	27246	Hutchison Telecommunications Hong Kong Holdings Limited - Media Centre > Press Releases	5G套餐,SoSIM/Mo+,企业方案,漫游,促销折扣		f32e2b09b5ef44442910a4020e4cabde8fdd28a39f82099bf0c3ebdb161e6554	allow	company_official	HK	requires_periodic_review	checked	True		
2026-06-10T09:43:52.298366+00:00	2026-06-10T17:43:52.298383+08:00	6	ok	https://m.hthkh.com/en/media/press.php	https://m.hthkh.com/en/media/press.php	200	httpx	0.918	21448	Hutchison Telecommunications Hong Kong Holdings Limited	5G套餐,SoSIM/Mo+,企业方案,漫游,促销折扣		59fe560098d3ae75e47d8947e47602dad3d1ea6c50b0ba464047f313ea580fce	allow	company_official	HK	requires_periodic_review	not_found_allow	True		
2026-06-10T09:43:52.298366+00:00	2026-06-10T17:43:52.298383+08:00	6	ok	https://web.three.com.hk/plans/3business5g/index-en.html	https://web.three.com.hk/plans/3business5g/index-en.html	200	httpx	1.008	77331	3Business	5G套餐,SoSIM/Mo+,企业方案,漫游,促销折扣		034c9b880805e9befced0819185a24b319242088a6f09ca529d5b8cbbb1806a2	allow	company_official	HK	requires_periodic_review	checked	True		
2026-06-10T09:43:52.298366+00:00	2026-06-10T17:43:52.298383+08:00	6	ok	https://web.three.com.hk/plans/apac/index2-en.html	https://web.three.com.hk/plans/apac/index2-en.html	200	httpx	1.074	153543	New 'World Plan' | Data usable worldwide + Free travel insurance | 3HK	5G套餐,SoSIM/Mo+,企业方案,漫游,促销折扣		977060aea5404b3b290595f6d4f6d3ccb425bb59cd975aaea5d64e1dc9b917e0	allow	company_official	HK	requires_periodic_review	checked	True		
2026-06-10T09:43:56.647862+00:00	2026-06-10T17:43:56.647870+08:00	7	ok	https://m.hthkh.com/en/media/press.php	https://m.hthkh.com/en/media/press.php	200	httpx	0.271	21448	Hutchison Telecommunications Hong Kong Holdings Limited	战略合作,中标,5G-A,企业ICT,IoT,区域动作		59fe560098d3ae75e47d8947e47602dad3d1ea6c50b0ba464047f313ea580fce	allow	company_official	HK	requires_periodic_review	not_found_allow	True		
2026-06-10T09:43:56.647862+00:00	2026-06-10T17:43:56.647870+08:00	7	ok	https://www.hthkh.com/en/media/press_3hk.php	https://www.hthkh.com/en/media/press_3hk.php	200	httpx	0.277	27246	Hutchison Telecommunications Hong Kong Holdings Limited - Media Centre > Press Releases	战略合作,中标,5G-A,企业ICT,IoT,区域动作		f32e2b09b5ef44442910a4020e4cabde8fdd28a39f82099bf0c3ebdb161e6554	allow	company_official	HK	requires_periodic_review	checked	True		
2026-06-10T09:44:00.759650+00:00	2026-06-10T17:44:00.759677+08:00	8	ok	https://financialreports.eu/filings/smartone-telecommunications-holdings-limited/interim-quarterly-report/2025/17900712/	https://financialreports.eu/filings/smartone-telecommunications-holdings-limited/interim-quarterly-report/2025/17900712/	200	httpx	0.542	142872	SmarTone Telecommunications Holdings Limited - Interim / Quarterly Report 2025 | FinancialReports.eu	运营收入/总收益,服务收入,EBITDA,净利润,客户数/用户数,5G用户数,ARPU,资本开支,派息,战略升级,券商观点,市场反应		9e029c24f81c181eed2e1871bf14d0ed5f17af7cec066f98d3cf513600ff73d3	allow	commercial_data	EU	approved	checked	True		
2026-06-10T09:44:00.759650+00:00	2026-06-10T17:44:00.759677+08:00	8	ok	https://financialreports.eu/filings/smartone-telecommunications-holdings-limited/interim-quarterly-report/2026/33085922/	https://financialreports.eu/filings/smartone-telecommunications-holdings-limited/interim-quarterly-report/2026/33085922/	200	httpx	0.606	231981	SmarTone Telecommunications Holdings Limited - Interim / Quarterly Report 2026 | FinancialReports.eu	运营收入/总收益,服务收入,EBITDA,净利润,客户数/用户数,5G用户数,ARPU,资本开支,派息,战略升级,券商观点,市场反应		130e4f5bd1ac74f6d730873a6d85a9c96248cadc9a9573cd386a093b6a827c53	allow	commercial_data	EU	approved	checked	True		
2026-06-10T09:44:00.759650+00:00	2026-06-10T17:44:00.759677+08:00	8	ok	https://www.smartoneholdings.com/jsp/site/investor_relations/financial_reports/english/index.jsp	https://www.smartoneholdings.com/jsp/site/investor_relations/financial_reports/english/index.jsp	200	httpx	0.858	52479	Financial Reports - Investors Relations	运营收入/总收益,服务收入,EBITDA,净利润,客户数/用户数,5G用户数,ARPU,资本开支,派息,战略升级,券商观点,市场反应		0ce11be5cb206c6cee057d0bc29735de0c21f706b86579686a0d9c3dc1cd8a1b	allow	company_official	HK	requires_periodic_review	not_found_allow	True		
2026-06-10T09:44:00.759650+00:00	2026-06-10T17:44:00.759677+08:00	8	ok	https://www.smartoneholdings.com/about/investor/results/english/2025_annual_present.pdf	https://www.smartoneholdings.com/about/investor/results/english/2025_annual_present.pdf	200	httpx	1.115	2933734	PDF extracted by pdftotext	运营收入/总收益,服务收入,EBITDA,净利润,客户数/用户数,5G用户数,ARPU,资本开支,派息,战略升级,券商观点,市场反应		1299698eeac2192835ee8e1aaec82219dd2992823197e5ef4d323d076e92a382	allow	company_official	HK	requires_periodic_review	not_found_allow	True		
2026-06-10T09:44:00.759650+00:00	2026-06-10T17:44:00.759677+08:00	8	ok	https://www.smartoneholdings.com/about/investor/results/english/2026_interim_present.pdf	https://www.smartoneholdings.com/about/investor/results/english/2026_interim_present.pdf	200	httpx	1.39	3484296	PDF extracted by pdftotext	运营收入/总收益,服务收入,EBITDA,净利润,客户数/用户数,5G用户数,ARPU,资本开支,派息,战略升级,券商观点,市场反应		02c14d9dfb8bfbbbf9c9d49fb3cef053db4877b1b09cc5b82d9f9c3b63973380	allow	company_official	HK	requires_periodic_review	not_found_allow	True		
2026-06-10T09:44:11.776360+00:00	2026-06-10T17:44:11.776409+08:00	9	ok	https://5g.smartone.com/en/mobile_and_price_plans/subscription-offers/	https://5g.smartone.com/en/mobile_and_price_plans/subscription-offers/	200	httpx	4.282	1673274	SmarTone 5G – World Class 5G experience. Only at SmarTone	5G套餐,家宽,企业方案,漫游,促销折扣		7a15d6a0f0870fc3eb2d8d75f6df73704374761af51eb31b8085b695d1b448af	allow	company_official	HK	requires_periodic_review	checked	True		
2026-06-10T09:44:11.776360+00:00	2026-06-10T17:44:11.776409+08:00	9	ok	https://5g.smartone.com/en/mobile_and_price_plans/roaming/apac_worldwide_roaming_data_pack/charges.jsp	https://5g.smartone.com/en/mobile_and_price_plans/roaming/apac_worldwide_roaming_data_pack/charges.jsp	200	httpx	8.861	118084	SmarTone 5G – World Class 5G experience. Only at SmarTone	5G套餐,家宽,企业方案,漫游,促销折扣		756b1e0609f974347493039ab09de5cd267b72137edf84242053eb1fa6ad490c	allow	company_official	HK	requires_periodic_review	checked	True		
2026-06-10T09:44:15.537005+00:00	2026-06-10T17:44:15.537030+08:00	10	ok	https://www.smartoneholdings.com/about/investor/results/english/2026_interim_present.pdf	https://www.smartoneholdings.com/about/investor/results/english/2026_interim_present.pdf	200	httpx	0.899	3484296	PDF extracted by pdftotext	战略合作,中标,5G-A,家宽布局,区域动作		02c14d9dfb8bfbbbf9c9d49fb3cef053db4877b1b09cc5b82d9f9c3b63973380	allow	company_official	HK	requires_periodic_review	not_found_allow	True		
2026-06-10T09:44:15.537005+00:00	2026-06-10T17:44:15.537030+08:00	10	ok	https://www.aastocks.com/en/stocks/analysis/stock-aafn/00315/0/all/1	https://www.aastocks.com/en/stocks/analysis/stock-aafn/00315/0/hk-stock-news/1	200	httpx	1.734	245006	AASTOCKS Financial News - SMARTONE TELE (00315.HK)	战略合作,中标,5G-A,家宽布局,区域动作		cfd8ccf9af74e39e73b0b0c3f2a5e66c3e29388d5bb1ac96f8494beeba4e326b	allow	commercial_data	HK	approved	checked	True		
2026-06-10T09:44:24.167302+00:00	2026-06-10T17:44:24.167311+08:00	11	ok	https://www.hkbn.net/group/en/newsroom/press-releases/20251031_FY25_Annual_Results	https://www.hkbn.net/group/en/newsroom/press-releases/20251031_FY25_Annual_Results	200	httpx	0.975	81220	Press Releases | HKBN	总收入,板块收入分拆,EBITDA,净利润,融资成本,资本开支,商誉,资产负债率,用户数,商业楼宇覆盖率,派息,战略升级,券商观点,市场反应		a3fe46e602fe23baaf516a67b9b1ab6a58daeaf7d086c1ac928c62a5b68e48d7	allow	company_official	HK	requires_periodic_review	checked	True		
2026-06-10T09:44:24.167302+00:00	2026-06-10T17:44:24.167311+08:00	11	ok	https://reg.hkbn.net/WwwCMS/upload/pdf/en/e_AnnualReport_2025.pdf	https://reg.hkbn.net/WwwCMS/upload/pdf/en/e_AnnualReport_2025.pdf	200	httpx	5.59	11010020	PDF extracted by pdftotext	总收入,板块收入分拆,EBITDA,净利润,融资成本,资本开支,商誉,资产负债率,用户数,商业楼宇覆盖率,派息,战略升级,券商观点,市场反应		ad397c030e1a7607ea65f3b1e5282506faff1c341c1893bc22af4830c1737010	allow	company_official	HK	requires_periodic_review	checked	True		
2026-06-10T09:44:30.889715+00:00	2026-06-10T17:44:30.889765+08:00	12	ok	https://www.hkbn.net/group/en/newsroom/press-releases/20251031_FY25_Annual_Results	https://www.hkbn.net/group/en/newsroom/press-releases/20251031_FY25_Annual_Results	200	httpx	0.541	81220	Press Releases | HKBN	业绩报告公告,董事会,股东大会,派息,持续性关联交易		a3fe46e602fe23baaf516a67b9b1ab6a58daeaf7d086c1ac928c62a5b68e48d7	allow	company_official	HK	requires_periodic_review	checked	True		
2026-06-10T09:44:30.889715+00:00	2026-06-10T17:44:30.889765+08:00	12	ok	https://www.hkbn.net/group/en/investor-engagement/announcement-circulars	https://www.hkbn.net/group/en/investor-engagement/announcement-circulars	200	httpx	1.07	882954	Announcements & Circulars | HKBN	业绩报告公告,董事会,股东大会,派息,持续性关联交易		678941b3941825030ca7e8556a1db9a76a76ee375e083ce0c902e581b867ec95	allow	company_official	HK	requires_periodic_review	checked	True		
2026-06-10T09:44:30.889715+00:00	2026-06-10T17:44:30.889765+08:00	12	ok	https://reg.hkbn.net/WwwCMS/upload/pdf/en/e_AnnualReport_2025.pdf	https://reg.hkbn.net/WwwCMS/upload/pdf/en/e_AnnualReport_2025.pdf	200	httpx	4.699	11010020	PDF extracted by pdftotext	业绩报告公告,董事会,股东大会,派息,持续性关联交易		ad397c030e1a7607ea65f3b1e5282506faff1c341c1893bc22af4830c1737010	allow	company_official	HK	requires_periodic_review	checked	True		
2026-06-10T09:44:33.646948+00:00	2026-06-10T17:44:33.646964+08:00	13	ok	https://stockanalysis.com/quote/hkg/1310/	https://stockanalysis.com/quote/hkg/1310/	200	httpx	0.796	99226	HKBN Ltd. (HKG:1310) Stock Price & Overview	股价异动		c729749517af08ebe56b4835ca52af8226d7cd67d855ac4a9b10b5553672523a	allow	commercial_data	US	approved	checked	True		
2026-06-10T09:44:33.646948+00:00	2026-06-10T17:44:33.646964+08:00	13	ok	https://www.aastocks.com/en/stocks/quote/detail-quote.aspx?symbol=01310	https://www.aastocks.com/en/stocks/quote/detail-quote.aspx?symbol=01310	200	httpx	0.9	210887	Detail Quote	股价异动		f0cb96fdea4cd9a7dc86574d083ed3bec1dc7d1ea8728663582348b4b910b9a5	allow	commercial_data	HK	approved	checked	True		
2026-06-10T09:44:33.646948+00:00	2026-06-10T17:44:33.646964+08:00	13	ok	https://www.hkbn.net/group/en/investor-engagement/announcement-circulars	https://www.hkbn.net/group/en/investor-engagement/announcement-circulars	200	httpx	0.926	882954	Announcements & Circulars | HKBN	股价异动		678941b3941825030ca7e8556a1db9a76a76ee375e083ce0c902e581b867ec95	allow	company_official	HK	requires_periodic_review	checked	True		
2026-06-10T09:44:37.606253+00:00	2026-06-10T17:44:37.606272+08:00	14	ok	https://www.hkbn.net/group/en/newsroom/press-releases/20251031_FY25_Annual_Results	https://www.hkbn.net/group/en/newsroom/press-releases/20251031_FY25_Annual_Results	200	httpx	0.296	81220	Press Releases | HKBN	宽带套餐,企业ICT,云/安全,融合产品,重大合作,区域布局		a3fe46e602fe23baaf516a67b9b1ab6a58daeaf7d086c1ac928c62a5b68e48d7	allow	company_official	HK	requires_periodic_review	checked	True		
2026-06-10T09:44:37.606253+00:00	2026-06-10T17:44:37.606272+08:00	14	ok	https://reg.hkbn.net/WwwCMS/upload/web/en/20260401_HIKMICRO.html	https://reg.hkbn.net/WwwCMS/upload/web/en/20260401_HIKMICRO.html	200	httpx	0.583	18424	HKBN Enterprise Solutions Forges Exclusive Distribution Partnership with HIKMICRO Empowering Intelligent Security and Efficient Management for Businesses	宽带套餐,企业ICT,云/安全,融合产品,重大合作,区域布局		8064bdd20a7291f4ec8d950fc363821512fb4771ff384a435de50aad3ca63ff5	allow	company_official	HK	requires_periodic_review	checked	True		
2026-06-10T09:44:37.606253+00:00	2026-06-10T17:44:37.606272+08:00	14	ok	https://reg.hkbn.net/WwwCMS/upload/web/en/20241128-TPLink.html	https://reg.hkbn.net/WwwCMS/upload/web/en/20241128-TPLink.html	200	httpx	0.601	18654	HKBN Launches GigaFast Broadband with Wi-Fi 7 Routers	宽带套餐,企业ICT,云/安全,融合产品,重大合作,区域布局		691c1f8fed99ea722be9fc33dfa038e057fc3fcbc6219553f72cca1efa957db9	allow	company_official	HK	requires_periodic_review	checked	True		
2026-06-10T09:44:46.622571+00:00	2026-06-10T17:44:46.622596+08:00	15	partial	https://www.hgc-intl.com/	https://www.hgc-intl.com/	200	httpx	4.21	219014	HGC International Business | Global Telecom and ICT Solution Provider	家宽用户数,网络覆盖,企业通信,跨境链路,数据中心,云网产品,派息,战略升级,券商观点,市场反应	资本开支,HGC:资本开支	53e16892479cbd27789c640287ae62779559bfbef2e5326c6cdfea24cd4000db	allow	company_official	HK	requires_periodic_review	checked	True		
2026-06-10T09:44:46.622571+00:00	2026-06-10T17:44:46.622596+08:00	15	partial	https://www.hgc-intl.com/insight/hgc-sets-out-for-full-scale-transformation/	https://www.hgc-intl.com/insight/hgc-sets-out-for-full-scale-transformation/	200	httpx	6.181	182740	HGC sets out for full|scale transformation | HGC International Business	家宽用户数,网络覆盖,企业通信,跨境链路,数据中心,云网产品,派息,战略升级,券商观点,市场反应	资本开支,HGC:资本开支	c2ce5ddc4625bdced759989fcee3c3bbd14f96f0fabdbd792b6e109fd039960d	allow	company_official	HK	requires_periodic_review	checked	True		
2026-06-10T09:44:49.203537+00:00	2026-06-10T17:44:49.203546+08:00	16	ok	https://www.hgc-intl.com/insight/hgc-sets-out-for-full-scale-transformation/	https://www.hgc-intl.com/insight/hgc-sets-out-for-full-scale-transformation/	200	httpx	0.364	182740	HGC sets out for full|scale transformation | HGC International Business	海缆/跨境链路,数据中心,企业网络,合作项目		c2ce5ddc4625bdced759989fcee3c3bbd14f96f0fabdbd792b6e109fd039960d	allow	company_official	HK	requires_periodic_review	checked	True		
2026-06-10T09:44:49.203537+00:00	2026-06-10T17:44:49.203546+08:00	16	ok	https://www.hgc-intl.com/	https://www.hgc-intl.com/	200	httpx	0.396	219014	HGC International Business | Global Telecom and ICT Solution Provider	海缆/跨境链路,数据中心,企业网络,合作项目		53e16892479cbd27789c640287ae62779559bfbef2e5326c6cdfea24cd4000db	allow	company_official	HK	requires_periodic_review	checked	True		
2026-06-10T09:45:05.592352+00:00	2026-06-10T17:45:05.592369+08:00	17	ok	https://financialreports.eu/filings/i-cable-communications-limited/annual-report/2025/24023514/	https://financialreports.eu/filings/i-cable-communications-limited/annual-report/2025/24023514/	200	httpx	3.777	923560	i-Cable Communications Limited - Annual Report 2024 | FinancialReports.eu	运营收入/总收益,服务收入,EBITDA,净利润,客户数/用户数,5G用户数,ARPU,资本开支,派息,战略升级,券商观点,市场反应,宽频线数/家宽用户数,网络覆盖		0be5e0be819baa2236e605e172e55cbe9df7931855c4cc8a86e65de398737aa1	allow	commercial_data	EU	approved	checked	True		
2026-06-10T09:45:05.592352+00:00	2026-06-10T17:45:05.592369+08:00	17	ok	https://www.i-cablecomm.com/en/contact-us	https://www.i-cablecomm.com/en/contact-us	200	httpx	3.83	19549	Contact Us - 有線寬頻 | i-CABLE Communications Limited	运营收入/总收益,服务收入,EBITDA,净利润,客户数/用户数,5G用户数,ARPU,资本开支,派息,战略升级,券商观点,市场反应,宽频线数/家宽用户数,网络覆盖		3e7b2c0afbdcf5643edb378d15cae0971b73a83a98146d5d1a721a69b12566f4	allow	company_official	HK	requires_periodic_review	checked	True		
2026-06-10T09:45:05.592352+00:00	2026-06-10T17:45:05.592369+08:00	17	ok	https://www.i-cablecomm.com/en/annual-interim-reports	https://www.i-cablecomm.com/en/annual-interim-reports	200	httpx	3.833	28582	Annual & Interim Reports - 有線寬頻 | i-CABLE Communications Limited	运营收入/总收益,服务收入,EBITDA,净利润,客户数/用户数,5G用户数,ARPU,资本开支,派息,战略升级,券商观点,市场反应,宽频线数/家宽用户数,网络覆盖		abcb5b42885b4a942cdbba061ae9a109b1a8015d43b9393f91f9b114a3e0cc34	allow	company_official	HK	requires_periodic_review	checked	True		
2026-06-10T09:45:05.592352+00:00	2026-06-10T17:45:05.592369+08:00	17	ok	https://www.i-cablecomm.com/annual-interim-reports?lang=en	https://www.i-cablecomm.com/annual-interim-reports?lang=en	200	httpx	3.834	28724	年報 / 中期報告 - 有線寬頻 | i-CABLE Communications Limited	运营收入/总收益,服务收入,EBITDA,净利润,客户数/用户数,5G用户数,ARPU,资本开支,派息,战略升级,券商观点,市场反应,宽频线数/家宽用户数,网络覆盖		276a42d6ae1fe2ce20e45b94ca420281e743f063bfc446ed57c24b2cfb8b6538	allow	company_official	HK	requires_periodic_review	checked	True		
2026-06-10T09:45:05.592352+00:00	2026-06-10T17:45:05.592369+08:00	17	ok	https://stockanalysis.com/quote/hkg/1097/financials/	https://stockanalysis.com/quote/hkg/1097/financials/	200	httpx	3.868	130155	i-CABLE Communications (HKG:1097) Financials & Income Statement	运营收入/总收益,服务收入,EBITDA,净利润,客户数/用户数,5G用户数,ARPU,资本开支,派息,战略升级,券商观点,市场反应,宽频线数/家宽用户数,网络覆盖		81d0b80e7d87f04bd79a9e308396675fbe09d9b591e412544806784a54de7c00	allow	commercial_data	US	approved	checked	True		
2026-06-10T09:45:05.592352+00:00	2026-06-10T17:45:05.592369+08:00	17	ok	https://www.aastocks.com/en/stocks/analysis/stock-aafn/01097/0/all/1	https://www.aastocks.com/en/stocks/analysis/stock-aafn/01097/0/hk-stock-news/1	200	httpx	2.267	246603	AASTOCKS Financial News - I-CABLE COMM (01097.HK)	运营收入/总收益,服务收入,EBITDA,净利润,客户数/用户数,5G用户数,ARPU,资本开支,派息,战略升级,券商观点,市场反应,宽频线数/家宽用户数,网络覆盖		6a3a4399a80c46f83febf02e34e5376868be57d3aa833e26b72b3a7ff291296a	allow	commercial_data	HK	approved	checked	True		
2026-06-10T09:45:05.592352+00:00	2026-06-10T17:45:05.592369+08:00	17	ok	https://dataxis.com/actor-profile/357941/i-cable-television-and-telecom/	https://dataxis.com/product/actor-profile/i-cable-television-and-telecom/	200	httpx	6.429	319592	i-Cable - Television and Telecom - Dataxis	运营收入/总收益,服务收入,EBITDA,净利润,客户数/用户数,5G用户数,ARPU,资本开支,派息,战略升级,券商观点,市场反应,宽频线数/家宽用户数,网络覆盖		469ab6e566505c105ffbaf6fc1e480f074ca41eecb14d6555cfe6977b1a225ed	allow	commercial_data	unknown	approved	checked	True		
2026-06-10T09:45:08.497990+00:00	2026-06-10T17:45:08.498007+08:00	18	ok	https://www.i-cablecomm.com/annual-interim-reports?lang=en	https://www.i-cablecomm.com/annual-interim-reports?lang=en	200	httpx	0.348	28724	年報 / 中期報告 - 有線寬頻 | i-CABLE Communications Limited	宽带套餐,电讯业务战略合作		276a42d6ae1fe2ce20e45b94ca420281e743f063bfc446ed57c24b2cfb8b6538	allow	company_official	HK	requires_periodic_review	checked	True		
2026-06-10T09:45:08.497990+00:00	2026-06-10T17:45:08.498007+08:00	18	ok	https://www.i-cablecomm.com/en-newsroom/i-cable-communications-limited-appoints-new-chief-executive-officer	https://www.i-cablecomm.com/en-newsroom/i-cable-communications-limited-appoints-new-chief-executive-officer	200	httpx	0.386	20294	i-CABLE Communications Limited appoints new Chief Executive Officer - 有線寬頻 | i-CABLE Communications Limited	宽带套餐,电讯业务战略合作		cda32a8211c0e8006ed8d03cbf3bfebea1efa4f67e1cc52ce6d37cd465905609	allow	company_official	HK	requires_periodic_review	checked	True		
2026-06-10T09:45:08.497990+00:00	2026-06-10T17:45:08.498007+08:00	18	ok	https://financialreports.eu/filings/i-cable-communications-limited/annual-report/2025/24023514/	https://financialreports.eu/filings/i-cable-communications-limited/annual-report/2025/24023514/	200	httpx	0.795	923560	i-Cable Communications Limited - Annual Report 2024 | FinancialReports.eu	宽带套餐,电讯业务战略合作		0be5e0be819baa2236e605e172e55cbe9df7931855c4cc8a86e65de398737aa1	allow	commercial_data	EU	approved	checked	True		
2026-06-10T09:45:08.497990+00:00	2026-06-10T17:45:08.498007+08:00	18	ok	https://www.i-cablebroadband-offer.com/	https://www.i-cablebroadband-offer.com/	200	httpx	0.826	680557	有線寬頻I-CABLE | 寬頻 | 香港	宽带套餐,电讯业务战略合作		0899c9f401a96b59c2adf8e9f274bde8e167714e242421df144c36046ea11415	allow	company_official	HK	requires_periodic_review	checked	True		
2026-06-10T09:45:31.827784+00:00	2026-06-10T17:45:31.827832+08:00	19	partial	https://www.singtel.com/about-us/media-centre/news-releases/singtel-partners-ericsson-to-accelerate-industry-transformation-with-5g-advanced	https://www.singtel.com/about-us/media-centre/news-releases/singtel-partners-ericsson-to-accelerate-industry-transformation-with-5g-advanced	200	httpx	0.777	32690	Singtel partners Ericsson to accelerate industry transformation with 5G Advanced	AI,5G-A,云,企业ICT,Capex方向	Singtel:AI,云,企业ICT,Capex方向,Telstra:5G-A,云,Capex方向,SK Telecom:5G-A,KT:5G-A,NTT Docomo:5G-A,Capex方向,KDDI:5G-A,云,企业ICT,Capex方向,SoftBank:5G-A,Capex方向	325d653e249fb1903e39eb0f870e6573c47690630b5cd8b713f4b66241106fac	allow	company_official	SG	requires_periodic_review	checked	True		
2026-06-10T09:45:31.827784+00:00	2026-06-10T17:45:31.827832+08:00	19	partial	https://www.singtel.com/about-us/media-centre/news-releases/singtel-posts-fy26-net-profit	https://www.singtel.com/about-us/media-centre/news-releases/singtel-posts-fy26-net-profit	200	httpx	0.923	41042	Singtel posts FY26 net profit of S$5.61 billion; underlying profit up 12% to S$2.77 billion	AI,5G-A,云,企业ICT,Capex方向	Singtel:AI,云,企业ICT,Capex方向,Telstra:5G-A,云,Capex方向,SK Telecom:5G-A,KT:5G-A,NTT Docomo:5G-A,Capex方向,KDDI:5G-A,云,企业ICT,Capex方向,SoftBank:5G-A,Capex方向	9c8e8c5c252e09ea215b6d307f8638409dc45ea65b8cb951e3d1ac6c2d3099a0	allow	company_official	SG	requires_periodic_review	checked	True		
2026-06-10T09:45:31.827784+00:00	2026-06-10T17:45:31.827832+08:00	19	partial	https://www.telstra.com.au/aboutus/media	https://www.telstra.com.au/aboutus/media/media-releases	200	httpx	1.127	196131	Media Releases | Telstra	AI,5G-A,云,企业ICT,Capex方向	Singtel:AI,云,企业ICT,Capex方向,Telstra:5G-A,云,Capex方向,SK Telecom:5G-A,KT:5G-A,NTT Docomo:5G-A,Capex方向,KDDI:5G-A,云,企业ICT,Capex方向,SoftBank:5G-A,Capex方向	9f2276b09b2c8b1ecf7cc2343a2c882e18ac4a7ba91a0288e1f0d23f43b64074	allow	company_official	AU	requires_periodic_review	checked	True		
2026-06-10T09:45:31.827784+00:00	2026-06-10T17:45:31.827832+08:00	19	partial	https://corp.kt.com/eng/	https://corp.kt.com/eng/	200	httpx	0.921	10231	About KT | KT	AI,5G-A,云,企业ICT,Capex方向	Singtel:AI,云,企业ICT,Capex方向,Telstra:5G-A,云,Capex方向,SK Telecom:5G-A,KT:5G-A,NTT Docomo:5G-A,Capex方向,KDDI:5G-A,云,企业ICT,Capex方向,SoftBank:5G-A,Capex方向	046c290ba0fa816f70c20742d2100ef93289670a038967f0658e45718d9d8abe	allow	company_official	KR	requires_periodic_review	checked	True		
2026-06-10T09:45:31.827784+00:00	2026-06-10T17:45:31.827832+08:00	19	partial	https://news.sktelecom.com/en/2787	https://news.sktelecom.com/en/2787	200	httpx	2.018	81307	SK Telecom CEO Unveils ‘AI Native’ Strategy at MWC26, Driving Korea’s Leap in AI Innovation – SK telecom newsroom	AI,5G-A,云,企业ICT,Capex方向	Singtel:AI,云,企业ICT,Capex方向,Telstra:5G-A,云,Capex方向,SK Telecom:5G-A,KT:5G-A,NTT Docomo:5G-A,Capex方向,KDDI:5G-A,云,企业ICT,Capex方向,SoftBank:5G-A,Capex方向	92fd25dfc2b85b87e21a58b7f8082666a3f1a8cb109aa16e323b8cbf56a2e0b9	allow	company_official	KR	requires_periodic_review	checked	True		
2026-06-10T09:45:31.827784+00:00	2026-06-10T17:45:31.827832+08:00	19	partial	https://news.sktelecom.com/en/category/press-center/press-release	https://news.sktelecom.com/en/category/press-center/press-release	200	httpx	2.121	62286	Press Release – SK telecom newsroom	AI,5G-A,云,企业ICT,Capex方向	Singtel:AI,云,企业ICT,Capex方向,Telstra:5G-A,云,Capex方向,SK Telecom:5G-A,KT:5G-A,NTT Docomo:5G-A,Capex方向,KDDI:5G-A,云,企业ICT,Capex方向,SoftBank:5G-A,Capex方向	e3da8cbb7d631804724b8de2e5fae85a69e1dd42ac52a69b139f0c558e0bf2cc	allow	company_official	KR	requires_periodic_review	checked	True		
2026-06-10T09:45:31.827784+00:00	2026-06-10T17:45:31.827832+08:00	19	partial	https://www.docomo.ne.jp/english/info/media_center/pr/2026/0225_02.html	https://www.docomo.ne.jp/english/info/media_center/pr/2026/0225_02.html	200	httpx	1.335	42004	Press Releases : DOCOMO Successfully Demonstrates AI Application Operation Using Virtualized Radio Access Network (vRAN) Infrastructure | News & Notices | NTT DOCOMO	AI,5G-A,云,企业ICT,Capex方向	Singtel:AI,云,企业ICT,Capex方向,Telstra:5G-A,云,Capex方向,SK Telecom:5G-A,KT:5G-A,NTT Docomo:5G-A,Capex方向,KDDI:5G-A,云,企业ICT,Capex方向,SoftBank:5G-A,Capex方向	2bbe482a85174c35a9779786f79a4ddbe2563e1d6928e7cf225808d0669cd608	allow	company_official	JP	requires_periodic_review	not_found_allow	True		
2026-06-10T09:45:31.827784+00:00	2026-06-10T17:45:31.827832+08:00	19	partial	https://newsroom.kddi.com/english/news/detail/kddi_nr-560_3842.html	https://newsroom.kddi.com/english/news/detail/kddi_nr-560_3842.html	200	httpx	0.661	49500	KDDI and AMD agreed on technology collaboration toward advancing 5G Virtualized Network | KDDI News Room	AI,5G-A,云,企业ICT,Capex方向	Singtel:AI,云,企业ICT,Capex方向,Telstra:5G-A,云,Capex方向,SK Telecom:5G-A,KT:5G-A,NTT Docomo:5G-A,Capex方向,KDDI:5G-A,云,企业ICT,Capex方向,SoftBank:5G-A,Capex方向	7a880da5eb50c7633e07efccdd336f994f52c412d9042c6a02f095d98e8bc304	allow	company_official	JP	requires_periodic_review	not_found_allow	True		
2026-06-10T09:45:31.827784+00:00	2026-06-10T17:45:31.827832+08:00	19	partial	https://www.softbank.jp/en/corp/news/press/sbkk/2026/20260302_03/	https://www.softbank.jp/en/corp/news/press/sbkk/2026/20260302_03/	200	httpx	0.76	89423	SoftBank Corp. Announces Telco AI Cloud Vision to Build Social Infrastructure for the AI Era, Leveraging Its Telecommunications Foundation | About Us | SoftBank	AI,5G-A,云,企业ICT,Capex方向	Singtel:AI,云,企业ICT,Capex方向,Telstra:5G-A,云,Capex方向,SK Telecom:5G-A,KT:5G-A,NTT Docomo:5G-A,Capex方向,KDDI:5G-A,云,企业ICT,Capex方向,SoftBank:5G-A,Capex方向	fb58f2bf714a2a86b12d64d71bc4253a2822d078eb7551f0dd9c27cd6c6e3b0c	allow	company_official	JP	requires_periodic_review	checked	True		
2026-06-10T09:45:31.827784+00:00	2026-06-10T17:45:31.827832+08:00	19	partial	https://www.softbank.jp/en/corp/news/press/sbkk/2026/20260416_02/	https://www.softbank.jp/en/corp/news/press/sbkk/2026/20260416_02/	200	httpx	0.748	81667	"SoftBank Corp. to Launch Generative AI Services Using Homegrown LLM ""Sarashina"" on Cloud PF Type A with Oracle Alloy from June 2026 | About Us | SoftBank"	AI,5G-A,云,企业ICT,Capex方向	Singtel:AI,云,企业ICT,Capex方向,Telstra:5G-A,云,Capex方向,SK Telecom:5G-A,KT:5G-A,NTT Docomo:5G-A,Capex方向,KDDI:5G-A,云,企业ICT,Capex方向,SoftBank:5G-A,Capex方向	7905f97eb01539153fa090380e8c2066b80a7cb4dad2c32a79654b61e3d3e1f3	allow	company_official	JP	requires_periodic_review	checked	True		
2026-06-10T09:45:31.827784+00:00	2026-06-10T17:45:31.827832+08:00	19	partial	https://www.docomo.ne.jp/english/info/media_center/pr/2026/0303_00.html	https://www.docomo.ne.jp/english/info/media_center/pr/2026/0303_00.html	200	httpx	1.78	52990	Press Releases : NTT and DOCOMO Demonstrate the World's First Technology to Estimate in Advance Whether Each Network Slice Can Meet Communication Requirements for Stable Communications | News & Notices | NTT DOCOMO	AI,5G-A,云,企业ICT,Capex方向	Singtel:AI,云,企业ICT,Capex方向,Telstra:5G-A,云,Capex方向,SK Telecom:5G-A,KT:5G-A,NTT Docomo:5G-A,Capex方向,KDDI:5G-A,云,企业ICT,Capex方向,SoftBank:5G-A,Capex方向	f98019959b942cad74c2b84c330025a1f2ff19c6a451d87b8c4b7563267432f4	allow	company_official	JP	requires_periodic_review	not_found_allow	True		
2026-06-10T09:45:31.827784+00:00	2026-06-10T17:45:31.827832+08:00	19	partial	https://assets.airtel.in/static-assets/cms/investor/docs/quarterly_results/2025-26/Q4/Press-Release.pdf	https://assets.airtel.in/static-assets/cms/investor/docs/quarterly_results/2025-26/Q4/Press-Release.pdf	200	httpx	1.264	277193	PDF extracted by pdftotext	AI,5G-A,云,企业ICT,Capex方向	Singtel:AI,云,企业ICT,Capex方向,Telstra:5G-A,云,Capex方向,SK Telecom:5G-A,KT:5G-A,NTT Docomo:5G-A,Capex方向,KDDI:5G-A,云,企业ICT,Capex方向,SoftBank:5G-A,Capex方向	3ebdb26cf74c2c855b643bd487410c2abad25bbdf9233b8c7e5602886abd993a	allow	company_official	IN	requires_periodic_review	not_found_allow	True		
2026-06-10T09:45:31.827784+00:00	2026-06-10T17:45:31.827832+08:00	19	partial	https://www.jio.com/	https://www.jio.com/	200	httpx	1.933	3691611	Home | Best Prepaid, Postpaid Plans, WiFi Connection & Mobile Apps | Jio	AI,5G-A,云,企业ICT,Capex方向	Singtel:AI,云,企业ICT,Capex方向,Telstra:5G-A,云,Capex方向,SK Telecom:5G-A,KT:5G-A,NTT Docomo:5G-A,Capex方向,KDDI:5G-A,云,企业ICT,Capex方向,SoftBank:5G-A,Capex方向	59f6c1d173bf6752d7d1626d817ccc08846ee22d82521d916cefee6022963c39	allow	company_official	IN	requires_periodic_review	checked	True		
2026-06-10T09:45:31.827784+00:00	2026-06-10T17:45:31.827832+08:00	19	partial	https://www.airtel.in/press-release/03-2026/airtel-announces-us1-billion-investment-in-nxtra-led-by-alpha-wave-global-and-existing-investor-carlyle-bharti-airtel-will-also-participate/	https://www.airtel.in/press-release/03-2026/airtel-announces-us1-billion-investment-in-nxtra-led-by-alpha-wave-global-and-existing-investor-carlyle-bharti-airtel-will-also-participate/	200	httpx	1.919	473376	Airtel Announces US$1 Billion Investment in Nxtra Led by Alpha Wave Global and Existing Investor Carlyle. Bharti Airtel Will Also Participate	AI,5G-A,云,企业ICT,Capex方向	Singtel:AI,云,企业ICT,Capex方向,Telstra:5G-A,云,Capex方向,SK Telecom:5G-A,KT:5G-A,NTT Docomo:5G-A,Capex方向,KDDI:5G-A,云,企业ICT,Capex方向,SoftBank:5G-A,Capex方向	e81ba0521756196856ebf2f7ec8be1ea63b64398f090752086f600387ca44dc9	allow	company_official	IN	requires_periodic_review	checked	True		
2026-06-10T09:45:31.827784+00:00	2026-06-10T17:45:31.827832+08:00	19	partial	https://www.airtel.in/press-release	https://www.airtel.in/press-release/	200	httpx	1.676	461707	Contact Us | Airtel : Latest Press Release & News	AI,5G-A,云,企业ICT,Capex方向	Singtel:AI,云,企业ICT,Capex方向,Telstra:5G-A,云,Capex方向,SK Telecom:5G-A,KT:5G-A,NTT Docomo:5G-A,Capex方向,KDDI:5G-A,云,企业ICT,Capex方向,SoftBank:5G-A,Capex方向	25e3327edfafafb7f1716dcb414ca5eebfc6586fb1304c165fa3373f4e188834	allow	company_official	IN	requires_periodic_review	checked	True		
2026-06-10T09:46:00.689279+00:00	2026-06-10T17:46:00.689313+08:00	20	partial	https://www.verizon.com/business/solutions/network-apis/	https://www.verizon.com/business/solutions/network-apis/	200	httpx	1.881	199216	Network APIs: Authentication, Fraud Prevention & Security | Verizon	网络API,Open RAN,边缘计算,FWA,AI网络	Vodafone:FWA,Deutsche Telekom:FWA,Orange:FWA,Telefonica:FWA,BT/EE:FWA,Verizon:边缘计算,AT&T:网络API,边缘计算,FWA,T-Mobile US:FWA	14de42a6417bce90a9d961be00bd69bffaee73bc025dbfa28bef463c48aa01ce	allow	company_official	US	requires_periodic_review	checked	True		
2026-06-10T09:46:00.689279+00:00	2026-06-10T17:46:00.689313+08:00	20	partial	https://www.telefonica.com/en/communication-room/press-room/	https://www.telefonica.com/en/communication-room/press-room/	200	httpx	2.316	232638	Press releases - Telefónica	网络API,Open RAN,边缘计算,FWA,AI网络	Vodafone:FWA,Deutsche Telekom:FWA,Orange:FWA,Telefonica:FWA,BT/EE:FWA,Verizon:边缘计算,AT&T:网络API,边缘计算,FWA,T-Mobile US:FWA	4902f2af263013df01d6b2f59155d8e9fe179cb824430b841e258d6b5f0f881a	allow	company_official	ES	requires_periodic_review	checked	True		
2026-06-10T09:46:00.689279+00:00	2026-06-10T17:46:00.689313+08:00	20	partial	https://www.verizon.com/5g/home/	https://www.verizon.com/home/internet/5g/	200	httpx	0.406	552536	5G Home Internet | Plans Starting $35/mo | Verizon	网络API,Open RAN,边缘计算,FWA,AI网络	Vodafone:FWA,Deutsche Telekom:FWA,Orange:FWA,Telefonica:FWA,BT/EE:FWA,Verizon:边缘计算,AT&T:网络API,边缘计算,FWA,T-Mobile US:FWA	e9f0999ec45b9df1e5ed2c46bbbc00e0f808662cc1c9b757fd98ac17df0528d5	allow	company_official	US	requires_periodic_review	checked	True		
2026-06-10T09:46:00.689279+00:00	2026-06-10T17:46:00.689313+08:00	20	partial	https://newsroom.bt.com/bt-group-and-ericsson-strengthen-partnership-to-unlock-smarter-more-reliable-5g-services-for-uk-businesses/	https://newsroom.bt.com/bt-group-and-ericsson-strengthen-partnership-to-unlock-smarter-more-reliable-5g-services-for-uk-businesses/	200	httpx	2.905	208954	BT Group and Ericsson strengthen partnership to unlock smarter, more reliable 5G services for UK businesses	网络API,Open RAN,边缘计算,FWA,AI网络	Vodafone:FWA,Deutsche Telekom:FWA,Orange:FWA,Telefonica:FWA,BT/EE:FWA,Verizon:边缘计算,AT&T:网络API,边缘计算,FWA,T-Mobile US:FWA	0e39b0aed16d50d4dad37d50a54b41f5faea4c5e5d829b5ff0224e1fcaee6cc3	allow	company_official	UK	requires_periodic_review	checked	True		
2026-06-10T09:46:00.689279+00:00	2026-06-10T17:46:00.689313+08:00	20	partial	https://www.telekom.com/en/media/media-information	https://www.telekom.com/en/media/media-information	200	httpx	3.147	81725	Media information | Deutsche Telekom	网络API,Open RAN,边缘计算,FWA,AI网络	Vodafone:FWA,Deutsche Telekom:FWA,Orange:FWA,Telefonica:FWA,BT/EE:FWA,Verizon:边缘计算,AT&T:网络API,边缘计算,FWA,T-Mobile US:FWA	2349cc62d543685e01e30bb34e0ad81229e9c34a4a9f8c07f3c3edd1b634daf9	allow	company_official	DE	requires_periodic_review	checked	True		
2026-06-10T09:46:00.689279+00:00	2026-06-10T17:46:00.689313+08:00	20	partial	https://www.gruppotim.it/en/press-archive.html	https://www.gruppotim.it/en/press-archive.html	200	httpx	3.689	166000	TIM Group | Press archive	网络API,Open RAN,边缘计算,FWA,AI网络	Vodafone:FWA,Deutsche Telekom:FWA,Orange:FWA,Telefonica:FWA,BT/EE:FWA,Verizon:边缘计算,AT&T:网络API,边缘计算,FWA,T-Mobile US:FWA	4e206ecda776eddbe00073e53d909ca9c43972ef5698c804a9d1fa5263258faa	allow	company_official	IT	requires_periodic_review	checked	True		
2026-06-10T09:46:00.689279+00:00	2026-06-10T17:46:00.689313+08:00	20	partial	https://www.bt.com/about/bt/our-company/group-businesses/networks	https://www.bt.com/about/bt/our-company/group-businesses/networks	200	httpx	2.062	268449	Networks - Group businesses - Our company | BT Plc	网络API,Open RAN,边缘计算,FWA,AI网络	Vodafone:FWA,Deutsche Telekom:FWA,Orange:FWA,Telefonica:FWA,BT/EE:FWA,Verizon:边缘计算,AT&T:网络API,边缘计算,FWA,T-Mobile US:FWA	87729699ca6c69e27f82e703da6da5d0bbe64f89928f2e5fc00cb7735c6fcf11	allow	company_official	UK	requires_periodic_review	checked	True		
2026-06-10T09:46:00.689279+00:00	2026-06-10T17:46:00.689313+08:00	20	partial	https://developer.orange.com/blog/meet-the-network-apis-playground-safely-build-break-and-learn/	https://developer.orange.com/blog/meet-the-network-apis-playground-safely-build-break-and-learn/	200	httpx	1.943	114521	Meet the Network APIs Playground: Safely build, break, and learn - Orange Developer	网络API,Open RAN,边缘计算,FWA,AI网络	Vodafone:FWA,Deutsche Telekom:FWA,Orange:FWA,Telefonica:FWA,BT/EE:FWA,Verizon:边缘计算,AT&T:网络API,边缘计算,FWA,T-Mobile US:FWA	86d9cd574c73f2f404f2a7b56c388a09e456122550b4bd9aedcfbfa0a34eab40	allow	company_official	FR	requires_periodic_review	checked	True		
2026-06-10T09:46:00.689279+00:00	2026-06-10T17:46:00.689313+08:00	20	partial	https://developer.orange.com/events/mwc-2026/	https://developer.orange.com/events/mwc-2026/	200	httpx	1.948	96060	Mobile World Congress 2026 - Orange Developer	网络API,Open RAN,边缘计算,FWA,AI网络	Vodafone:FWA,Deutsche Telekom:FWA,Orange:FWA,Telefonica:FWA,BT/EE:FWA,Verizon:边缘计算,AT&T:网络API,边缘计算,FWA,T-Mobile US:FWA	3a3e09ed74d84b25c4f3f3eacbfadf198772ca48281a8528d0f30a5a79784968	allow	company_official	FR	requires_periodic_review	checked	True		
2026-06-10T09:46:00.689279+00:00	2026-06-10T17:46:00.689313+08:00	20	partial	https://www.telekom.com/en/media/media-information/archive/joint-6g-innovation-hub-1102882	https://www.telekom.com/en/media/media-information/archive/joint-6g-innovation-hub-1102882	200	httpx	0.319	57803	6G Innovation Hub to Advance AI-Native Networks | Deutsche Telekom	网络API,Open RAN,边缘计算,FWA,AI网络	Vodafone:FWA,Deutsche Telekom:FWA,Orange:FWA,Telefonica:FWA,BT/EE:FWA,Verizon:边缘计算,AT&T:网络API,边缘计算,FWA,T-Mobile US:FWA	a5fb750e25725947c24a2e82f7aece725f9b84bf056ad90ec0f789117ba5794c	allow	company_official	DE	requires_periodic_review	checked	True		
2026-06-10T09:46:00.689279+00:00	2026-06-10T17:46:00.689313+08:00	20	partial	https://www.vodafone.com/news/technology/vodafone-advances-future-ready-radio-access-network	https://www.vodafone.com/news/newsroom/technology/vodafone-advances-future-ready-radio-access-network	200	curl_chrome_ua	4.796	196089	Vodafone advances future-ready radio access network – Vodafone	网络API,Open RAN,边缘计算,FWA,AI网络	Vodafone:FWA,Deutsche Telekom:FWA,Orange:FWA,Telefonica:FWA,BT/EE:FWA,Verizon:边缘计算,AT&T:网络API,边缘计算,FWA,T-Mobile US:FWA	62389c0999efbcce8db8a45b5cd4df0d32acf9114b599fd1083fa2cc1cef58ac	allow	company_official	UK	requires_periodic_review	robots_unavailable	True		
2026-06-10T09:46:00.689279+00:00	2026-06-10T17:46:00.689313+08:00	20	partial	https://www.telekom.com/en/media/media-information/archive/new-network-apis-1027626	https://www.telekom.com/en/media/media-information/archive/new-network-apis-1027626	200	httpx	1.972	66956	Network APIs and T-DevEdge platform launched | Deutsche Telekom	网络API,Open RAN,边缘计算,FWA,AI网络	Vodafone:FWA,Deutsche Telekom:FWA,Orange:FWA,Telefonica:FWA,BT/EE:FWA,Verizon:边缘计算,AT&T:网络API,边缘计算,FWA,T-Mobile US:FWA	41d5397e61da1b365660fb9ec39c61fb4e53f522491916cf11ce4a019d30d0af	allow	company_official	DE	requires_periodic_review	checked	True		
2026-06-10T09:46:00.689279+00:00	2026-06-10T17:46:00.689313+08:00	20	partial	https://www.vodafone.com/news/newsroom/technology/new-open-ran-ready-chip-tested-by-vodafone-samsung-and-amd	https://www.vodafone.com/news/newsroom/technology/new-open-ran-ready-chip-tested-by-vodafone-samsung-and-amd	200	curl_chrome_ua	5.108	195285	New Open RAN ready chip tested by Vodafone, Samsung and AMD – Vodafone	网络API,Open RAN,边缘计算,FWA,AI网络	Vodafone:FWA,Deutsche Telekom:FWA,Orange:FWA,Telefonica:FWA,BT/EE:FWA,Verizon:边缘计算,AT&T:网络API,边缘计算,FWA,T-Mobile US:FWA	b7254ac2ce3dfbf60e60a8c8299fce36a3f1502e5e169bdd6ab3d2b944118c5e	allow	company_official	UK	requires_periodic_review	robots_unavailable	True		
2026-06-10T09:46:00.689279+00:00	2026-06-10T17:46:00.689313+08:00	20	partial	https://www.vodafone.com/news/newsroom/technology/pan-european-federated-edge-continuum	https://www.vodafone.com/news/newsroom/technology/pan-european-federated-edge-continuum	200	curl_chrome_ua	5.578	200670	Deutsche Telekom, Orange, Telefónica, TIM and Vodafone achieve the first pan-European federated Edge Continuum at MWC 2026 – Vodafone	网络API,Open RAN,边缘计算,FWA,AI网络	Vodafone:FWA,Deutsche Telekom:FWA,Orange:FWA,Telefonica:FWA,BT/EE:FWA,Verizon:边缘计算,AT&T:网络API,边缘计算,FWA,T-Mobile US:FWA	3b5b10779a11e1456758d19fe80d396a111bdcb16ecd767de3570479c52da0e1	allow	company_official	UK	requires_periodic_review	robots_unavailable	True		
2026-06-10T09:46:00.689279+00:00	2026-06-10T17:46:00.689313+08:00	20	partial	https://investors.att.com/financial-reports/annual-reports/2025	https://investors.att.com/financial-reports/annual-reports/2025	200	curl_chrome_ua	4.323	24073	Annual Report 2025 | AT&T	网络API,Open RAN,边缘计算,FWA,AI网络	Vodafone:FWA,Deutsche Telekom:FWA,Orange:FWA,Telefonica:FWA,BT/EE:FWA,Verizon:边缘计算,AT&T:网络API,边缘计算,FWA,T-Mobile US:FWA	041bb6caa620ee44d8be5dcbb1d2abb28d56617cd101a08ef41863a012e7bc99	allow	company_official	US	requires_periodic_review	robots_unavailable	True		
2026-06-10T09:46:22.721692+00:00	2026-06-10T17:46:22.721851+08:00	21	ok	https://www.eand.com/en/news/22-jan-2026-eand-enterprise-and-emergence-partnership.html	https://www.eand.com/en/news/22-jan-2026-eand-enterprise-and-emergence-partnership.html	200	httpx	5.989	35291	e& (etisalat and ) | Global technology group | e& enterprise and Emergence Partnership	AI,算力网络,云,DICT,5G-A,资本开支		3e074049fc4611d8af65a5a19682ca6ccba5310e15e347f21977bf6ae47dac7d	allow	company_official	AE	requires_periodic_review	not_found_allow	True		
2026-06-10T09:46:22.721692+00:00	2026-06-10T17:46:22.721851+08:00	21	ok	https://www.eand.com/en/news/28-04-26-eand-financial-results-q1-2026.html	https://www.eand.com/en/news/28-04-26-eand-financial-results-q1-2026.html	200	httpx	5.992	33904	e& (etisalat and ) | Global technology group | e& reports AED 19.4 billion consolidated revenue	AI,算力网络,云,DICT,5G-A,资本开支		f7d7da7a6cb47a113fe7dfaa534905b5a861b295f36f4fb5926f0bc3ecab14a2	allow	company_official	AE	requires_periodic_review	not_found_allow	True		
2026-06-10T09:46:22.721692+00:00	2026-06-10T17:46:22.721851+08:00	21	ok	https://www.eand.com/en/news/16-mar-26-eand-khalifa-uni-launch-white-paper.html	https://www.eand.com/en/news/16-mar-26-eand-khalifa-uni-launch-white-paper.html	200	httpx	5.999	33983	e& (etisalat and ) | Global technology group | e& and Khalifa University launch white paper	AI,算力网络,云,DICT,5G-A,资本开支		a0ed992460d7864fd58e089f115a639dc7012db5b6694793c59a01762c5aa543	allow	company_official	AE	requires_periodic_review	not_found_allow	True		
2026-06-10T09:46:22.721692+00:00	2026-06-10T17:46:22.721851+08:00	21	ok	https://www.eand.com/en/news/10-feb-26-eand-cw-services-and-ses.html	https://www.eand.com/en/news/10-feb-26-eand-cw-services-and-ses.html	200	httpx	6.007	34132	e& (etisalat and ) | Global technology group | e& C&W Services and SES deliver 1.25 Gbps low-latency satellite	AI,算力网络,云,DICT,5G-A,资本开支		a24fccee8e9d23d536467e1fcb8bac824c4200f84e2066cd7b51f036fbdefd9e	allow	company_official	AE	requires_periodic_review	not_found_allow	True		
2026-06-10T09:46:22.721692+00:00	2026-06-10T17:46:22.721851+08:00	21	ok	https://www.eand.com/en/news/news-overview.html	https://www.eand.com/en/news/news-overview.html	200	httpx	6.668	776879	e& (etisalat and ) | Global technology group | News Room	AI,算力网络,云,DICT,5G-A,资本开支		fa053174c0f50b1f304715ed60f23d2da34f1a79f97c782bf0a25ba53b1a35a6	allow	company_official	AE	requires_periodic_review	not_found_allow	True		
2026-06-10T09:46:22.721692+00:00	2026-06-10T17:46:22.721851+08:00	21	ok	https://www.chinatelecom-h.com/en/ir/reports.php	https://www.chinatelecom-h.com/en/ir/reports.php	200	httpx	1.655	33814	China Telecom Corporation Limited - Investor > Financial Reports	AI,算力网络,云,DICT,5G-A,资本开支		53eb83ef030a22f00c8bd498691f0aeb8da682743285f8f051d89daecbd7e3b8	allow	company_official	HK/CN	requires_periodic_review	not_found_allow	True		
2026-06-10T09:46:22.721692+00:00	2026-06-10T17:46:22.721851+08:00	21	ok	https://www.stc.com/en/investors.html	https://www.stc.com/en/investors.html	200	curl_crawler_ua	2.897	155504	stc group | investor relations | overview	AI,算力网络,云,DICT,5G-A,资本开支		4cb4f01395bfef31a0f82482a613444a8c943dff1a43b242faad5f07cdbb04f1	allow	company_official	SA	requires_periodic_review	checked	True		
2026-06-10T09:46:22.721692+00:00	2026-06-10T17:46:22.721851+08:00	21	ok	https://www.chinamobileltd.com/en/ir/reports.php	https://www.chinamobileltd.com/en/ir/reports.php	200	curl_chrome_ua	2.475	25704	China Mobile Limited - Investor Relations > Financial Reports	AI,算力网络,云,DICT,5G-A,资本开支		e2d89e86307becae5fb9ac9ddedacc6f2cd99ca4ee604cb91ecd3d868e4c8460	allow	company_official	HK/CN	requires_periodic_review	robots_unavailable	True		
2026-06-10T09:46:22.721692+00:00	2026-06-10T17:46:22.721851+08:00	21	ok	https://en.c114.com.cn/576/a1307257.html	https://en.c114.com.cn/576/a1307257.html	200	httpx	4.504	10030	China Unicom Releases 2025 Annual Results Report - Operating\cn-c114 �� C114 - China Communication Network	AI,算力网络,云,DICT,5G-A,资本开支		ba09a35b1ec9f48c10ed50783685d03b1aa4ace57d33062a51d449b7eaa34310	allow	media	CN	approved	not_found_allow	True		
2026-06-10T09:46:22.721692+00:00	2026-06-10T17:46:22.721851+08:00	21	ok	https://www.gsma.com/about-us/regions/greater-china/wp-content/uploads/2025/04/Mobile-Economy-Report-2025-China-EN.pdf	https://www.gsma.com/about-us/regions/greater-china/wp-content/uploads/2025/04/Mobile-Economy-Report-2025-China-EN.pdf	200	httpx	4.656	2914479	PDF extracted by pdftotext	AI,算力网络,云,DICT,5G-A,资本开支		3311674841e21c132f6e70dd3e6a90ff610fcaaae225ed1e4a5c43d132062ab6	allow	industry_association	international	requires_periodic_review	checked	True		
2026-06-10T09:46:22.721692+00:00	2026-06-10T17:46:22.721851+08:00	21	ok	https://www.chinaunicom.com.hk/en/ir/reports/ar2025.pdf	https://www.chinaunicom.com.hk/en/ir/reports/ar2025.pdf	200	httpx	5.375	8906818	PDF extracted by pdftotext	AI,算力网络,云,DICT,5G-A,资本开支		f46cfe5046dbe8967bbe95fa0507b6cb004ba9ae00c07c92d30c7b3175a806ba	allow	company_official	HK/CN	requires_periodic_review	not_found_allow	True		
2026-06-10T09:46:22.721692+00:00	2026-06-10T17:46:22.721851+08:00	21	ok	https://www.chinatelecom-h.com/en/ir/report/annual2025.pdf	https://www.chinatelecom-h.com/en/ir/report/annual2025.pdf	200	httpx	1.931	16925920	PDF extracted by pdftotext	AI,算力网络,云,DICT,5G-A,资本开支		ab413b976e95e7c4f5d2c4a166e43cbdd6ebb18f11ee276d7ace519ed6fb6ad6	allow	company_official	HK/CN	requires_periodic_review	not_found_allow	True		
2026-06-10T09:46:26.505906+00:00	2026-06-10T17:46:26.505916+08:00	22	ok	https://www.policyaddress.gov.hk/2024/en/index.html	https://www.policyaddress.gov.hk/2024/en/index.html	200	httpx	0.752	12354	The Chief Executive's 2024 Policy Address	施政报告,战略规划,区域发展,重大投资		294137419829c065c3e1bd8e6db90bcdbc0dba81a939b3d359c9e1ff1227233f	allow	government_public_info	HK	public_information	checked	True		
2026-06-10T09:46:26.505906+00:00	2026-06-10T17:46:26.505916+08:00	22	ok	https://www.policyaddress.gov.hk/2025/en/index.html	https://www.policyaddress.gov.hk/2025/en/index.html	200	httpx	0.989	12926	The Chief Executive's 2025 Policy Address	施政报告,战略规划,区域发展,重大投资		abbbad60c14c2b67160e882a597d8186814a3cf4d810d36a61cd6d2d4168f919	allow	government_public_info	HK	public_information	checked	True		
2026-06-10T09:46:26.505906+00:00	2026-06-10T17:46:26.505916+08:00	22	ok	https://www.itib.gov.hk/en/index.html	https://www.itib.gov.hk/en/index.html	200	httpx	1.332	38529	Innovation, Technology and Industry Bureau - Home | ITIB | Innohk	施政报告,战略规划,区域发展,重大投资		d4bdc68e0c75954415dae4fa4f47efca9bf03984bbd2da0934f3b2817819bd4a	allow	government_public_info	HK	public_information	not_found_allow	True		
2026-06-10T09:46:26.505906+00:00	2026-06-10T17:46:26.505916+08:00	22	ok	https://www.digitalpolicy.gov.hk/en/	https://www.digitalpolicy.gov.hk/en/	200	httpx	1.577	130503	Home | Digital Policy Office	施政报告,战略规划,区域发展,重大投资		b79f7e4aa3c401d4e18096cf941a0aa5849c5aeee5d186db5351fb7c6abc8f2c	allow	government_public_info	HK	public_information	not_found_allow	True		
2026-06-10T09:46:30.005156+00:00	2026-06-10T17:46:30.005174+08:00	23	ok	https://data.gov.hk/en-data/dataset/hk-censtatd-commonidds-common-idds	https://data.gov.hk/en-data/dataset/hk-censtatd-commonidds-common-idds	200	httpx	0.742	69398	Common Interactive Data Dissemination Service (Common-IDDS) | DATA.GOV.HK	人口,零售额,PMI,失业率		0925c1cb8378c0d1c1d1db5a95ce01fe1640b11552ed18627affdc665031cab3	allow	government_open_data	HK	open_data	not_found_allow	True		
2026-06-10T09:46:30.005156+00:00	2026-06-10T17:46:30.005174+08:00	23	ok	https://www.censtatd.gov.hk/en/scode460.html	https://www.censtatd.gov.hk/en/scode460.html	200	httpx	0.844	39906	Snapshot of Hong Kong	人口,零售额,PMI,失业率		08f364e6d80e36f1dfd4ee5e6efde8a602d86a996bd74850df9f102463dce948	allow	government_statistics	HK	public_information	checked	True		
2026-06-10T09:46:30.005156+00:00	2026-06-10T17:46:30.005174+08:00	23	ok	https://www.censtatd.gov.hk/en/scode200.html	https://www.censtatd.gov.hk/en/scode200.html	200	httpx	0.993	26041	Labour Force, Employment and Unemployment	人口,零售额,PMI,失业率		6bac0b780c2c56d7e32eaa63a2cebccf7750f9b100ec3a93175461ff20930bd7	allow	government_statistics	HK	public_information	checked	True		
2026-06-10T09:46:30.005156+00:00	2026-06-10T17:46:30.005174+08:00	23	ok	https://apidocs.hkma.gov.hk/abouthkmasapi/	https://apidocs.hkma.gov.hk/abouthkmasapi/	200	httpx	1.791	15036	About HKMA's API – Hong Kong Monetary Authority	人口,零售额,PMI,失业率		6717621e7d29142fdcc0cda70cb5eb2613dbb89c14d3adfd8c55819c99a9732a	allow	government_api_docs	HK	public_api_docs	checked	True		
2026-06-10T09:46:30.005156+00:00	2026-06-10T17:46:30.005174+08:00	23	ok	https://www.pmi.spglobal.com/Public/Home/PressRelease/a8f02e53a64c42c7bed05c6df7b1a487	https://www.pmi.spglobal.com/Public/Home/PressRelease/a8f02e53a64c42c7bed05c6df7b1a487	200	httpx	2.036	101348	PDF extracted by pdftotext	人口,零售额,PMI,失业率		1b9237ffff8c96292a1c7b995309df57f8fafb35a9e60fbe06a855539136cd2c	allow	commercial_data	unknown	approved	not_found_allow	True		
2026-06-10T09:46:33.988263+00:00	2026-06-10T17:46:33.988273+08:00	24	ok	https://www.digitalpolicy.gov.hk/en/	https://www.digitalpolicy.gov.hk/en/	200	httpx	0.475	130503	Home | Digital Policy Office	跨境贸易,科技创投,人工智能,低空经济,Web3		b79f7e4aa3c401d4e18096cf941a0aa5849c5aeee5d186db5351fb7c6abc8f2c	allow	government_public_info	HK	public_information	not_found_allow	True		
2026-06-10T09:46:33.988263+00:00	2026-06-10T17:46:33.988273+08:00	24	ok	https://www.policyaddress.gov.hk/2025/en/highlight.html	https://www.policyaddress.gov.hk/2025/en/highlight.html	200	httpx	0.633	39582	Highlights | The Chief Executive's 2025 Policy Address	跨境贸易,科技创投,人工智能,低空经济,Web3		55b2bc268b581055826d608192667746e920f6073b88a41106af834fab67a709	allow	government_public_info	HK	public_information	checked	True		
2026-06-10T09:46:33.988263+00:00	2026-06-10T17:46:33.988273+08:00	24	ok	https://www.info.gov.hk/gia/general/202506/26/P2025062600269.htm	https://www.info.gov.hk/gia/general/202506/26/P2025062600269.htm	200	httpx	0.907	18092	Second policy statement on development of digital assets issued to scale Hong Kong to new heights of global digital asset leadership	跨境贸易,科技创投,人工智能,低空经济,Web3		42e380f1a24d62be850cb70534002d8ae7570a53ee2705c806dad960a0bd3e50	allow	government_public_info	HK	public_information	checked	True		
2026-06-10T09:46:33.988263+00:00	2026-06-10T17:46:33.988273+08:00	24	ok	https://www.investhk.gov.hk/en/news/	https://www.investhk.gov.hk/en/news/	200	httpx	0.984	128934	News | InvestHK	跨境贸易,科技创投,人工智能,低空经济,Web3		6de0126cf620d27c4c0e252b72fffc7b03519dbfb8e281e7e9688cf91d548ebb	allow	government_public_info	HK	public_information	checked	True		
2026-06-10T09:46:39.970694+00:00	2026-06-10T17:46:39.970715+08:00	25	ok	https://www.info.gov.hk/gia/general/today.htm	https://www.info.gov.hk/gia/general/today.htm	200	httpx	0.213	17444	HKSAR Government Press Releases	本地生活咨询		6300d255c2162bea70a2fb0dab44eec1f77ff19ee11c8d2a802a40bdbd6b1a62	allow	government_public_info	HK	public_information	checked	True		
2026-06-10T09:46:39.970694+00:00	2026-06-10T17:46:39.970715+08:00	25	ok	https://www.housingauthority.gov.hk/en/about-us/news-centre/press-releases/index.html	https://www.housingauthority.gov.hk/en/about-us/news-centre/press-releases/index.html	200	httpx	3.795	119864	Press Releases | Hong Kong Housing Authority and Housing Department	本地生活咨询		43b285edda8b65a9fb8021ab1b41c44d664241ae8794157074f3c6da7fac0749	allow	government_public_info	HK	public_information	not_found_allow	True		
2026-06-10T09:46:45.056070+00:00	2026-06-10T17:46:45.056085+08:00	26	partial	https://www.digitalpolicy.gov.hk/en/	https://www.digitalpolicy.gov.hk/en/	200	httpx	0.553	130503	Home | Digital Policy Office	OFCA政策,频谱/牌照,服务质量,网络安全,PCPD/AI指引,数据跨境	香港本地监管:OFCA政策,频谱/牌照,服务质量,网络安全,PCPD/AI指引,数据跨境,政策:OFCA政策,频谱/牌照,服务质量,网络安全,PCPD/AI指引,数据跨境	b79f7e4aa3c401d4e18096cf941a0aa5849c5aeee5d186db5351fb7c6abc8f2c	allow	government_public_info	HK	public_information	not_found_allow	True		
2026-06-10T09:46:45.056070+00:00	2026-06-10T17:46:45.056085+08:00	26	partial	https://www.ofca.gov.hk/en/home/index.html	https://www.ofca.gov.hk/en/home/index.html	200	httpx	0.807	11326	Office of the Communications Authority - Home	OFCA政策,频谱/牌照,服务质量,网络安全,PCPD/AI指引,数据跨境	香港本地监管:OFCA政策,频谱/牌照,服务质量,网络安全,PCPD/AI指引,数据跨境,政策:OFCA政策,频谱/牌照,服务质量,网络安全,PCPD/AI指引,数据跨境	7aae02937788c7b2fe8068a7cae750a21fbc6fd47aa528770475fe5ea908f48f	allow	regulator_public_info	HK	public_information	checked	True		
2026-06-10T09:46:45.056070+00:00	2026-06-10T17:46:45.056085+08:00	26	partial	https://www.pcpd.org.hk/english/artificial_intelligence/index.html	https://www.pcpd.org.hk/english/artificial_intelligence/index.html	200	httpx	5.078	132893	AI Security	OFCA政策,频谱/牌照,服务质量,网络安全,PCPD/AI指引,数据跨境	香港本地监管:OFCA政策,频谱/牌照,服务质量,网络安全,PCPD/AI指引,数据跨境,政策:OFCA政策,频谱/牌照,服务质量,网络安全,PCPD/AI指引,数据跨境	00e425e7f279e4a92e1e4989e0d30b32c17927165968c7210ebd41d09b3ecc90	allow	regulator_public_info	HK	public_information	checked	True		
2026-06-10T09:46:58.876945+00:00	2026-06-10T17:46:58.876959+08:00	27	partial	https://commission.europa.eu/news-and-media/news/data-act-enters-force-what-it-means-you-2024-01-11_en	https://commission.europa.eu/news-and-media/news/data-act-enters-force-what-it-means-you-2024-01-11_en	200	httpx	2.912	154191	Data Act enters into force: what it means for you - European Commission	EU AI Act,EU Data Act,GDPR/DSA,新加坡AI治理,隐私法规	重点国家:EU AI Act,EU Data Act,GDPR/DSA,新加坡AI治理,隐私法规,地区AI与数据监管:EU AI Act,EU Data Act,GDPR/DSA,新加坡AI治理,隐私法规	3c94299f4159065eaba26744a49a52a562737947288dd0009bfb3d048e9a8a65	allow	government_public_info	EU	public_information	checked	True		
2026-06-10T09:46:58.876945+00:00	2026-06-10T17:46:58.876959+08:00	27	partial	https://digital-strategy.ec.europa.eu/en/policies/data-act	https://digital-strategy.ec.europa.eu/en/policies/data-act	200	httpx	3.026	61001	Data Act | Shaping Europe’s digital future	EU AI Act,EU Data Act,GDPR/DSA,新加坡AI治理,隐私法规	重点国家:EU AI Act,EU Data Act,GDPR/DSA,新加坡AI治理,隐私法规,地区AI与数据监管:EU AI Act,EU Data Act,GDPR/DSA,新加坡AI治理,隐私法规	c8512ea11b5fb2421994304a7525b3e25df22118fa77ceacbc3c2ef1731d7289	allow	government_public_info	EU	public_information	checked	True		
2026-06-10T09:46:58.876945+00:00	2026-06-10T17:46:58.876959+08:00	27	partial	https://digital-strategy.ec.europa.eu/en/policies/regulatory-framework-ai	https://digital-strategy.ec.europa.eu/en/policies/regulatory-framework-ai	200	httpx	0.185	88088	AI Act | Shaping Europe’s digital future	EU AI Act,EU Data Act,GDPR/DSA,新加坡AI治理,隐私法规	重点国家:EU AI Act,EU Data Act,GDPR/DSA,新加坡AI治理,隐私法规,地区AI与数据监管:EU AI Act,EU Data Act,GDPR/DSA,新加坡AI治理,隐私法规	aa9f4887f48e723b1881b9f85f2975661fd9881d5ba0a1c08896ef8855d9a065	allow	government_public_info	EU	public_information	checked	True		
2026-06-10T09:46:58.876945+00:00	2026-06-10T17:46:58.876959+08:00	27	partial	https://commission.europa.eu/law/law-topic/data-protection/data-protection-eu_en	https://commission.europa.eu/law/law-topic/data-protection/legal-framework-eu-data-protection_en	200	httpx	3.486	157513	Legal framework of EU data protection - European Commission	EU AI Act,EU Data Act,GDPR/DSA,新加坡AI治理,隐私法规	重点国家:EU AI Act,EU Data Act,GDPR/DSA,新加坡AI治理,隐私法规,地区AI与数据监管:EU AI Act,EU Data Act,GDPR/DSA,新加坡AI治理,隐私法规	e556fd02a844cd76d7bca76e68e013b9ff645a3c506891df2758db9f2cd6c734	allow	government_public_info	EU	public_information	checked	True		
2026-06-10T09:46:58.876945+00:00	2026-06-10T17:46:58.876959+08:00	27	partial	https://www.mddi.gov.sg/newsroom/singapore-launches-new-model-ai-governance-framework-for-agentic-ai--/	https://www.mddi.gov.sg/newsroom/singapore-launches-new-model-ai-governance-framework-for-agentic-ai--/	200	httpx	1.666	413013	Singapore Launches New Model AI Governance Framework for Agentic AI | Ministry of Digital Development and Information	EU AI Act,EU Data Act,GDPR/DSA,新加坡AI治理,隐私法规	重点国家:EU AI Act,EU Data Act,GDPR/DSA,新加坡AI治理,隐私法规,地区AI与数据监管:EU AI Act,EU Data Act,GDPR/DSA,新加坡AI治理,隐私法规	42656f92b4f798309c531c2f747b39d61c0028003fde8090025f0d26bdcd4c5f	allow	government_public_info	SG	public_information	checked	True		
2026-06-10T09:46:58.876945+00:00	2026-06-10T17:46:58.876959+08:00	27	partial	https://digital-strategy.ec.europa.eu/en/policies/digital-services-act-package	https://digital-strategy.ec.europa.eu/en/policies/digital-services-act	200	curl_crawler_ua	12.789	76527	The Digital Services Act | Shaping Europe’s digital future	EU AI Act,EU Data Act,GDPR/DSA,新加坡AI治理,隐私法规	重点国家:EU AI Act,EU Data Act,GDPR/DSA,新加坡AI治理,隐私法规,地区AI与数据监管:EU AI Act,EU Data Act,GDPR/DSA,新加坡AI治理,隐私法规	d5cdd1a08e5db72d9e8053759fc13237192bbb341ca2af17072c1fef8b083ef4	allow	government_public_info	EU	public_information	checked	True		
2026-06-10T09:46:58.876945+00:00	2026-06-10T17:46:58.876959+08:00	27	partial	https://digital-strategy.ec.europa.eu/en/policies/data-act-explained	https://digital-strategy.ec.europa.eu/en/factpages/data-act-explained	200	curl_crawler_ua	13.12	91429	Data Act explained | Shaping Europe’s digital future	EU AI Act,EU Data Act,GDPR/DSA,新加坡AI治理,隐私法规	重点国家:EU AI Act,EU Data Act,GDPR/DSA,新加坡AI治理,隐私法规,地区AI与数据监管:EU AI Act,EU Data Act,GDPR/DSA,新加坡AI治理,隐私法规	e1e8d3eef7aef3d829865a85b7c8534c22718e8695d7ec51854a441698d4e4a2	allow	government_public_info	EU	public_information	checked	True		
2026-06-10T09:46:58.876945+00:00	2026-06-10T17:46:58.876959+08:00	27	partial	https://digital-strategy.ec.europa.eu/en/faqs/navigating-ai-act	https://digital-strategy.ec.europa.eu/en/faqs/navigating-ai-act	200	curl_crawler_ua	10.782	109583	Navigating the AI Act | Shaping Europe’s digital future	EU AI Act,EU Data Act,GDPR/DSA,新加坡AI治理,隐私法规	重点国家:EU AI Act,EU Data Act,GDPR/DSA,新加坡AI治理,隐私法规,地区AI与数据监管:EU AI Act,EU Data Act,GDPR/DSA,新加坡AI治理,隐私法规	398dd352d61ae93ee0f068a4ce9c5d5ab54fa0df9f651570addeefa0ead2eafb	allow	government_public_info	EU	public_information	checked	True		
2026-06-10T09:47:07.753261+00:00	2026-06-10T17:47:07.753271+08:00	28	ok	https://www.ofca.gov.hk/en/home/index.html	https://www.ofca.gov.hk/en/home/index.html	200	httpx	3.434	11326	Office of the Communications Authority - Home	频谱拍卖,5G/6G规划,网络共享,覆盖义务,网络安全,卫星通信,携号转网/漫游		7aae02937788c7b2fe8068a7cae750a21fbc6fd47aa528770475fe5ea908f48f	allow	regulator_public_info	HK	public_information	checked	True		
2026-06-10T09:47:07.753261+00:00	2026-06-10T17:47:07.753271+08:00	28	ok	https://www.ofca.gov.hk/en/consumer_focus/guide/general/gba/index.html	https://www.ofca.gov.hk/en/consumer_focus/guide/general/gba/index.html	200	httpx	3.631	5183	Office of the Communications Authority - Mobile Roaming in Greater Bay Area	频谱拍卖,5G/6G规划,网络共享,覆盖义务,网络安全,卫星通信,携号转网/漫游		1ad8ec115b5c31e17e46fb9552d6af21368a0caebfbfef22627afab70d1717da	allow	regulator_public_info	HK	public_information	checked	True		
2026-06-10T09:47:07.753261+00:00	2026-06-10T17:47:07.753271+08:00	28	ok	https://www.ofca.gov.hk/en/industry_focus/industry_focus/portability/mnp/index.html	https://www.ofca.gov.hk/en/industry_focus/industry_focus/portability/mnp/index.html	200	httpx	3.633	3817	Office of the Communications Authority - Mobile Number Portability	频谱拍卖,5G/6G规划,网络共享,覆盖义务,网络安全,卫星通信,携号转网/漫游		d19a016a12582e75cec50c99450610b49b745b39ed8d7e648b600fe5bc9c9f83	allow	regulator_public_info	HK	public_information	checked	True		
2026-06-10T09:47:07.753261+00:00	2026-06-10T17:47:07.753271+08:00	28	ok	https://www.ofca.gov.hk/en/site_map/index.html	https://www.ofca.gov.hk/en/site_map/index.html	200	httpx	3.644	17731	Office of the Communications Authority - Site Map	频谱拍卖,5G/6G规划,网络共享,覆盖义务,网络安全,卫星通信,携号转网/漫游		f4a8107f6a850a83c59f5956d4c902505dbb20dbe6fe649eb697c20bccc44a5a	allow	regulator_public_info	HK	public_information	checked	True		
2026-06-10T09:47:07.753261+00:00	2026-06-10T17:47:07.753271+08:00	28	ok	https://www.mddi.gov.sg/newsroom/opening-remarks-by-mr-s-iswaran-at-the-sgd-industry-day/	https://www.mddi.gov.sg/newsroom/opening-remarks-by-mr-s-iswaran-at-the-sgd-industry-day/	200	httpx	1.271	427769	Opening Remarks by Minister S Iswaran at the SG:D Industry Day | Ministry of Digital Development and Information	频谱拍卖,5G/6G规划,网络共享,覆盖义务,网络安全,卫星通信,携号转网/漫游		8b2c40822b06d16f9d62686a2d59004e0ae1582dda30e5de292faaf92a7ceda7	allow	government_public_info	SG	public_information	checked	True		
2026-06-10T09:47:07.753261+00:00	2026-06-10T17:47:07.753271+08:00	28	ok	https://www.enisa.europa.eu/news	https://www.enisa.europa.eu/news	200	httpx	6.034	84319	News | ENISA	频谱拍卖,5G/6G规划,网络共享,覆盖义务,网络安全,卫星通信,携号转网/漫游		6145507117adeb57c7ae359757d31cf7320f2defa147dd43d44d00206dd3fc14	allow	regulator_public_info	EU	public_information	checked	True		
2026-06-10T09:47:11.489227+00:00	2026-06-10T17:47:11.489238+08:00	29	partial	https://api.worldbank.org/v2/country/HKG/indicator/NY.GDP.MKTP.CD?format=json&per_page=5	https://api.worldbank.org/v2/country/HKG/indicator/NY.GDP.MKTP.CD?format=json&per_page=5	200	httpx	0.735	1179		ITU数字发展,宽带指标,OECD数字经济,World Bank/IMF宏观	国际组织:ITU数字发展,宽带指标,OECD数字经济,World Bank/IMF宏观,行业权威机构:ITU数字发展,宽带指标,OECD数字经济,World Bank/IMF宏观	27bb6625cc0502f86505b076dc4f3a4b0b635d49f9cacbe14b39ac4feb92c6cd	allow	public_api	international	public_api	not_found_allow	True		
2026-06-10T09:47:11.489227+00:00	2026-06-10T17:47:11.489238+08:00	29	partial	https://oecd.ai/	https://oecd.ai/en/	200	httpx	2.371	129648	The OECD Artificial Intelligence Policy Observatory - OECD.AI	ITU数字发展,宽带指标,OECD数字经济,World Bank/IMF宏观	国际组织:ITU数字发展,宽带指标,OECD数字经济,World Bank/IMF宏观,行业权威机构:ITU数字发展,宽带指标,OECD数字经济,World Bank/IMF宏观	2b45b91861dda92aac4959616a336b4f399b95842466188c7b85623205b1e6a6	allow	international_org	international	public_information	checked	True		
2026-06-10T09:47:11.489227+00:00	2026-06-10T17:47:11.489238+08:00	29	partial	https://www.gsma.com/newsroom/press-releases/	https://www.gsma.com/newsroom/press-releases/	200	httpx	2.636	110573	Press Releases - Newsroom	ITU数字发展,宽带指标,OECD数字经济,World Bank/IMF宏观	国际组织:ITU数字发展,宽带指标,OECD数字经济,World Bank/IMF宏观,行业权威机构:ITU数字发展,宽带指标,OECD数字经济,World Bank/IMF宏观	bb2ed74819c8d55e35d967ba5d4e58b9280957fcd6ca9b649f9d55fa6bb50fd5	allow	industry_association	international	requires_periodic_review	checked	True		
2026-06-10T09:47:11.489227+00:00	2026-06-10T17:47:11.489238+08:00	29	partial	https://www.itu.int/	https://www.itu.int/en/Pages/default.aspx	200	httpx	3.732	100231	ITU: Connecting the world and beyond	ITU数字发展,宽带指标,OECD数字经济,World Bank/IMF宏观	国际组织:ITU数字发展,宽带指标,OECD数字经济,World Bank/IMF宏观,行业权威机构:ITU数字发展,宽带指标,OECD数字经济,World Bank/IMF宏观	91280c9c730cfaab6deacd99b6d38fe019e1bcf06ed58546d23da2b4425169fa	allow	international_org	international	public_information	checked	True		
2026-06-10T09:47:13.132731+00:00	2026-06-10T17:47:13.132747+08:00	30	partial	https://api.worldbank.org/v2/country/HKG/indicator/NY.GDP.MKTP.CD?format=json&per_page=5	https://api.worldbank.org/v2/country/HKG/indicator/NY.GDP.MKTP.CD?format=json&per_page=5	200	httpx	0.116	1179		访港旅客,零售,失业率,CPI,利率,汇率	宏观经济:访港旅客,零售,失业率,CPI,利率,汇率,人口:访港旅客,零售,失业率,CPI,利率,汇率,消费:访港旅客,零售,失业率,CPI,利率,汇率	27bb6625cc0502f86505b076dc4f3a4b0b635d49f9cacbe14b39ac4feb92c6cd	allow	public_api	international	public_api	not_found_allow	True		
2026-06-10T09:47:13.132731+00:00	2026-06-10T17:47:13.132747+08:00	30	partial	https://www.censtatd.gov.hk/en/scode200.html	https://www.censtatd.gov.hk/en/scode200.html	200	httpx	0.478	26041	Labour Force, Employment and Unemployment	访港旅客,零售,失业率,CPI,利率,汇率	宏观经济:访港旅客,零售,失业率,CPI,利率,汇率,人口:访港旅客,零售,失业率,CPI,利率,汇率,消费:访港旅客,零售,失业率,CPI,利率,汇率	6bac0b780c2c56d7e32eaa63a2cebccf7750f9b100ec3a93175461ff20930bd7	allow	government_statistics	HK	public_information	checked	True		
2026-06-10T09:47:13.132731+00:00	2026-06-10T17:47:13.132747+08:00	30	partial	https://www.censtatd.gov.hk/en/scode460.html	https://www.censtatd.gov.hk/en/scode460.html	200	httpx	0.484	39906	Snapshot of Hong Kong	访港旅客,零售,失业率,CPI,利率,汇率	宏观经济:访港旅客,零售,失业率,CPI,利率,汇率,人口:访港旅客,零售,失业率,CPI,利率,汇率,消费:访港旅客,零售,失业率,CPI,利率,汇率	08f364e6d80e36f1dfd4ee5e6efde8a602d86a996bd74850df9f102463dce948	allow	government_statistics	HK	public_information	checked	True		
2026-06-10T09:47:13.132731+00:00	2026-06-10T17:47:13.132747+08:00	30	partial	https://www.info.gov.hk/gia/general/202601/22/P2026012200447p.htm	https://www.info.gov.hk/gia/general/202601/22/P2026012200447p.htm	200	httpx	0.73	7337	Consumer Price Indices for December 2025	访港旅客,零售,失业率,CPI,利率,汇率	宏观经济:访港旅客,零售,失业率,CPI,利率,汇率,人口:访港旅客,零售,失业率,CPI,利率,汇率,消费:访港旅客,零售,失业率,CPI,利率,汇率	0ff16ada658520a8bb12b40b74bbabe898d58541937a603a7cc838b06906952a	allow	government_public_info	HK	public_information	checked	True		
2026-06-10T09:47:13.132731+00:00	2026-06-10T17:47:13.132747+08:00	30	partial	https://apidocs.hkma.gov.hk/abouthkmasapi/	https://apidocs.hkma.gov.hk/abouthkmasapi/	200	httpx	1.514	15036	About HKMA's API – Hong Kong Monetary Authority	访港旅客,零售,失业率,CPI,利率,汇率	宏观经济:访港旅客,零售,失业率,CPI,利率,汇率,人口:访港旅客,零售,失业率,CPI,利率,汇率,消费:访港旅客,零售,失业率,CPI,利率,汇率	6717621e7d29142fdcc0cda70cb5eb2613dbb89c14d3adfd8c55819c99a9732a	allow	government_api_docs	HK	public_api_docs	checked	True		
2026-06-10T09:47:13.132731+00:00	2026-06-10T17:47:13.132747+08:00	30	partial	https://www.hkma.gov.hk/eng/data-publications-and-research/data-and-statistics/monthly-statistical-bulletin/	https://www.hkma.gov.hk/eng/data-publications-and-research/data-and-statistics/monthly-statistical-bulletin/	200	httpx	1.638	233738	Hong Kong Monetary Authority - Monthly Statistical Bulletin	访港旅客,零售,失业率,CPI,利率,汇率	宏观经济:访港旅客,零售,失业率,CPI,利率,汇率,人口:访港旅客,零售,失业率,CPI,利率,汇率,消费:访港旅客,零售,失业率,CPI,利率,汇率	f9eeee05acd0d20c2fdb6aff9122ad15431b35ac95d31c376182fb73b58dbd0b	allow	government_statistics	HK	public_information	not_found_allow	True		
2026-06-10T09:47:16.947492+00:00	2026-06-10T17:47:16.947506+08:00	31	ok	https://www.gsma.com/newsroom/press-releases/	https://www.gsma.com/newsroom/press-releases/	200	httpx	0.402	110724	Press Releases - Newsroom	技术动态,市场趋势,企业重大合作,前沿产品		bb2ed74819c8d55e35d967ba5d4e58b9280957fcd6ca9b649f9d55fa6bb50fd5	allow	industry_association	international	requires_periodic_review	checked	True		
2026-06-10T09:47:16.947492+00:00	2026-06-10T17:47:16.947506+08:00	31	ok	https://www.softbank.jp/en/corp/news/press/sbkk/2026/20260302_03/	https://www.softbank.jp/en/corp/news/press/sbkk/2026/20260302_03/	200	httpx	0.429	89423	SoftBank Corp. Announces Telco AI Cloud Vision to Build Social Infrastructure for the AI Era, Leveraging Its Telecommunications Foundation | About Us | SoftBank	技术动态,市场趋势,企业重大合作,前沿产品		fb58f2bf714a2a86b12d64d71bc4253a2822d078eb7551f0dd9c27cd6c6e3b0c	allow	company_official	JP	requires_periodic_review	checked	True		
2026-06-10T09:47:16.947492+00:00	2026-06-10T17:47:16.947506+08:00	31	ok	https://www.totaltele.com/	https://totaltele.com/	200	httpx	0.959	650445	Total Telecom - News, analysis and events for global telecoms	技术动态,市场趋势,企业重大合作,前沿产品		67dbc1cd7099690b883de7526f3e37637c5c83f1ba2e7eb7d2cc511ad4253d27	allow	media	UK	approved	checked	True		
2026-06-10T09:47:23.836907+00:00	2026-06-10T17:47:23.836916+08:00	32	ok	https://www.totaltele.com/	https://totaltele.com/	200	httpx	0.191	650445	Total Telecom - News, analysis and events for global telecoms	收购,融资,合资,股权交易		67dbc1cd7099690b883de7526f3e37637c5c83f1ba2e7eb7d2cc511ad4253d27	allow	media	UK	approved	checked	True		
2026-06-10T09:47:23.836907+00:00	2026-06-10T17:47:23.836916+08:00	32	ok	https://www.gsma.com/newsroom/press-releases/	https://www.gsma.com/newsroom/press-releases/	200	httpx	0.375	110724	Press Releases - Newsroom	收购,融资,合资,股权交易		bb2ed74819c8d55e35d967ba5d4e58b9280957fcd6ca9b649f9d55fa6bb50fd5	allow	industry_association	international	requires_periodic_review	checked	True		
2026-06-10T09:47:23.836907+00:00	2026-06-10T17:47:23.836916+08:00	32	ok	https://www.investhk.gov.hk/en/news/	https://www.investhk.gov.hk/en/news/	200	httpx	0.538	128934	News | InvestHK	收购,融资,合资,股权交易		6de0126cf620d27c4c0e252b72fffc7b03519dbfb8e281e7e9688cf91d548ebb	allow	government_public_info	HK	public_information	checked	True		
2026-06-10T09:47:23.836907+00:00	2026-06-10T17:47:23.836916+08:00	32	ok	https://www.verizon.com/about/news/verizon-and-frontier-regulatory-approval	https://www.verizon.com/about/news/verizon-and-frontier-regulatory-approval	200	httpx	1.838	399203	Verizon and Frontier Receive All Required Regulatory Approvals to Complete Transaction | About Verizon	收购,融资,合资,股权交易		1113f5336000b68a261dc31c06dcc957b51c6545e2f71494a9df0f440ce6f3d0	allow	company_official	US	requires_periodic_review	checked	True		
2026-06-10T09:47:23.836907+00:00	2026-06-10T17:47:23.836916+08:00	32	ok	https://report.telekom.com/annual-report-2025/notes/summary-of-accounting-policies/changes-in-the-composition-of-the-group-and-other-transactions.html	https://report.telekom.com/annual-report-2025/notes/summary-of-accounting-policies/changes-in-the-composition-of-the-group-and-other-transactions.html	200	httpx	3.936	252320	Changes in the composition of the Group and other transactions - Deutsche Telekom Annual Report 2025	收购,融资,合资,股权交易		f736ec9678288e02585af10a746c273b73c5680e7ff8b8922353444c4d2e7769	allow	exchange_public_filing	DE	public_disclosure	checked	True		
2026-06-10T09:47:23.836907+00:00	2026-06-10T17:47:23.836916+08:00	32	ok	https://report.telekom.com/annual-report-2025/management-report/development-of-business-in-the-operating-segments/united-states.html	https://report.telekom.com/annual-report-2025/management-report/development-of-business-in-the-operating-segments/united-states.html	200	httpx	4.159	221720	United States - Deutsche Telekom Annual Report 2025	收购,融资,合资,股权交易		c61bf87ae838c28e0d1cec01601ae021af916335a5458fc74d9efde159d41076	allow	exchange_public_filing	DE	public_disclosure	checked	True		
2026-06-10T09:47:30.037282+00:00	2026-06-10T17:47:30.037314+08:00	33	ok	https://english.www.gov.cn/	https://english.www.gov.cn/	200	httpx	0.3	60464	The State Council of the People's Republic of China	地缘政治,经济,重大政策/声明		06a1b074accc79f609df5b78f48141baf695f5302ec15e0abaaa2cc3fc09105b	allow	government_public_info	CN	public_information	checked	True		
2026-06-10T09:47:30.037282+00:00	2026-06-10T17:47:30.037314+08:00	33	ok	https://www.gov.cn/	https://www.gov.cn/	200	httpx	3.15	68717	中国政府网_中央人民政府门户网站	地缘政治,经济,重大政策/声明		823e50809cea43a315e72db500f6b2c23c7b756f7a1f7e4a0d0e7d3696249ef6	allow	government_public_info	CN	public_information	checked	True		
2026-06-10T09:47:30.037282+00:00	2026-06-10T17:47:30.037314+08:00	33	ok	https://www.mfa.gov.cn/eng/	https://www.mfa.gov.cn/eng/	200	httpx	3.516	46350	Ministry of Foreign Affairs of the People's Republic of China	地缘政治,经济,重大政策/声明		e2795938d654155c6a33af01fc11f419b78e56a82365366bf59ad012ca5c9097	allow	government_public_info	CN	public_information	checked	True		
2026-06-10T09:47:34.257021+00:00	2026-06-10T17:47:34.257052+08:00	34	ok	https://api.worldbank.org/v2/country/HKG/indicator/NY.GDP.MKTP.CD?format=json&per_page=5	https://api.worldbank.org/v2/country/HKG/indicator/NY.GDP.MKTP.CD?format=json&per_page=5	200	httpx	0.477	1179		GDP,进出口,失业率,旅游业数据		27bb6625cc0502f86505b076dc4f3a4b0b635d49f9cacbe14b39ac4feb92c6cd	allow	public_api	international	public_api	not_found_allow	True		
2026-06-10T09:47:34.257021+00:00	2026-06-10T17:47:34.257052+08:00	34	ok	https://www.censtatd.gov.hk/en/scode200.html	https://www.censtatd.gov.hk/en/scode200.html	200	httpx	0.655	26041	Labour Force, Employment and Unemployment	GDP,进出口,失业率,旅游业数据		6bac0b780c2c56d7e32eaa63a2cebccf7750f9b100ec3a93175461ff20930bd7	allow	government_statistics	HK	public_information	checked	True		
2026-06-10T09:47:34.257021+00:00	2026-06-10T17:47:34.257052+08:00	34	ok	https://www.discoverhongkong.com/eng/hktb/newsroom/tourism-statistics.html	https://www.discoverhongkong.com/eng/hktb/newsroom/tourism-statistics.html	200	httpx	0.939	201968	Tourism Statistics | Hong Kong Tourism Board	GDP,进出口,失业率,旅游业数据		a0e8dc986eda8a9268c6d9f352a0d021ccdf2b755dafee0b193d73fdd2f75416	allow	government_public_info	HK	public_information	checked	True		
2026-06-10T09:47:34.257021+00:00	2026-06-10T17:47:34.257052+08:00	34	ok	https://www.stats.gov.cn/english/	https://www.stats.gov.cn/english/	200	httpx	1.937	25132	National Bureau of Statistics of China	GDP,进出口,失业率,旅游业数据		e78fc71e7ff9ad131418b856075009b2d639597a5ecba0585f87a3c7ed950453	allow	government_statistics	CN	public_information	not_found_allow	True		
