run_time	run_time_hkt	row	row_status	url	final_url	http_status	method	elapsed_seconds	bytes	title	extracted_fields	missing_fields	content_hash	source_policy	source_type	jurisdiction	tos_status	robots_status	robots_allowed	cache_hit	skip_reason	error	live_fetch_status	evidence_fallback_used	fallback_reason
2026-06-16T06:53:02.806511+00:00	2026-06-16T14:53:02.806527+08:00	2	ok	https://www.hkt.com/en/about-hkt/investor-relations/fast-facts/	https://www.hkt.com/en/about-hkt/investor-relations/fast-facts/	200	httpx	1.93	69761	HKT	运营收入/总收益,服务收入,EBITDA,净利润,客户数/用户数,5G用户数,ARPU,资本开支,派息,战略升级,券商观点,市场反应,宽频线数/家宽用户数		66f50bd66d10629d069da351f6c9661c51a72f8c4487d7a7fa7a2c56613a51a9	allow	company_official	HK	requires_periodic_review	checked	True	False			success	False	
2026-06-16T06:53:02.806511+00:00	2026-06-16T14:53:02.806527+08:00	2	ok	https://www.hkt.com/en/about-hkt/investor-relations/financial-results/	https://www.hkt.com/en/about-hkt/investor-relations/financial-results/	200	httpx	1.976	138154	HKT	运营收入/总收益,服务收入,EBITDA,净利润,客户数/用户数,5G用户数,ARPU,资本开支,派息,战略升级,券商观点,市场反应,宽频线数/家宽用户数		26adb70e6015c2ae0cd05a65c151c91d3fced63b7527a082e2fdbec4e5470884	allow	company_official	HK	requires_periodic_review	checked	True	False			success	False	
2026-06-16T06:53:02.806511+00:00	2026-06-16T14:53:02.806527+08:00	2	ok	https://stockanalysis.com/quote/hkg/6823/revenue/	https://stockanalysis.com/quote/hkg/6823/revenue/	200	httpx	2.05	88099	HKT Trust and HKT (HKG:6823) Revenue	运营收入/总收益,服务收入,EBITDA,净利润,客户数/用户数,5G用户数,ARPU,资本开支,派息,战略升级,券商观点,市场反应,宽频线数/家宽用户数		ebdc1afaa47ef18b2c386117ed9e598734a4696cbe34b8c8330029780b480246	allow	commercial_data	US	approved	checked	True	False			success	False	
2026-06-16T06:53:02.806511+00:00	2026-06-16T14:53:02.806527+08:00	2	ok	https://stockanalysis.com/quote/hkg/6823/financials/	https://stockanalysis.com/quote/hkg/6823/financials/	200	httpx	2.142	140197	HKT Trust and HKT (HKG:6823) Financials & Income Statement	运营收入/总收益,服务收入,EBITDA,净利润,客户数/用户数,5G用户数,ARPU,资本开支,派息,战略升级,券商观点,市场反应,宽频线数/家宽用户数		1a88d640f061fbd3712fbbccaed110c204abe3efcc2d31b77691a79e83b13a7c	allow	commercial_data	US	approved	checked	True	False			success	False	
2026-06-16T06:53:02.806511+00:00	2026-06-16T14:53:02.806527+08:00	2	ok	https://www.hkcsl.com/en/csl-local-prepaid-sim-card	https://www.hkcsl.com/en/csl-local-prepaid-sim-card	200	httpx	2.151	199932	Local Prepaid SIM Card in Hong Kong | csl	运营收入/总收益,服务收入,EBITDA,净利润,客户数/用户数,5G用户数,ARPU,资本开支,派息,战略升级,券商观点,市场反应,宽频线数/家宽用户数		a58223c493b07f9be9baaee9bb5226947655ff17bc9e8b339e234b401eacaea3	allow	company_official	HK	requires_periodic_review	checked	True	False			success	False	
2026-06-16T06:53:02.806511+00:00	2026-06-16T14:53:02.806527+08:00	2	ok	https://www.1010.com.hk/	https://www.1010.com.hk/	200	cache:httpx	0.41	161517	1O1O HK | Best 5G | #1 Strongest 5G Plan	运营收入/总收益,服务收入,EBITDA,净利润,客户数/用户数,5G用户数,ARPU,资本开支,派息,战略升级,券商观点,市场反应,宽频线数/家宽用户数		b668caeb51e731c7a2806e56ad199b7c527104b8294c1b68e2e157d73743ee19	allow	company_official	HK	requires_periodic_review	checked	True	True			success	False	
2026-06-16T06:53:02.806511+00:00	2026-06-16T14:53:02.806527+08:00	2	ok	https://financialreports.eu/filings/hkt-management-limited-and-hkt-limited/annual-report/2025/32579946/	https://financialreports.eu/filings/hkt-management-limited-and-hkt-limited/annual-report/2025/32579946/	200	httpx	2.194	780367	HKT Management Limited and HKT Limited - Annual Report 2024 | FinancialReports.eu	运营收入/总收益,服务收入,EBITDA,净利润,客户数/用户数,5G用户数,ARPU,资本开支,派息,战略升级,券商观点,市场反应,宽频线数/家宽用户数		18b1c95b34e9637183b46e3e8b8b5c620edd6f8b776fb208dbeee496854e3c9a	allow	commercial_data	EU	approved	checked	True	False			success	False	
2026-06-16T06:53:12.997169+00:00	2026-06-16T14:53:12.997188+08:00	3	ok	https://www.hkcsl-5g.com/en/5g-tariff-plan/	https://www.hkcsl-5g.com/en/5g-tariff-plan/	200	httpx	1.879	62795	csl 5G	5G套餐,产品规格,合约期,资费,增值服务,家宽套餐,企业专线,漫游,促销折扣		52ee1385a6da707c6998cc37f5823556c9c5960bcae14beef8d9b7c0c83bf7ce	allow	company_official	HK	requires_periodic_review	not_found_allow	True	False			success	False	
2026-06-16T06:53:12.997169+00:00	2026-06-16T14:53:12.997188+08:00	3	ok	https://www.hkt.com/en/about-hkt/investor-relations/fast-facts/	https://www.hkt.com/en/about-hkt/investor-relations/fast-facts/	200	cache:httpx	0.049	69761	HKT	5G套餐,产品规格,合约期,资费,增值服务,家宽套餐,企业专线,漫游,促销折扣		66f50bd66d10629d069da351f6c9661c51a72f8c4487d7a7fa7a2c56613a51a9	allow	company_official	HK	requires_periodic_review	checked	True	True			success	False	
2026-06-16T06:53:12.997169+00:00	2026-06-16T14:53:12.997188+08:00	3	ok	https://www.hkcsl.com/en/csl-local-prepaid-sim-card	https://www.hkcsl.com/en/csl-local-prepaid-sim-card	200	cache:httpx	2.15	199932	Local Prepaid SIM Card in Hong Kong | csl	5G套餐,产品规格,合约期,资费,增值服务,家宽套餐,企业专线,漫游,促销折扣		a58223c493b07f9be9baaee9bb5226947655ff17bc9e8b339e234b401eacaea3	allow	company_official	HK	requires_periodic_review	checked	True	True			success	False	
2026-06-16T06:53:12.997169+00:00	2026-06-16T14:53:12.997188+08:00	3	ok	https://www.1010.com.hk/	https://www.1010.com.hk/	200	httpx	2.337	161517	1O1O HK | Best 5G | #1 Strongest 5G Plan	5G套餐,产品规格,合约期,资费,增值服务,家宽套餐,企业专线,漫游,促销折扣		b668caeb51e731c7a2806e56ad199b7c527104b8294c1b68e2e157d73743ee19	allow	company_official	HK	requires_periodic_review	checked	True	False			success	False	
2026-06-16T06:53:12.997169+00:00	2026-06-16T14:53:12.997188+08:00	3	ok	https://www.1010corporate.com/en/news-updates/ezone-open-api-digital-innovation/	https://www.1010corporate.com/en/news-updates/ezone-open-api-digital-innovation/	200	cache:httpx	3.379	66390	HKT Enterprise Solutions: Open APIs Powering Hong Kong’s Digital Innovation and Enterprise Efficiency | 1O1O Corporate Solutions	5G套餐,产品规格,合约期,资费,增值服务,家宽套餐,企业专线,漫游,促销折扣		5cfacd5e66890922224dc8a48a07c91e96f580a0452afbb3eb69fe01a5b77a45	allow	company_official	HK	requires_periodic_review	checked	True	True			success	False	
2026-06-16T06:53:12.997169+00:00	2026-06-16T14:53:12.997188+08:00	3	ok	https://www.netvigator.com/eng/index.html	https://www.netvigator.com/eng/index.html	200	curl_crawler_rewrite	14.06	51550	Netvigator | NETVIGATOR Home Broadband	5G套餐,产品规格,合约期,资费,增值服务,家宽套餐,企业专线,漫游,促销折扣		28821a9e896babb486b4ede6dea10793ef95360365cfa076c332617a76d92c29	allow	company_official	HK	requires_periodic_review	checked	True	False			success	False	
2026-06-16T06:53:02.612763+00:00	2026-06-16T14:53:02.614691+08:00	4	ok	https://www.hkt.com/en/about-hkt/investor-relations/fast-facts/	https://www.hkt.com/en/about-hkt/investor-relations/fast-facts/	200	cache:httpx	1.925	69761	HKT	战略合作,中标,投资并购,5G-A,网络API,边缘计算,数据中心,高管人事		66f50bd66d10629d069da351f6c9661c51a72f8c4487d7a7fa7a2c56613a51a9	allow	company_official	HK	requires_periodic_review	checked	True	True			success	False	
2026-06-16T06:53:02.612763+00:00	2026-06-16T14:53:02.614691+08:00	4	ok	https://www.hkcsl.com/en/csl-local-prepaid-sim-card	https://www.hkcsl.com/en/csl-local-prepaid-sim-card	200	cache:httpx	2.147	199932	Local Prepaid SIM Card in Hong Kong | csl	战略合作,中标,投资并购,5G-A,网络API,边缘计算,数据中心,高管人事		a58223c493b07f9be9baaee9bb5226947655ff17bc9e8b339e234b401eacaea3	allow	company_official	HK	requires_periodic_review	checked	True	True			success	False	
2026-06-16T06:53:02.612763+00:00	2026-06-16T14:53:02.614691+08:00	4	ok	https://www.1010.com.hk/	https://www.1010.com.hk/	200	cache:httpx	2.334	161517	1O1O HK | Best 5G | #1 Strongest 5G Plan	战略合作,中标,投资并购,5G-A,网络API,边缘计算,数据中心,高管人事		b668caeb51e731c7a2806e56ad199b7c527104b8294c1b68e2e157d73743ee19	allow	company_official	HK	requires_periodic_review	checked	True	True			success	False	
2026-06-16T06:53:02.612763+00:00	2026-06-16T14:53:02.614691+08:00	4	ok	https://www.1010corporate.com/en/news-updates/ezone-open-api-digital-innovation/	https://www.1010corporate.com/en/news-updates/ezone-open-api-digital-innovation/	200	httpx	3.379	66390	HKT Enterprise Solutions: Open APIs Powering Hong Kong’s Digital Innovation and Enterprise Efficiency | 1O1O Corporate Solutions	战略合作,中标,投资并购,5G-A,网络API,边缘计算,数据中心,高管人事		5cfacd5e66890922224dc8a48a07c91e96f580a0452afbb3eb69fe01a5b77a45	allow	company_official	HK	requires_periodic_review	checked	True	False			success	False	
2026-06-16T06:53:12.561099+00:00	2026-06-16T14:53:12.561117+08:00	5	ok	https://www.hthkh.com/en/ir/reports.php	https://www.hthkh.com/en/ir/reports.php	200	httpx	3.203	38720	Hutchison Telecommunications Hong Kong Holdings Limited - Investor Relations > Annual & Interim Reports	运营收入/总收益,服务收入,EBITDA,净利润,客户数/用户数,5G用户数,ARPU,资本开支,派息,战略升级,券商观点,市场反应		36eea3cd689ed38df5a82e62222358205afb808b19cb3e616ebb591483fe58c8	allow	company_official	HK	requires_periodic_review	checked	True	False			success	False	
2026-06-16T06:53:12.561099+00:00	2026-06-16T14:53:12.561117+08:00	5	ok	https://m.hthkh.com/en/ir/presentations.php	https://m.hthkh.com/en/ir/presentations.php	200	httpx	3.206	24996	Hutchison Telecommunications Hong Kong Holdings Limited	运营收入/总收益,服务收入,EBITDA,净利润,客户数/用户数,5G用户数,ARPU,资本开支,派息,战略升级,券商观点,市场反应		fb1f36a00f3aad856cae54350d0ab74d9ba5ae31da0a2381d497b6557d4ad06b	allow	company_official	HK	requires_periodic_review	not_found_allow	True	False			success	False	
2026-06-16T06:53:12.561099+00:00	2026-06-16T14:53:12.561117+08:00	5	ok	https://www1.hkexnews.hk/listedco/listconews/sehk/2026/0401/2026040102176.pdf	https://www1.hkexnews.hk/listedco/listconews/sehk/2026/0401/2026040102176.pdf	200	httpx	4.219	12551396	PDF extracted by pdftotext	运营收入/总收益,服务收入,EBITDA,净利润,客户数/用户数,5G用户数,ARPU,资本开支,派息,战略升级,券商观点,市场反应		ee18766ec622c9fc5f97bd0e1cb769dc800b8a8459e6bfe17ec8bb6465246f8b	allow	exchange_public_disclosure	HK	public_disclosure	not_found_allow	True	False			success	False	
2026-06-16T06:53:10.315482+00:00	2026-06-16T14:53:10.315510+08:00	6	ok	https://www.hthkh.com/en/media/press_3hk.php	https://www.hthkh.com/en/media/press_3hk.php	200	httpx	2.879	27246	Hutchison Telecommunications Hong Kong Holdings Limited - Media Centre > Press Releases	5G套餐,SoSIM/Mo+,企业方案,漫游,促销折扣		f32e2b09b5ef44442910a4020e4cabde8fdd28a39f82099bf0c3ebdb161e6554	allow	company_official	HK	requires_periodic_review	checked	True	False			success	False	
2026-06-16T06:53:10.315482+00:00	2026-06-16T14:53:10.315510+08:00	6	ok	https://web.three.com.hk/plans/3business5g/index-en.html	https://web.three.com.hk/plans/3business5g/index-en.html	200	httpx	3.089	77331	3Business	5G套餐,SoSIM/Mo+,企业方案,漫游,促销折扣		034c9b880805e9befced0819185a24b319242088a6f09ca529d5b8cbbb1806a2	allow	company_official	HK	requires_periodic_review	checked	True	False			success	False	
2026-06-16T06:53:10.315482+00:00	2026-06-16T14:53:10.315510+08:00	6	ok	https://web.three.com.hk/plans/apac/index2-en.html	https://web.three.com.hk/plans/apac/index2-en.html	200	httpx	3.141	153543	New 'World Plan' | Data usable worldwide + Free travel insurance | 3HK	5G套餐,SoSIM/Mo+,企业方案,漫游,促销折扣		977060aea5404b3b290595f6d4f6d3ccb425bb59cd975aaea5d64e1dc9b917e0	allow	company_official	HK	requires_periodic_review	checked	True	False			success	False	
2026-06-16T06:53:10.315482+00:00	2026-06-16T14:53:10.315510+08:00	6	ok	https://m.hthkh.com/en/media/press.php	https://m.hthkh.com/en/media/press.php	200	httpx	3.184	21448	Hutchison Telecommunications Hong Kong Holdings Limited	5G套餐,SoSIM/Mo+,企业方案,漫游,促销折扣		59fe560098d3ae75e47d8947e47602dad3d1ea6c50b0ba464047f313ea580fce	allow	company_official	HK	requires_periodic_review	not_found_allow	True	False			success	False	
2026-06-16T06:53:14.804579+00:00	2026-06-16T14:53:14.804596+08:00	7	ok	https://www.hthkh.com/en/media/press_3hk.php	https://www.hthkh.com/en/media/press_3hk.php	200	cache:httpx	0.0	27246	Hutchison Telecommunications Hong Kong Holdings Limited - Media Centre > Press Releases	战略合作,中标,5G-A,企业ICT,IoT,区域动作		f32e2b09b5ef44442910a4020e4cabde8fdd28a39f82099bf0c3ebdb161e6554	allow	company_official	HK	requires_periodic_review	checked	True	True			success	False	
2026-06-16T06:53:14.804579+00:00	2026-06-16T14:53:14.804596+08:00	7	ok	https://m.hthkh.com/en/media/press.php	https://m.hthkh.com/en/media/press.php	200	cache:httpx	0.0	21448	Hutchison Telecommunications Hong Kong Holdings Limited	战略合作,中标,5G-A,企业ICT,IoT,区域动作		59fe560098d3ae75e47d8947e47602dad3d1ea6c50b0ba464047f313ea580fce	allow	company_official	HK	requires_periodic_review	not_found_allow	True	True			success	False	
2026-06-16T06:53:19.683721+00:00	2026-06-16T14:53:19.683786+08:00	8	ok	https://financialreports.eu/filings/smartone-telecommunications-holdings-limited/interim-quarterly-report/2025/17900712/	https://financialreports.eu/filings/smartone-telecommunications-holdings-limited/interim-quarterly-report/2025/17900712/	200	httpx	3.484	142873	SmarTone Telecommunications Holdings Limited - Interim / Quarterly Report 2025 | FinancialReports.eu	运营收入/总收益,服务收入,EBITDA,净利润,客户数/用户数,5G用户数,ARPU,资本开支,派息,战略升级,券商观点,市场反应		9e029c24f81c181eed2e1871bf14d0ed5f17af7cec066f98d3cf513600ff73d3	allow	commercial_data	EU	approved	checked	True	False			success	False	
2026-06-16T06:53:19.683721+00:00	2026-06-16T14:53:19.683786+08:00	8	ok	https://financialreports.eu/filings/smartone-telecommunications-holdings-limited/interim-quarterly-report/2026/33085922/	https://financialreports.eu/filings/smartone-telecommunications-holdings-limited/interim-quarterly-report/2026/33085922/	200	httpx	3.545	231982	SmarTone Telecommunications Holdings Limited - Interim / Quarterly Report 2026 | FinancialReports.eu	运营收入/总收益,服务收入,EBITDA,净利润,客户数/用户数,5G用户数,ARPU,资本开支,派息,战略升级,券商观点,市场反应		130e4f5bd1ac74f6d730873a6d85a9c96248cadc9a9573cd386a093b6a827c53	allow	commercial_data	EU	approved	checked	True	False			success	False	
2026-06-16T06:53:19.683721+00:00	2026-06-16T14:53:19.683786+08:00	8	ok	https://www.smartoneholdings.com/jsp/site/investor_relations/financial_reports/english/index.jsp	https://www.smartoneholdings.com/jsp/site/investor_relations/financial_reports/english/index.jsp	200	httpx	3.817	52298	Financial Reports - Investors Relations	运营收入/总收益,服务收入,EBITDA,净利润,客户数/用户数,5G用户数,ARPU,资本开支,派息,战略升级,券商观点,市场反应		0ce11be5cb206c6cee057d0bc29735de0c21f706b86579686a0d9c3dc1cd8a1b	allow	company_official	HK	requires_periodic_review	not_found_allow	True	False			success	False	
2026-06-16T06:53:19.683721+00:00	2026-06-16T14:53:19.683786+08:00	8	ok	https://www.smartoneholdings.com/about/investor/results/english/2025_annual_present.pdf	https://www.smartoneholdings.com/about/investor/results/english/2025_annual_present.pdf	200	httpx	4.1	2933734	PDF extracted by pdftotext	运营收入/总收益,服务收入,EBITDA,净利润,客户数/用户数,5G用户数,ARPU,资本开支,派息,战略升级,券商观点,市场反应		1299698eeac2192835ee8e1aaec82219dd2992823197e5ef4d323d076e92a382	allow	company_official	HK	requires_periodic_review	not_found_allow	True	False			success	False	
2026-06-16T06:53:19.683721+00:00	2026-06-16T14:53:19.683786+08:00	8	ok	https://www.smartoneholdings.com/about/investor/results/english/2026_interim_present.pdf	https://www.smartoneholdings.com/about/investor/results/english/2026_interim_present.pdf	200	httpx	4.136	3484296	PDF extracted by pdftotext	运营收入/总收益,服务收入,EBITDA,净利润,客户数/用户数,5G用户数,ARPU,资本开支,派息,战略升级,券商观点,市场反应		02c14d9dfb8bfbbbf9c9d49fb3cef053db4877b1b09cc5b82d9f9c3b63973380	allow	company_official	HK	requires_periodic_review	not_found_allow	True	False			success	False	
2026-06-16T06:53:24.005883+00:00	2026-06-16T14:53:24.005891+08:00	9	ok	https://5g.smartone.com/en/mobile_and_price_plans/subscription-offers/	https://5g.smartone.com/en/mobile_and_price_plans/subscription-offers/	200	httpx	3.853	1673260	SmarTone 5G – World Class 5G experience. Only at SmarTone	5G套餐,家宽,企业方案,漫游,促销折扣		0d5eabed7ab0a75277792ac25800ab9e73956aef99ac6d220fdbc9f99fa53725	allow	company_official	HK	requires_periodic_review	checked	True	False			success	False	
2026-06-16T06:53:24.005883+00:00	2026-06-16T14:53:24.005891+08:00	9	ok	https://5g.smartone.com/en/mobile_and_price_plans/roaming/apac_worldwide_roaming_data_pack/charges.jsp	https://5g.smartone.com/en/mobile_and_price_plans/roaming/apac_worldwide_roaming_data_pack/charges.jsp	200	httpx	8.652	118070	SmarTone 5G – World Class 5G experience. Only at SmarTone	5G套餐,家宽,企业方案,漫游,促销折扣		72e25d12053ce78ae049110d69f674e07bf0c0e22918db68292d39d1b3a6833f	allow	company_official	HK	requires_periodic_review	checked	True	False			success	False	
2026-06-16T06:53:19.383504+00:00	2026-06-16T14:53:19.383533+08:00	10	ok	https://www.smartoneholdings.com/about/investor/results/english/2026_interim_present.pdf	https://www.smartoneholdings.com/about/investor/results/english/2026_interim_present.pdf	200	cache:httpx	1.9	3484296	PDF extracted by pdftotext	战略合作,中标,5G-A,家宽布局,区域动作		02c14d9dfb8bfbbbf9c9d49fb3cef053db4877b1b09cc5b82d9f9c3b63973380	allow	company_official	HK	requires_periodic_review	not_found_allow	True	True			success	False	
2026-06-16T06:53:19.383504+00:00	2026-06-16T14:53:19.383533+08:00	10	ok	https://www.aastocks.com/en/stocks/analysis/stock-aafn/00315/0/all/1	https://www.aastocks.com/en/stocks/analysis/stock-aafn/00315/0/hk-stock-news/1	200	httpx	2.188	245707	AASTOCKS Financial News - SMARTONE TELE (00315.HK)	战略合作,中标,5G-A,家宽布局,区域动作		66de8bd8da3aae146aaf4ca8746ecf9a7ab3f343e51fa764cd169bfeb8de5795	allow	commercial_data	HK	approved	checked	True	False			success	False	
2026-06-16T06:53:23.875103+00:00	2026-06-16T14:53:23.875114+08:00	11	ok	https://www.hkbn.net/group/en/newsroom/press-releases/20251031_FY25_Annual_Results	https://www.hkbn.net/group/en/newsroom/press-releases/20251031_FY25_Annual_Results	200	httpx	1.109	81205	Press Releases | HKBN	总收入,板块收入分拆,EBITDA,净利润,融资成本,资本开支,商誉,资产负债率,用户数,商业楼宇覆盖率,派息,战略升级,券商观点,市场反应		a3fe46e602fe23baaf516a67b9b1ab6a58daeaf7d086c1ac928c62a5b68e48d7	allow	company_official	HK	requires_periodic_review	checked	True	False			success	False	
2026-06-16T06:53:23.875103+00:00	2026-06-16T14:53:23.875114+08:00	11	ok	https://reg.hkbn.net/WwwCMS/upload/pdf/en/e_AnnualReport_2025.pdf	https://reg.hkbn.net/WwwCMS/upload/pdf/en/e_AnnualReport_2025.pdf	200	httpx	2.132	11010020	PDF extracted by pdftotext	总收入,板块收入分拆,EBITDA,净利润,融资成本,资本开支,商誉,资产负债率,用户数,商业楼宇覆盖率,派息,战略升级,券商观点,市场反应		ad397c030e1a7607ea65f3b1e5282506faff1c341c1893bc22af4830c1737010	allow	company_official	HK	requires_periodic_review	checked	True	False			success	False	
2026-06-16T06:53:24.117817+00:00	2026-06-16T14:53:24.117833+08:00	12	ok	https://www.hkbn.net/group/en/newsroom/press-releases/20251031_FY25_Annual_Results	https://www.hkbn.net/group/en/newsroom/press-releases/20251031_FY25_Annual_Results	200	cache:httpx	0.809	81205	Press Releases | HKBN	业绩报告公告,董事会,股东大会,派息,持续性关联交易		a3fe46e602fe23baaf516a67b9b1ab6a58daeaf7d086c1ac928c62a5b68e48d7	allow	company_official	HK	requires_periodic_review	checked	True	True			success	False	
2026-06-16T06:53:24.117817+00:00	2026-06-16T14:53:24.117833+08:00	12	ok	https://www.hkbn.net/group/en/investor-engagement/announcement-circulars	https://www.hkbn.net/group/en/investor-engagement/announcement-circulars	200	httpx	1.54	882939	Announcements & Circulars | HKBN	业绩报告公告,董事会,股东大会,派息,持续性关联交易		678941b3941825030ca7e8556a1db9a76a76ee375e083ce0c902e581b867ec95	allow	company_official	HK	requires_periodic_review	checked	True	False			success	False	
2026-06-16T06:53:24.117817+00:00	2026-06-16T14:53:24.117833+08:00	12	ok	https://reg.hkbn.net/WwwCMS/upload/pdf/en/e_AnnualReport_2025.pdf	https://reg.hkbn.net/WwwCMS/upload/pdf/en/e_AnnualReport_2025.pdf	200	cache:httpx	1.832	11010020	PDF extracted by pdftotext	业绩报告公告,董事会,股东大会,派息,持续性关联交易		ad397c030e1a7607ea65f3b1e5282506faff1c341c1893bc22af4830c1737010	allow	company_official	HK	requires_periodic_review	checked	True	True			success	False	
2026-06-16T06:53:26.529226+00:00	2026-06-16T14:53:26.529277+08:00	13	ok	https://www.hkbn.net/group/en/investor-engagement/announcement-circulars	https://www.hkbn.net/group/en/investor-engagement/announcement-circulars	200	cache:httpx	0.0	882939	Announcements & Circulars | HKBN	股价异动		678941b3941825030ca7e8556a1db9a76a76ee375e083ce0c902e581b867ec95	allow	company_official	HK	requires_periodic_review	checked	True	True			success	False	
2026-06-16T06:53:26.529226+00:00	2026-06-16T14:53:26.529277+08:00	13	ok	https://stockanalysis.com/quote/hkg/1310/	https://stockanalysis.com/quote/hkg/1310/	200	httpx	0.669	98212	HKBN Ltd. (HKG:1310) Stock Price & Overview	股价异动		0025067284c5256506938bc7e7fd7f4548a97601f0e26e1b1529185ebcd9fb4d	allow	commercial_data	US	approved	checked	True	False			success	False	
2026-06-16T06:53:26.529226+00:00	2026-06-16T14:53:26.529277+08:00	13	ok	https://www.aastocks.com/en/stocks/quote/detail-quote.aspx?symbol=01310	https://www.aastocks.com/en/stocks/quote/detail-quote.aspx?symbol=01310	200	httpx	0.764	210887	Detail Quote	股价异动		e513397d749afb1f765ba3631ca193f698f2a3a8c67b2ad1e02923013993dbb7	allow	commercial_data	HK	approved	checked	True	False			success	False	
2026-06-16T06:53:27.453221+00:00	2026-06-16T14:53:27.453231+08:00	14	ok	https://www.hkbn.net/group/en/newsroom/press-releases/20251031_FY25_Annual_Results	https://www.hkbn.net/group/en/newsroom/press-releases/20251031_FY25_Annual_Results	200	cache:httpx	0.0	81205	Press Releases | HKBN	宽带套餐,企业ICT,云/安全,融合产品,重大合作,区域布局		a3fe46e602fe23baaf516a67b9b1ab6a58daeaf7d086c1ac928c62a5b68e48d7	allow	company_official	HK	requires_periodic_review	checked	True	True			success	False	
2026-06-16T06:53:27.453221+00:00	2026-06-16T14:53:27.453231+08:00	14	ok	https://reg.hkbn.net/WwwCMS/upload/web/en/20260401_HIKMICRO.html	https://reg.hkbn.net/WwwCMS/upload/web/en/20260401_HIKMICRO.html	200	httpx	0.253	18416	HKBN Enterprise Solutions Forges Exclusive Distribution Partnership with HIKMICRO Empowering Intelligent Security and Efficient Management for Businesses	宽带套餐,企业ICT,云/安全,融合产品,重大合作,区域布局		8064bdd20a7291f4ec8d950fc363821512fb4771ff384a435de50aad3ca63ff5	allow	company_official	HK	requires_periodic_review	checked	True	False			success	False	
2026-06-16T06:53:27.453221+00:00	2026-06-16T14:53:27.453231+08:00	14	ok	https://reg.hkbn.net/WwwCMS/upload/web/en/20241128-TPLink.html	https://reg.hkbn.net/WwwCMS/upload/web/en/20241128-TPLink.html	200	httpx	0.777	18646	HKBN Launches GigaFast Broadband with Wi-Fi 7 Routers	宽带套餐,企业ICT,云/安全,融合产品,重大合作,区域布局		691c1f8fed99ea722be9fc33dfa038e057fc3fcbc6219553f72cca1efa957db9	allow	company_official	HK	requires_periodic_review	checked	True	False			success	False	
2026-06-16T06:53:29.084359+00:00	2026-06-16T14:53:29.084447+08:00	15	ok	https://www.hgc-intl.com/	https://www.hgc-intl.com/	200	httpx	1.278	219020	HGC International Business | Global Telecom and ICT Solution Provider	家宽用户数,网络覆盖,企业通信,跨境链路,数据中心,云网产品,派息,战略升级,券商观点,市场反应,资本开支		53e16892479cbd27789c640287ae62779559bfbef2e5326c6cdfea24cd4000db	allow	company_official	HK	requires_periodic_review	checked	True	False			success	False	
2026-06-16T06:53:29.084359+00:00	2026-06-16T14:53:29.084447+08:00	15	ok	https://www.hgc-intl.com/insight/hgc-sets-out-for-full-scale-transformation/	https://www.hgc-intl.com/insight/hgc-sets-out-for-full-scale-transformation/	200	httpx	2.773	182741	HGC sets out for full|scale transformation | HGC International Business	家宽用户数,网络覆盖,企业通信,跨境链路,数据中心,云网产品,派息,战略升级,券商观点,市场反应,资本开支		c2ce5ddc4625bdced759989fcee3c3bbd14f96f0fabdbd792b6e109fd039960d	allow	company_official	HK	requires_periodic_review	checked	True	False			success	False	
2026-06-16T06:53:29.562762+00:00	2026-06-16T14:53:29.562779+08:00	16	ok	https://www.hgc-intl.com/	https://www.hgc-intl.com/	200	cache:httpx	0.0	219020	HGC International Business | Global Telecom and ICT Solution Provider	海缆/跨境链路,数据中心,企业网络,合作项目		53e16892479cbd27789c640287ae62779559bfbef2e5326c6cdfea24cd4000db	allow	company_official	HK	requires_periodic_review	checked	True	True			success	False	
2026-06-16T06:53:29.562762+00:00	2026-06-16T14:53:29.562779+08:00	16	ok	https://www.hgc-intl.com/insight/hgc-sets-out-for-full-scale-transformation/	https://www.hgc-intl.com/insight/hgc-sets-out-for-full-scale-transformation/	200	cache:httpx	0.361	182741	HGC sets out for full|scale transformation | HGC International Business	海缆/跨境链路,数据中心,企业网络,合作项目		c2ce5ddc4625bdced759989fcee3c3bbd14f96f0fabdbd792b6e109fd039960d	allow	company_official	HK	requires_periodic_review	checked	True	True			success	False	
2026-06-16T06:53:34.111506+00:00	2026-06-16T14:53:34.111512+08:00	17	ok	https://stockanalysis.com/quote/hkg/1097/financials/	https://stockanalysis.com/quote/hkg/1097/financials/	200	httpx	0.507	130244	i-CABLE Communications (HKG:1097) Financials & Income Statement	运营收入/总收益,服务收入,EBITDA,净利润,客户数/用户数,5G用户数,ARPU,资本开支,派息,战略升级,券商观点,市场反应,宽频线数/家宽用户数,网络覆盖		d116b4b9320927328e16d324183a55663a76f89bb8354a0968a5a6ba9e785aa9	allow	commercial_data	US	approved	checked	True	False			success	False	
2026-06-16T06:53:34.111506+00:00	2026-06-16T14:53:34.111512+08:00	17	ok	https://www.aastocks.com/en/stocks/analysis/stock-aafn/01097/0/all/1	https://www.aastocks.com/en/stocks/analysis/stock-aafn/01097/0/hk-stock-news/1	200	httpx	2.176	247239	AASTOCKS Financial News - I-CABLE COMM (01097.HK)	运营收入/总收益,服务收入,EBITDA,净利润,客户数/用户数,5G用户数,ARPU,资本开支,派息,战略升级,券商观点,市场反应,宽频线数/家宽用户数,网络覆盖		b7df28f28ecd7f7dc5edc350418aef9e723d164972323c2958fed740e2cfefff	allow	commercial_data	HK	approved	checked	True	False			success	False	
2026-06-16T06:53:34.111506+00:00	2026-06-16T14:53:34.111512+08:00	17	ok	https://www.i-cablecomm.com/annual-interim-reports?lang=en	https://www.i-cablecomm.com/annual-interim-reports?lang=en	200	httpx	3.638	28724	年報 / 中期報告 - 有線寬頻 | i-CABLE Communications Limited	运营收入/总收益,服务收入,EBITDA,净利润,客户数/用户数,5G用户数,ARPU,资本开支,派息,战略升级,券商观点,市场反应,宽频线数/家宽用户数,网络覆盖		276a42d6ae1fe2ce20e45b94ca420281e743f063bfc446ed57c24b2cfb8b6538	allow	company_official	HK	requires_periodic_review	checked	True	False			success	False	
2026-06-16T06:53:34.111506+00:00	2026-06-16T14:53:34.111512+08:00	17	ok	https://www.i-cablecomm.com/en/contact-us	https://www.i-cablecomm.com/en/contact-us	200	httpx	3.644	19549	Contact Us - 有線寬頻 | i-CABLE Communications Limited	运营收入/总收益,服务收入,EBITDA,净利润,客户数/用户数,5G用户数,ARPU,资本开支,派息,战略升级,券商观点,市场反应,宽频线数/家宽用户数,网络覆盖		3e7b2c0afbdcf5643edb378d15cae0971b73a83a98146d5d1a721a69b12566f4	allow	company_official	HK	requires_periodic_review	checked	True	False			success	False	
2026-06-16T06:53:34.111506+00:00	2026-06-16T14:53:34.111512+08:00	17	ok	https://www.i-cablecomm.com/en/annual-interim-reports	https://www.i-cablecomm.com/en/annual-interim-reports	200	httpx	3.646	28582	Annual & Interim Reports - 有線寬頻 | i-CABLE Communications Limited	运营收入/总收益,服务收入,EBITDA,净利润,客户数/用户数,5G用户数,ARPU,资本开支,派息,战略升级,券商观点,市场反应,宽频线数/家宽用户数,网络覆盖		abcb5b42885b4a942cdbba061ae9a109b1a8015d43b9393f91f9b114a3e0cc34	allow	company_official	HK	requires_periodic_review	checked	True	False			success	False	
2026-06-16T06:53:34.111506+00:00	2026-06-16T14:53:34.111512+08:00	17	ok	https://financialreports.eu/filings/i-cable-communications-limited/annual-report/2025/24023514/	https://financialreports.eu/filings/i-cable-communications-limited/annual-report/2025/24023514/	200	httpx	3.873	923561	i-Cable Communications Limited - Annual Report 2024 | FinancialReports.eu	运营收入/总收益,服务收入,EBITDA,净利润,客户数/用户数,5G用户数,ARPU,资本开支,派息,战略升级,券商观点,市场反应,宽频线数/家宽用户数,网络覆盖		0be5e0be819baa2236e605e172e55cbe9df7931855c4cc8a86e65de398737aa1	allow	commercial_data	EU	approved	checked	True	False			success	False	
2026-06-16T06:53:34.111506+00:00	2026-06-16T14:53:34.111512+08:00	17	ok	https://dataxis.com/actor-profile/357941/i-cable-television-and-telecom/	https://dataxis.com/product/actor-profile/i-cable-television-and-telecom/	200	httpx	1.678	319592	i-Cable - Television and Telecom - Dataxis	运营收入/总收益,服务收入,EBITDA,净利润,客户数/用户数,5G用户数,ARPU,资本开支,派息,战略升级,券商观点,市场反应,宽频线数/家宽用户数,网络覆盖		dde8e105ad21487865a838090261c5e73f199ae2e74339dc52c65a0a9b277085	allow	commercial_data	unknown	approved	checked	True	False			success	False	
2026-06-16T06:53:34.110336+00:00	2026-06-16T14:53:34.110345+08:00	18	ok	https://www.i-cablecomm.com/annual-interim-reports?lang=en	https://www.i-cablecomm.com/annual-interim-reports?lang=en	200	cache:httpx	2.009	28724	年報 / 中期報告 - 有線寬頻 | i-CABLE Communications Limited	宽带套餐,电讯业务战略合作		276a42d6ae1fe2ce20e45b94ca420281e743f063bfc446ed57c24b2cfb8b6538	allow	company_official	HK	requires_periodic_review	checked	True	True			success	False	
2026-06-16T06:53:34.110336+00:00	2026-06-16T14:53:34.110345+08:00	18	ok	https://www.i-cablecomm.com/en-newsroom/i-cable-communications-limited-appoints-new-chief-executive-officer	https://www.i-cablecomm.com/en-newsroom/i-cable-communications-limited-appoints-new-chief-executive-officer	200	httpx	2.014	20294	i-CABLE Communications Limited appoints new Chief Executive Officer - 有線寬頻 | i-CABLE Communications Limited	宽带套餐,电讯业务战略合作		cda32a8211c0e8006ed8d03cbf3bfebea1efa4f67e1cc52ce6d37cd465905609	allow	company_official	HK	requires_periodic_review	checked	True	False			success	False	
2026-06-16T06:53:34.110336+00:00	2026-06-16T14:53:34.110345+08:00	18	ok	https://financialreports.eu/filings/i-cable-communications-limited/annual-report/2025/24023514/	https://financialreports.eu/filings/i-cable-communications-limited/annual-report/2025/24023514/	200	cache:httpx	2.243	923561	i-Cable Communications Limited - Annual Report 2024 | FinancialReports.eu	宽带套餐,电讯业务战略合作		0be5e0be819baa2236e605e172e55cbe9df7931855c4cc8a86e65de398737aa1	allow	commercial_data	EU	approved	checked	True	True			success	False	
2026-06-16T06:53:34.110336+00:00	2026-06-16T14:53:34.110345+08:00	18	ok	https://www.i-cablebroadband-offer.com/	https://www.i-cablebroadband-offer.com/	200	httpx	2.582	1035112	有線寬頻I-CABLE | 寬頻 | 香港	宽带套餐,电讯业务战略合作		2a9510514f07684f689c8acd7cbc71e31d5c6946d4efa11ebad8bc7d80044530	allow	company_official	HK	requires_periodic_review	checked	True	False			success	False	
2026-06-16T06:53:58.487022+00:00	2026-06-16T14:53:58.487045+08:00	19	ok	https://www.singtel.com/about-us/media-centre/news-releases/singtel-partners-ericsson-to-accelerate-industry-transformation-with-5g-advanced	https://www.singtel.com/about-us/media-centre/news-releases/singtel-partners-ericsson-to-accelerate-industry-transformation-with-5g-advanced	200	httpx	1.567	32693	Singtel partners Ericsson to accelerate industry transformation with 5G Advanced	AI,5G-A,云,企业ICT,Capex方向		325d653e249fb1903e39eb0f870e6573c47690630b5cd8b713f4b66241106fac	allow	company_official	SG	requires_periodic_review	checked	True	False			success	False	
2026-06-16T06:53:58.487022+00:00	2026-06-16T14:53:58.487045+08:00	19	ok	https://www.singtel.com/about-us/media-centre/news-releases/singtel-posts-fy26-net-profit	https://www.singtel.com/about-us/media-centre/news-releases/singtel-posts-fy26-net-profit	200	httpx	1.594	41040	Singtel posts FY26 net profit of S$5.61 billion; underlying profit up 12% to S$2.77 billion	AI,5G-A,云,企业ICT,Capex方向		9c8e8c5c252e09ea215b6d307f8638409dc45ea65b8cb951e3d1ac6c2d3099a0	allow	company_official	SG	requires_periodic_review	checked	True	False			success	False	
2026-06-16T06:53:58.487022+00:00	2026-06-16T14:53:58.487045+08:00	19	ok	https://www.telstra.com.au/aboutus/media	https://www.telstra.com.au/aboutus/media/media-releases	200	httpx	2.083	179630	Media Releases | Telstra	AI,5G-A,云,企业ICT,Capex方向		9f2276b09b2c8b1ecf7cc2343a2c882e18ac4a7ba91a0288e1f0d23f43b64074	allow	company_official	AU	requires_periodic_review	checked	True	False			success	False	
2026-06-16T06:53:58.487022+00:00	2026-06-16T14:53:58.487045+08:00	19	ok	https://corp.kt.com/eng/html/investors/main.html	https://corp.kt.com/eng/html/investors/main.html	200	httpx	1.255	17713	Investors | KT	AI,5G-A,云,企业ICT,Capex方向		3b2f720f7f0ea4194cc27c987764ec47c2ed893f8e43e29f8007217a73c6ed63	allow	company_official	KR	requires_periodic_review	checked	True	False			success	False	
2026-06-16T06:53:58.487022+00:00	2026-06-16T14:53:58.487045+08:00	19	ok	https://corp.kt.com/eng/html/investors/financial/business.html	https://corp.kt.com/eng/html/investors/financial/business.html	200	httpx	1.258	23847	Business Report | KT	AI,5G-A,云,企业ICT,Capex方向		e6bc1cb7e473cdd3de74f955f6063d99964e9a4cefa5c813d6ff98e8984340a3	allow	company_official	KR	requires_periodic_review	checked	True	False			success	False	
2026-06-16T06:53:58.487022+00:00	2026-06-16T14:53:58.487045+08:00	19	ok	https://news.sktelecom.com/en/2787	https://news.sktelecom.com/en/2787	200	httpx	2.912	81307	SK Telecom CEO Unveils ‘AI Native’ Strategy at MWC26, Driving Korea’s Leap in AI Innovation – SK telecom newsroom	AI,5G-A,云,企业ICT,Capex方向		92fd25dfc2b85b87e21a58b7f8082666a3f1a8cb109aa16e323b8cbf56a2e0b9	allow	company_official	KR	requires_periodic_review	checked	True	False			success	False	
2026-06-16T06:53:58.487022+00:00	2026-06-16T14:53:58.487045+08:00	19	ok	https://news.sktelecom.com/en/category/press-center/press-release	https://news.sktelecom.com/en/category/press-center/press-release	200	httpx	3.232	62282	Press Release – SK telecom newsroom	AI,5G-A,云,企业ICT,Capex方向		e3da8cbb7d631804724b8de2e5fae85a69e1dd42ac52a69b139f0c558e0bf2cc	allow	company_official	KR	requires_periodic_review	checked	True	False			success	False	
2026-06-16T06:53:58.487022+00:00	2026-06-16T14:53:58.487045+08:00	19	ok	https://newsroom.kddi.com/english/news/detail/kddi_nr-560_3842.html	https://newsroom.kddi.com/english/news/detail/kddi_nr-560_3842.html	200	httpx	0.582	49500	KDDI and AMD agreed on technology collaboration toward advancing 5G Virtualized Network | KDDI News Room	AI,5G-A,云,企业ICT,Capex方向		7a880da5eb50c7633e07efccdd336f994f52c412d9042c6a02f095d98e8bc304	allow	company_official	JP	requires_periodic_review	not_found_allow	True	False			success	False	
2026-06-16T06:53:58.487022+00:00	2026-06-16T14:53:58.487045+08:00	19	ok	https://www.docomo.ne.jp/english/info/media_center/pr/2026/0303_00.html	https://www.docomo.ne.jp/english/info/media_center/pr/2026/0303_00.html	200	httpx	0.774	52990	Press Releases : NTT and DOCOMO Demonstrate the World's First Technology to Estimate in Advance Whether Each Network Slice Can Meet Communication Requirements for Stable Communications | News & Notices | NTT DOCOMO	AI,5G-A,云,企业ICT,Capex方向		f98019959b942cad74c2b84c330025a1f2ff19c6a451d87b8c4b7563267432f4	allow	company_official	JP	requires_periodic_review	not_found_allow	True	False			success	False	
2026-06-16T06:53:58.487022+00:00	2026-06-16T14:53:58.487045+08:00	19	ok	https://www.softbank.jp/en/corp/news/press/sbkk/2026/20260302_03/	https://www.softbank.jp/en/corp/news/press/sbkk/2026/20260302_03/	200	httpx	0.497	89401	SoftBank Corp. Announces Telco AI Cloud Vision to Build Social Infrastructure for the AI Era, Leveraging Its Telecommunications Foundation | About Us | SoftBank	AI,5G-A,云,企业ICT,Capex方向		332566384e1075622dce1561f7cc8560879ee4f6abf2ea2dbb760a983b915d08	allow	company_official	JP	requires_periodic_review	checked	True	False			success	False	
2026-06-16T06:53:58.487022+00:00	2026-06-16T14:53:58.487045+08:00	19	ok	https://www.docomo.ne.jp/english/info/media_center/pr/2026/0225_02.html	https://www.docomo.ne.jp/english/info/media_center/pr/2026/0225_02.html	200	httpx	0.971	42004	Press Releases : DOCOMO Successfully Demonstrates AI Application Operation Using Virtualized Radio Access Network (vRAN) Infrastructure | News & Notices | NTT DOCOMO	AI,5G-A,云,企业ICT,Capex方向		2bbe482a85174c35a9779786f79a4ddbe2563e1d6928e7cf225808d0669cd608	allow	company_official	JP	requires_periodic_review	not_found_allow	True	False			success	False	
2026-06-16T06:53:58.487022+00:00	2026-06-16T14:53:58.487045+08:00	19	ok	https://www.softbank.jp/en/corp/news/press/sbkk/2026/20260416_02/	https://www.softbank.jp/en/corp/news/press/sbkk/2026/20260416_02/	200	httpx	0.657	81645	"SoftBank Corp. to Launch Generative AI Services Using Homegrown LLM ""Sarashina"" on Cloud PF Type A with Oracle Alloy from June 2026 | About Us | SoftBank"	AI,5G-A,云,企业ICT,Capex方向		6087fe20b9758afd6b80aade10a72556e44458804202dc78238ec58c091f83c1	allow	company_official	JP	requires_periodic_review	checked	True	False			success	False	
2026-06-16T06:53:58.487022+00:00	2026-06-16T14:53:58.487045+08:00	19	ok	https://www.sec.gov/Archives/edgar/data/892450/000162828026028096/kt-20251231.htm	https://www.sec.gov/Archives/edgar/data/892450/000162828026028096/kt-20251231.htm	200	httpx	2.609	8671485	kt-20251231	AI,5G-A,云,企业ICT,Capex方向		8d6758f6885a3890851088b25de8e967109d023cb394aea52240e0d22ef945a4	allow	exchange_public_disclosure	US	public_disclosure	checked	True	False			success	False	
2026-06-16T06:53:58.487022+00:00	2026-06-16T14:53:58.487045+08:00	19	ok	https://www.airtel.in/press-release/03-2026/airtel-announces-us1-billion-investment-in-nxtra-led-by-alpha-wave-global-and-existing-investor-carlyle-bharti-airtel-will-also-participate/	https://www.airtel.in/press-release/03-2026/airtel-announces-us1-billion-investment-in-nxtra-led-by-alpha-wave-global-and-existing-investor-carlyle-bharti-airtel-will-also-participate/	200	httpx	1.367	474099	Airtel Announces US$1 Billion Investment in Nxtra Led by Alpha Wave Global and Existing Investor Carlyle. Bharti Airtel Will Also Participate	AI,5G-A,云,企业ICT,Capex方向		2cfab19fafd65662da3b2edc8080ca300809941adeb0b52f6904d07b67c3518e	allow	company_official	IN	requires_periodic_review	checked	True	False			success	False	
2026-06-16T06:53:58.487022+00:00	2026-06-16T14:53:58.487045+08:00	19	ok	https://assets.airtel.in/static-assets/cms/investor/docs/quarterly_results/2025-26/Q4/Press-Release.pdf	https://assets.airtel.in/static-assets/cms/investor/docs/quarterly_results/2025-26/Q4/Press-Release.pdf	200	httpx	1.058	277193	PDF extracted by pdftotext	AI,5G-A,云,企业ICT,Capex方向		3ebdb26cf74c2c855b643bd487410c2abad25bbdf9233b8c7e5602886abd993a	allow	company_official	IN	requires_periodic_review	not_found_allow	True	False			success	False	
2026-06-16T06:53:58.487022+00:00	2026-06-16T14:53:58.487045+08:00	19	ok	https://www.ril.com/sites/default/files/2025-04/RIL_4Q_FY25_Analyst_Presentation_25Apr25.pdf	https://www.ril.com/sites/default/files/2025-04/RIL_4Q_FY25_Analyst_Presentation_25Apr25.pdf	200	httpx	1.484	4799512	PDF extracted by pdftotext	AI,5G-A,云,企业ICT,Capex方向		fd88bd8c86d866b84403fbc81049c0b18ac5045ce0773d0f208777fd714aad9c	allow	company_official	IN	requires_periodic_review	checked	True	False			success	False	
2026-06-16T06:53:58.487022+00:00	2026-06-16T14:53:58.487045+08:00	19	ok	https://www.airtel.in/press-release	https://www.airtel.in/press-release/	200	httpx	1.312	462430	Contact Us | Airtel : Latest Press Release & News	AI,5G-A,云,企业ICT,Capex方向		9c97b6d45bf3e947bad73b7b2e9c0f691aa9733fe12b8d949ffa2dae8a06ec50	allow	company_official	IN	requires_periodic_review	checked	True	False			success	False	
2026-06-16T06:53:58.487022+00:00	2026-06-16T14:53:58.487045+08:00	19	ok	https://www.jio.com/business/5g/	https://www.jio.com/business/5g/	200	httpx	4.014	1474969	5G for Business: Superfast Internet connectivity for Enterprises	AI,5G-A,云,企业ICT,Capex方向		d3445e07573cab71623107978c6fd7f70f301a3e8cb0a0513a296e1a32443ce2	allow	company_official	IN	requires_periodic_review	checked	True	False			success	False	
2026-06-16T06:54:06.444253+00:00	2026-06-16T14:54:06.444262+08:00	20	partial	https://www.telekom.com/en/media/media-information/archive/new-network-apis-1027626	https://www.telekom.com/en/media/media-information/archive/new-network-apis-1027626	200	httpx	3.065	66956	Network APIs and T-DevEdge platform launched | Deutsche Telekom	网络API,Open RAN,边缘计算,FWA,AI网络	T-Mobile US:FWA	41d5397e61da1b365660fb9ec39c61fb4e53f522491916cf11ce4a019d30d0af	allow	company_official	DE	requires_periodic_review	checked	True	False			success	False	
2026-06-16T06:54:06.444253+00:00	2026-06-16T14:54:06.444262+08:00	20	partial	https://www.telekom.com/en/media/media-information/archive/joint-6g-innovation-hub-1102882	https://www.telekom.com/en/media/media-information/archive/joint-6g-innovation-hub-1102882	200	httpx	3.223	57803	6G Innovation Hub to Advance AI-Native Networks | Deutsche Telekom	网络API,Open RAN,边缘计算,FWA,AI网络	T-Mobile US:FWA	a5fb750e25725947c24a2e82f7aece725f9b84bf056ad90ec0f789117ba5794c	allow	company_official	DE	requires_periodic_review	checked	True	False			success	False	
2026-06-16T06:54:06.444253+00:00	2026-06-16T14:54:06.444262+08:00	20	partial	https://www.vodafone.com/news/newsroom/technology/pan-european-federated-edge-continuum	https://www.vodafone.com/news/newsroom/technology/pan-european-federated-edge-continuum	200	curl_chrome_ua	3.7	200670	Deutsche Telekom, Orange, Telefónica, TIM and Vodafone achieve the first pan-European federated Edge Continuum at MWC 2026 – Vodafone	网络API,Open RAN,边缘计算,FWA,AI网络	T-Mobile US:FWA	3b5b10779a11e1456758d19fe80d396a111bdcb16ecd767de3570479c52da0e1	allow	company_official	UK	requires_periodic_review	robots_unavailable	True	False			success	False	
2026-06-16T06:54:06.444253+00:00	2026-06-16T14:54:06.444262+08:00	20	partial	https://www.vodafone.com/news/newsroom/technology/new-open-ran-ready-chip-tested-by-vodafone-samsung-and-amd	https://www.vodafone.com/news/newsroom/technology/new-open-ran-ready-chip-tested-by-vodafone-samsung-and-amd	200	curl_chrome_ua	3.73	195285	New Open RAN ready chip tested by Vodafone, Samsung and AMD – Vodafone	网络API,Open RAN,边缘计算,FWA,AI网络	T-Mobile US:FWA	b7254ac2ce3dfbf60e60a8c8299fce36a3f1502e5e169bdd6ab3d2b944118c5e	allow	company_official	UK	requires_periodic_review	robots_unavailable	True	False			success	False	
2026-06-16T06:54:06.444253+00:00	2026-06-16T14:54:06.444262+08:00	20	partial	https://www.vodafone.com/news/technology/vodafone-advances-future-ready-radio-access-network	https://www.vodafone.com/news/newsroom/technology/vodafone-advances-future-ready-radio-access-network	200	curl_chrome_ua	4.631	196089	Vodafone advances future-ready radio access network – Vodafone	网络API,Open RAN,边缘计算,FWA,AI网络	T-Mobile US:FWA	62389c0999efbcce8db8a45b5cd4df0d32acf9114b599fd1083fa2cc1cef58ac	allow	company_official	UK	requires_periodic_review	robots_unavailable	True	False			success	False	
2026-06-16T06:54:06.444253+00:00	2026-06-16T14:54:06.444262+08:00	20	partial	https://developer.orange.com/blog/meet-the-network-apis-playground-safely-build-break-and-learn/	https://developer.orange.com/blog/meet-the-network-apis-playground-safely-build-break-and-learn/	200	httpx	1.955	115001	Meet the Network APIs Playground: Safely build, break, and learn - Orange Developer	网络API,Open RAN,边缘计算,FWA,AI网络	T-Mobile US:FWA	68826dad3033f37c032c7d555c497f53b53322bff44e6a7a6557c8f204d47342	allow	company_official	FR	requires_periodic_review	checked	True	False			success	False	
2026-06-16T06:54:06.444253+00:00	2026-06-16T14:54:06.444262+08:00	20	partial	https://www.bt.com/about/bt/our-company/group-businesses/networks	https://www.bt.com/about/bt/our-company/group-businesses/networks	200	httpx	0.553	267181	Networks - Group businesses - Our company | BT Plc	网络API,Open RAN,边缘计算,FWA,AI网络	T-Mobile US:FWA	63f5592f23206834e91cf3e4e4b51026aa43d22d3a433de27f1f3c53952e509c	allow	company_official	UK	requires_periodic_review	checked	True	False			success	False	
2026-06-16T06:54:06.444253+00:00	2026-06-16T14:54:06.444262+08:00	20	partial	https://developer.orange.com/events/mwc-2026/	https://developer.orange.com/events/mwc-2026/	200	httpx	1.974	96540	Mobile World Congress 2026 - Orange Developer	网络API,Open RAN,边缘计算,FWA,AI网络	T-Mobile US:FWA	1e38abbb09afceadea630508147d8b4976c3f1059ca2079074ce67221ce62511	allow	company_official	FR	requires_periodic_review	checked	True	False			success	False	
2026-06-16T06:54:06.444253+00:00	2026-06-16T14:54:06.444262+08:00	20	partial	https://www.telefonica.com/en/communication-room/press-room/	https://www.telefonica.com/en/communication-room/press-room/	200	httpx	1.943	233127	Press releases - Telefónica	网络API,Open RAN,边缘计算,FWA,AI网络	T-Mobile US:FWA	ebfdd9241b81557861097a54fbef047da92c439fbabd947027e4fcfaec12f03a	allow	company_official	ES	requires_periodic_review	checked	True	False			success	False	
2026-06-16T06:54:06.444253+00:00	2026-06-16T14:54:06.444262+08:00	20	partial	https://www.verizon.com/5g/home/	https://www.verizon.com/home/internet/5g/	200	httpx	1.641	570145	5G Home Internet | Plans Starting $35/mo | Verizon	网络API,Open RAN,边缘计算,FWA,AI网络	T-Mobile US:FWA	ee7cca47aea1638fc2da331eb05311f27756e822ba67839c2e63bfc4cdbf9c9b	allow	company_official	US	requires_periodic_review	checked	True	False			success	False	
2026-06-16T06:54:06.444253+00:00	2026-06-16T14:54:06.444262+08:00	20	partial	https://newsroom.bt.com/bt-group-and-ericsson-strengthen-partnership-to-unlock-smarter-more-reliable-5g-services-for-uk-businesses/	https://newsroom.bt.com/bt-group-and-ericsson-strengthen-partnership-to-unlock-smarter-more-reliable-5g-services-for-uk-businesses/	200	httpx	3.426	208776	BT Group and Ericsson strengthen partnership to unlock smarter, more reliable 5G services for UK businesses	网络API,Open RAN,边缘计算,FWA,AI网络	T-Mobile US:FWA	9fca86e360deebbe2a43e861cf8b9aa331142a1c1b8305f26a6eb9f38b552b7a	allow	company_official	UK	requires_periodic_review	checked	True	False			success	False	
2026-06-16T06:54:06.444253+00:00	2026-06-16T14:54:06.444262+08:00	20	partial	https://www.verizon.com/business/solutions/network-apis/	https://www.verizon.com/business/solutions/network-apis/	200	httpx	2.011	198751	Network APIs: Authentication, Fraud Prevention & Security | Verizon	网络API,Open RAN,边缘计算,FWA,AI网络	T-Mobile US:FWA	14de42a6417bce90a9d961be00bd69bffaee73bc025dbfa28bef463c48aa01ce	allow	company_official	US	requires_periodic_review	checked	True	False			success	False	
2026-06-16T06:54:06.444253+00:00	2026-06-16T14:54:06.444262+08:00	20	partial	https://www.ericsson.com/en/press-releases/2024/9/global-telecom-leaders-join-forces-to-redefine-the-industry-with-network-apis	https://www.ericsson.com/en/press-releases/2024/9/global-telecom-leaders-join-forces-to-redefine-the-industry-with-network-apis	403	curl_direct_chrome_ua	2.5	6075	Just a moment...	网络API,Open RAN,边缘计算,FWA,AI网络	T-Mobile US:FWA	301dc171e5fa8c5fdeb69592a92a5c378f5f758f68d2338200235d60eb04b9ad	allow	company_official	SE	requires_periodic_review	robots_unavailable	True	False			success	False	
2026-06-16T06:54:06.444253+00:00	2026-06-16T14:54:06.444262+08:00	20	partial	https://www.gruppotim.it/en/press-archive.html	https://www.gruppotim.it/en/press-archive.html	200	httpx	3.612	166000	TIM Group | Press archive	网络API,Open RAN,边缘计算,FWA,AI网络	T-Mobile US:FWA	4e206ecda776eddbe00073e53d909ca9c43972ef5698c804a9d1fa5263258faa	allow	company_official	IT	requires_periodic_review	checked	True	False			success	False	
2026-06-16T06:54:06.444253+00:00	2026-06-16T14:54:06.444262+08:00	20	partial	https://www.ericsson.com/en/press-releases/6/2026/t-mobile-ericsson-ai-ran	https://www.ericsson.com/en/press-releases/6/2026/t-mobile-ericsson-ai-ran	403	curl_direct_chrome_ua	1.917	5852	Just a moment...	网络API,Open RAN,边缘计算,FWA,AI网络	T-Mobile US:FWA	301dc171e5fa8c5fdeb69592a92a5c378f5f758f68d2338200235d60eb04b9ad	allow	company_official	SE	requires_periodic_review	robots_unavailable	True	False			success	False	
2026-06-16T06:54:06.444253+00:00	2026-06-16T14:54:06.444262+08:00	20	partial	https://www.ericsson.com/en/press-releases/2023/12/att-to-accelerate-open-and-interoperable-radio-access-networks-ran-in-the-united-states-through-new-collaboration-with-ericsson	https://www.ericsson.com/en/press-releases/2023/12/att-to-accelerate-open-and-interoperable-radio-access-networks-ran-in-the-united-states-through-new-collaboration-with-ericsson	200	curl_direct_chrome_ua	2.256	233989	AT&T and Ericsson in major future network deal	网络API,Open RAN,边缘计算,FWA,AI网络	T-Mobile US:FWA	65d9cbddf0bb1441e4e06463786f7fb53720a0566d681a9dd0fa8e4308a03a43	allow	company_official	SE	requires_periodic_review	robots_unavailable	True	False			success	False	
2026-06-16T06:54:06.444253+00:00	2026-06-16T14:54:06.444262+08:00	20	partial	https://report.telekom.com/annual-report-2025/management-report/development-of-business-in-the-operating-segments/united-states.html	https://report.telekom.com/annual-report-2025/management-report/development-of-business-in-the-operating-segments/united-states.html	200	httpx	5.85	221720	United States - Deutsche Telekom Annual Report 2025	网络API,Open RAN,边缘计算,FWA,AI网络	T-Mobile US:FWA	c61bf87ae838c28e0d1cec01601ae021af916335a5458fc74d9efde159d41076	allow	exchange_public_filing	DE	public_disclosure	checked	True	False			success	False	
2026-06-16T06:53:54.655571+00:00	2026-06-16T14:53:54.655615+08:00	21	ok	https://www.eand.com/en/news/28-04-26-eand-financial-results-q1-2026.html	https://www.eand.com/en/news/28-04-26-eand-financial-results-q1-2026.html	200	httpx	2.576	33904	e& (etisalat and ) | Global technology group | e& reports AED 19.4 billion consolidated revenue	AI,算力网络,云,DICT,5G-A,资本开支		f7d7da7a6cb47a113fe7dfaa534905b5a861b295f36f4fb5926f0bc3ecab14a2	allow	company_official	AE	requires_periodic_review	not_found_allow	True	False			success	False	
2026-06-16T06:53:54.655571+00:00	2026-06-16T14:53:54.655615+08:00	21	ok	https://www.eand.com/en/news/22-jan-2026-eand-enterprise-and-emergence-partnership.html	https://www.eand.com/en/news/22-jan-2026-eand-enterprise-and-emergence-partnership.html	200	httpx	2.863	35291	e& (etisalat and ) | Global technology group | e& enterprise and Emergence Partnership	AI,算力网络,云,DICT,5G-A,资本开支		3e074049fc4611d8af65a5a19682ca6ccba5310e15e347f21977bf6ae47dac7d	allow	company_official	AE	requires_periodic_review	not_found_allow	True	False			success	False	
2026-06-16T06:53:54.655571+00:00	2026-06-16T14:53:54.655615+08:00	21	ok	https://www.eand.com/en/news/16-mar-26-eand-khalifa-uni-launch-white-paper.html	https://www.eand.com/en/news/16-mar-26-eand-khalifa-uni-launch-white-paper.html	200	httpx	2.871	33983	e& (etisalat and ) | Global technology group | e& and Khalifa University launch white paper	AI,算力网络,云,DICT,5G-A,资本开支		a0ed992460d7864fd58e089f115a639dc7012db5b6694793c59a01762c5aa543	allow	company_official	AE	requires_periodic_review	not_found_allow	True	False			success	False	
2026-06-16T06:53:54.655571+00:00	2026-06-16T14:53:54.655615+08:00	21	ok	https://www.eand.com/en/news/10-feb-26-eand-cw-services-and-ses.html	https://www.eand.com/en/news/10-feb-26-eand-cw-services-and-ses.html	200	httpx	3.017	34132	e& (etisalat and ) | Global technology group | e& C&W Services and SES deliver 1.25 Gbps low-latency satellite	AI,算力网络,云,DICT,5G-A,资本开支		a24fccee8e9d23d536467e1fcb8bac824c4200f84e2066cd7b51f036fbdefd9e	allow	company_official	AE	requires_periodic_review	not_found_allow	True	False			success	False	
2026-06-16T06:53:54.655571+00:00	2026-06-16T14:53:54.655615+08:00	21	ok	https://dataclouds.cninfo.com.cn/shgonggao/hsomarket/2026/20260420/c34d1cf7b4794bebb3f39acf8b598c4b.PDF	https://dataclouds.cninfo.com.cn/shgonggao/hsomarket/2026/20260420/c34d1cf7b4794bebb3f39acf8b598c4b.PDF	200	httpx	0.671	240992	PDF extracted by pdftotext	AI,算力网络,云,DICT,5G-A,资本开支		29bb9c49d90ea535f3c44b3d204a875a00decf05c5991e4f39e00025ab316a12	allow	exchange_public_disclosure	CN	public_disclosure	not_found_allow	True	False			success	False	
2026-06-16T06:53:54.655571+00:00	2026-06-16T14:53:54.655615+08:00	21	ok	https://www.chinaunicom.com.hk/en/ir/reports/ar2025.pdf	https://www.chinaunicom.com.hk/en/ir/reports/ar2025.pdf	200	httpx	3.109	8906818	PDF extracted by pdftotext	AI,算力网络,云,DICT,5G-A,资本开支		f46cfe5046dbe8967bbe95fa0507b6cb004ba9ae00c07c92d30c7b3175a806ba	allow	company_official	HK/CN	requires_periodic_review	not_found_allow	True	False			success	False	
2026-06-16T06:53:54.655571+00:00	2026-06-16T14:53:54.655615+08:00	21	ok	https://www.chinatelecom-h.com/en/ir/report/annual2025.pdf	https://www.chinatelecom-h.com/en/ir/report/annual2025.pdf	200	httpx	3.356	16925920	PDF extracted by pdftotext	AI,算力网络,云,DICT,5G-A,资本开支		ab413b976e95e7c4f5d2c4a166e43cbdd6ebb18f11ee276d7ace519ed6fb6ad6	allow	company_official	HK/CN	requires_periodic_review	not_found_allow	True	False			success	False	
2026-06-16T06:53:54.655571+00:00	2026-06-16T14:53:54.655615+08:00	21	ok	https://www.stc.com/en/investors.html	https://www.stc.com/en/investors.html	200	curl_chrome_ua	6.264	155504	stc group | investor relations | overview	AI,算力网络,云,DICT,5G-A,资本开支		4cb4f01395bfef31a0f82482a613444a8c943dff1a43b242faad5f07cdbb04f1	allow	company_official	SA	requires_periodic_review	checked	True	False			success	False	
2026-06-16T06:53:54.655571+00:00	2026-06-16T14:53:54.655615+08:00	21	ok	https://www.chinamobileltd.com/en/ir/reports/ar2025.pdf	https://www.chinamobileltd.com/en/ir/reports/ar2025.pdf	200	curl_chrome_ua	6.379	27647004	PDF extracted by pdftotext	AI,算力网络,云,DICT,5G-A,资本开支		50c62da432ef01738ac6a0154a59804d26404337373a22aad0f19995dd2507f1	allow	company_official	HK/CN	requires_periodic_review	robots_unavailable	True	False			success	False	
2026-06-16T06:54:01.232228+00:00	2026-06-16T14:54:01.232260+08:00	22	ok	https://www.policyaddress.gov.hk/2024/en/index.html	https://www.policyaddress.gov.hk/2024/en/index.html	200	httpx	3.503	12354	The Chief Executive's 2024 Policy Address	施政报告,战略规划,区域发展,重大投资		294137419829c065c3e1bd8e6db90bcdbc0dba81a939b3d359c9e1ff1227233f	allow	government_public_info	HK	public_information	checked	True	False			success	False	
2026-06-16T06:54:01.232228+00:00	2026-06-16T14:54:01.232260+08:00	22	ok	https://www.policyaddress.gov.hk/2025/en/index.html	https://www.policyaddress.gov.hk/2025/en/index.html	200	httpx	3.678	12926	The Chief Executive's 2025 Policy Address	施政报告,战略规划,区域发展,重大投资		abbbad60c14c2b67160e882a597d8186814a3cf4d810d36a61cd6d2d4168f919	allow	government_public_info	HK	public_information	checked	True	False			success	False	
2026-06-16T06:54:01.232228+00:00	2026-06-16T14:54:01.232260+08:00	22	ok	https://www.digitalpolicy.gov.hk/en/	https://www.digitalpolicy.gov.hk/en/	200	httpx	3.922	131371	Home | Digital Policy Office	施政报告,战略规划,区域发展,重大投资		60d0b57190eab211b52d84e714e6c19651cf766a154b5a97e7105c60144f28de	allow	government_public_info	HK	public_information	not_found_allow	True	False			success	False	
2026-06-16T06:54:01.232228+00:00	2026-06-16T14:54:01.232260+08:00	22	ok	https://www.itib.gov.hk/en/index.html	https://www.itib.gov.hk/en/index.html	200	httpx	4.072	38529	Innovation, Technology and Industry Bureau - Home | ITIB | Innohk	施政报告,战略规划,区域发展,重大投资		d4bdc68e0c75954415dae4fa4f47efca9bf03984bbd2da0934f3b2817819bd4a	allow	government_public_info	HK	public_information	not_found_allow	True	False			success	False	
2026-06-16T06:54:02.654299+00:00	2026-06-16T14:54:02.654309+08:00	23	ok	https://www.censtatd.gov.hk/en/page_213.html	https://www.censtatd.gov.hk/en/page_213.html	200	httpx	0.508	10186	Retail Sales and Consumer Spending	人口,零售额,PMI,失业率		5ff9a2c78981daab2bac82bec86167052b5cf6ab540adec98dd72a7095fd3c17	allow	government_statistics	HK	public_information	checked	True	False			success	False	
2026-06-16T06:54:02.654299+00:00	2026-06-16T14:54:02.654309+08:00	23	ok	https://www.censtatd.gov.hk/en/scode530.html	https://www.censtatd.gov.hk/en/scode530.html	200	httpx	0.518	26176	Retail	人口,零售额,PMI,失业率		fbbf8738b6a3ec076e893c0d7e331cd18e6b75b2185833ba22936107c95cfbf6	allow	government_statistics	HK	public_information	checked	True	False			success	False	
2026-06-16T06:54:02.654299+00:00	2026-06-16T14:54:02.654309+08:00	23	ok	https://www.censtatd.gov.hk/en/scode200.html	https://www.censtatd.gov.hk/en/scode200.html	200	httpx	0.57	26041	Labour Force, Employment and Unemployment	人口,零售额,PMI,失业率		6bac0b780c2c56d7e32eaa63a2cebccf7750f9b100ec3a93175461ff20930bd7	allow	government_statistics	HK	public_information	checked	True	False			success	False	
2026-06-16T06:54:02.654299+00:00	2026-06-16T14:54:02.654309+08:00	23	ok	https://www.pmi.spglobal.com/Public/Home/PressRelease/a8f02e53a64c42c7bed05c6df7b1a487	https://www.pmi.spglobal.com/Public/Home/PressRelease/a8f02e53a64c42c7bed05c6df7b1a487	200	httpx	1.336	101348	PDF extracted by pdftotext	人口,零售额,PMI,失业率		1b9237ffff8c96292a1c7b995309df57f8fafb35a9e60fbe06a855539136cd2c	allow	commercial_data	unknown	approved	not_found_allow	True	False			success	False	
2026-06-16T06:54:02.654299+00:00	2026-06-16T14:54:02.654309+08:00	23	ok	https://apidocs.hkma.gov.hk/abouthkmasapi/	https://apidocs.hkma.gov.hk/abouthkmasapi/	200	httpx	1.581	15036	About HKMA's API – Hong Kong Monetary Authority	人口,零售额,PMI,失业率		6717621e7d29142fdcc0cda70cb5eb2613dbb89c14d3adfd8c55819c99a9732a	allow	government_api_docs	HK	public_api_docs	checked	True	False			success	False	
2026-06-16T06:54:02.654299+00:00	2026-06-16T14:54:02.654309+08:00	23	ok	https://data.gov.hk/en-data/dataset/hk-censtatd-commonidds-common-idds	https://data.gov.hk/en-data/dataset/hk-censtatd-commonidds-common-idds	200	httpx	1.746	69398	Common Interactive Data Dissemination Service (Common-IDDS) | DATA.GOV.HK	人口,零售额,PMI,失业率		0925c1cb8378c0d1c1d1db5a95ce01fe1640b11552ed18627affdc665031cab3	allow	government_open_data	HK	open_data	not_found_allow	True	False			success	False	
2026-06-16T06:54:04.653398+00:00	2026-06-16T14:54:04.653406+08:00	24	ok	https://www.digitalpolicy.gov.hk/en/	https://www.digitalpolicy.gov.hk/en/	200	cache:httpx	0.0	131371	Home | Digital Policy Office	跨境贸易,科技创投,人工智能,低空经济,Web3		60d0b57190eab211b52d84e714e6c19651cf766a154b5a97e7105c60144f28de	allow	government_public_info	HK	public_information	not_found_allow	True	True			success	False	
2026-06-16T06:54:04.653398+00:00	2026-06-16T14:54:04.653406+08:00	24	ok	https://www.policyaddress.gov.hk/2025/en/highlight.html	https://www.policyaddress.gov.hk/2025/en/highlight.html	200	httpx	0.291	39582	Highlights | The Chief Executive's 2025 Policy Address	跨境贸易,科技创投,人工智能,低空经济,Web3		55b2bc268b581055826d608192667746e920f6073b88a41106af834fab67a709	allow	government_public_info	HK	public_information	checked	True	False			success	False	
2026-06-16T06:54:04.653398+00:00	2026-06-16T14:54:04.653406+08:00	24	ok	https://www.info.gov.hk/gia/general/202506/26/P2025062600269.htm	https://www.info.gov.hk/gia/general/202506/26/P2025062600269.htm	200	httpx	0.797	18092	Second policy statement on development of digital assets issued to scale Hong Kong to new heights of global digital asset leadership	跨境贸易,科技创投,人工智能,低空经济,Web3		42e380f1a24d62be850cb70534002d8ae7570a53ee2705c806dad960a0bd3e50	allow	government_public_info	HK	public_information	checked	True	False			success	False	
2026-06-16T06:54:04.653398+00:00	2026-06-16T14:54:04.653406+08:00	24	ok	https://www.investhk.gov.hk/en/news/	https://www.investhk.gov.hk/en/news/	200	httpx	1.077	128934	News | InvestHK	跨境贸易,科技创投,人工智能,低空经济,Web3		6de0126cf620d27c4c0e252b72fffc7b03519dbfb8e281e7e9688cf91d548ebb	allow	government_public_info	HK	public_information	checked	True	False			success	False	
2026-06-16T06:54:05.322926+00:00	2026-06-16T14:54:05.322939+08:00	25	ok	https://www.info.gov.hk/gia/general/today.htm	https://www.info.gov.hk/gia/general/today.htm	200	httpx	0.157	13341	HKSAR Government Press Releases	本地生活咨询		33b41ca98862bd0b6c03fe39c1d8f1d685f783d43623867c5dfae94d2fa0ea6c	allow	government_public_info	HK	public_information	checked	True	False			success	False	
2026-06-16T06:54:05.322926+00:00	2026-06-16T14:54:05.322939+08:00	25	ok	https://www.housingauthority.gov.hk/en/about-us/news-centre/press-releases/index.html	https://www.housingauthority.gov.hk/en/about-us/news-centre/press-releases/index.html	200	httpx	0.837	119864	Press Releases | Hong Kong Housing Authority and Housing Department	本地生活咨询		43b285edda8b65a9fb8021ab1b41c44d664241ae8794157074f3c6da7fac0749	allow	government_public_info	HK	public_information	not_found_allow	True	False			success	False	
2026-06-16T06:54:13.373297+00:00	2026-06-16T14:54:13.373307+08:00	26	ok	https://www.digitalpolicy.gov.hk/en/	https://www.digitalpolicy.gov.hk/en/	200	cache:httpx	0.0	131371	Home | Digital Policy Office	OFCA政策,频谱/牌照,服务质量,网络安全,PCPD/AI指引,数据跨境		60d0b57190eab211b52d84e714e6c19651cf766a154b5a97e7105c60144f28de	allow	government_public_info	HK	public_information	not_found_allow	True	True			success	False	
2026-06-16T06:54:13.373297+00:00	2026-06-16T14:54:13.373307+08:00	26	ok	https://www.ofca.gov.hk/en/home/index.html	https://www.ofca.gov.hk/en/home/index.html	200	httpx	0.813	11326	Office of the Communications Authority - Home	OFCA政策,频谱/牌照,服务质量,网络安全,PCPD/AI指引,数据跨境		7aae02937788c7b2fe8068a7cae750a21fbc6fd47aa528770475fe5ea908f48f	allow	regulator_public_info	HK	public_information	checked	True	False			success	False	
2026-06-16T06:54:13.373297+00:00	2026-06-16T14:54:13.373307+08:00	26	ok	https://www.pcpd.org.hk/english/artificial_intelligence/index.html	https://www.pcpd.org.hk/english/artificial_intelligence/index.html	200	httpx	4.729	132893	AI Security	OFCA政策,频谱/牌照,服务质量,网络安全,PCPD/AI指引,数据跨境		00e425e7f279e4a92e1e4989e0d30b32c17927165968c7210ebd41d09b3ecc90	allow	regulator_public_info	HK	public_information	checked	True	False			success	False	
2026-06-16T06:54:18.356930+00:00	2026-06-16T14:54:18.356968+08:00	27	ok	https://commission.europa.eu/news-and-media/news/data-act-enters-force-what-it-means-you-2024-01-11_en	https://commission.europa.eu/news-and-media/news/data-act-enters-force-what-it-means-you-2024-01-11_en	200	httpx	2.048	154177	Data Act enters into force: what it means for you - European Commission	EU AI Act,EU Data Act,GDPR/DSA,新加坡AI治理,隐私法规		3c94299f4159065eaba26744a49a52a562737947288dd0009bfb3d048e9a8a65	allow	government_public_info	EU	public_information	checked	True	False			success	False	
2026-06-16T06:54:18.356930+00:00	2026-06-16T14:54:18.356968+08:00	27	ok	https://digital-strategy.ec.europa.eu/en/policies/data-act	https://digital-strategy.ec.europa.eu/en/policies/data-act	200	httpx	2.456	61654	Data Act | Shaping Europe’s digital future	EU AI Act,EU Data Act,GDPR/DSA,新加坡AI治理,隐私法规		87ed0fcfcf5334560594aa1002d79555ece06b1df50ad733567e0ff0addba965	allow	government_public_info	EU	public_information	checked	True	False			success	False	
2026-06-16T06:54:18.356930+00:00	2026-06-16T14:54:18.356968+08:00	27	ok	https://digital-strategy.ec.europa.eu/en/policies/data-act-explained	https://digital-strategy.ec.europa.eu/en/factpages/data-act-explained	200	httpx	2.716	92220	Data Act explained | Shaping Europe’s digital future	EU AI Act,EU Data Act,GDPR/DSA,新加坡AI治理,隐私法规		e96343a6da103815bba785fa2e461fbed30541e9f774dd6fa172ba7c9ea66bb7	allow	government_public_info	EU	public_information	checked	True	False			success	False	
2026-06-16T06:54:18.356930+00:00	2026-06-16T14:54:18.356968+08:00	27	ok	https://www.mddi.gov.sg/newsroom/singapore-launches-new-model-ai-governance-framework-for-agentic-ai--/	https://www.mddi.gov.sg/newsroom/singapore-launches-new-model-ai-governance-framework-for-agentic-ai--/	200	httpx	0.115	413013	Singapore Launches New Model AI Governance Framework for Agentic AI | Ministry of Digital Development and Information	EU AI Act,EU Data Act,GDPR/DSA,新加坡AI治理,隐私法规		42656f92b4f798309c531c2f747b39d61c0028003fde8090025f0d26bdcd4c5f	allow	government_public_info	SG	public_information	checked	True	False			success	False	
2026-06-16T06:54:18.356930+00:00	2026-06-16T14:54:18.356968+08:00	27	ok	https://digital-strategy.ec.europa.eu/en/policies/digital-services-act-package	https://digital-strategy.ec.europa.eu/en/policies/digital-services-act	200	httpx	2.99	77485	The Digital Services Act | Shaping Europe’s digital future	EU AI Act,EU Data Act,GDPR/DSA,新加坡AI治理,隐私法规		8c5d3962eae7d8e21e5114b1738e9caed600bf2a58966baa55dd5698b6a52e09	allow	government_public_info	EU	public_information	checked	True	False			success	False	
2026-06-16T06:54:18.356930+00:00	2026-06-16T14:54:18.356968+08:00	27	ok	https://commission.europa.eu/law/law-topic/data-protection/data-protection-eu_en	https://commission.europa.eu/law/law-topic/data-protection/legal-framework-eu-data-protection_en	200	httpx	3.089	157529	Legal framework of EU data protection - European Commission	EU AI Act,EU Data Act,GDPR/DSA,新加坡AI治理,隐私法规		e556fd02a844cd76d7bca76e68e013b9ff645a3c506891df2758db9f2cd6c734	allow	government_public_info	EU	public_information	checked	True	False			success	False	
2026-06-16T06:54:18.356930+00:00	2026-06-16T14:54:18.356968+08:00	27	ok	https://digital-strategy.ec.europa.eu/en/policies/regulatory-framework-ai	https://digital-strategy.ec.europa.eu/en/policies/regulatory-framework-ai	200	httpx	2.026	88787	AI Act | Shaping Europe’s digital future	EU AI Act,EU Data Act,GDPR/DSA,新加坡AI治理,隐私法规		e0a41d459f5b6a3fb72a55dd1354f040734bcdf172c2dd712a18a4a82461cb80	allow	government_public_info	EU	public_information	checked	True	False			success	False	
2026-06-16T06:54:18.356930+00:00	2026-06-16T14:54:18.356968+08:00	27	ok	https://digital-strategy.ec.europa.eu/en/faqs/navigating-ai-act	https://digital-strategy.ec.europa.eu/en/faqs/navigating-ai-act	200	curl_crawler_ua	3.714	110206	Navigating the AI Act | Shaping Europe’s digital future	EU AI Act,EU Data Act,GDPR/DSA,新加坡AI治理,隐私法规		3652a8cdd1b742347d523829df85a7eab0f787de476e5630e96342838a53daf3	allow	government_public_info	EU	public_information	checked	True	False			success	False	
2026-06-16T06:54:11.543035+00:00	2026-06-16T14:54:11.543048+08:00	28	ok	https://www.ofca.gov.hk/en/home/index.html	https://www.ofca.gov.hk/en/home/index.html	200	cache:httpx	0.0	11326	Office of the Communications Authority - Home	频谱拍卖,5G/6G规划,网络共享,覆盖义务,网络安全,卫星通信,携号转网/漫游		7aae02937788c7b2fe8068a7cae750a21fbc6fd47aa528770475fe5ea908f48f	allow	regulator_public_info	HK	public_information	checked	True	True			success	False	
2026-06-16T06:54:11.543035+00:00	2026-06-16T14:54:11.543048+08:00	28	ok	https://www.ofca.gov.hk/en/site_map/index.html	https://www.ofca.gov.hk/en/site_map/index.html	200	httpx	0.158	17731	Office of the Communications Authority - Site Map	频谱拍卖,5G/6G规划,网络共享,覆盖义务,网络安全,卫星通信,携号转网/漫游		f4a8107f6a850a83c59f5956d4c902505dbb20dbe6fe649eb697c20bccc44a5a	allow	regulator_public_info	HK	public_information	checked	True	False			success	False	
2026-06-16T06:54:11.543035+00:00	2026-06-16T14:54:11.543048+08:00	28	ok	https://www.ofca.gov.hk/en/consumer_focus/guide/general/gba/index.html	https://www.ofca.gov.hk/en/consumer_focus/guide/general/gba/index.html	200	httpx	0.791	5183	Office of the Communications Authority - Mobile Roaming in Greater Bay Area	频谱拍卖,5G/6G规划,网络共享,覆盖义务,网络安全,卫星通信,携号转网/漫游		1ad8ec115b5c31e17e46fb9552d6af21368a0caebfbfef22627afab70d1717da	allow	regulator_public_info	HK	public_information	checked	True	False			success	False	
2026-06-16T06:54:11.543035+00:00	2026-06-16T14:54:11.543048+08:00	28	ok	https://www.ofca.gov.hk/en/industry_focus/industry_focus/portability/mnp/index.html	https://www.ofca.gov.hk/en/industry_focus/industry_focus/portability/mnp/index.html	200	httpx	0.793	3817	Office of the Communications Authority - Mobile Number Portability	频谱拍卖,5G/6G规划,网络共享,覆盖义务,网络安全,卫星通信,携号转网/漫游		d19a016a12582e75cec50c99450610b49b745b39ed8d7e648b600fe5bc9c9f83	allow	regulator_public_info	HK	public_information	checked	True	False			success	False	
2026-06-16T06:54:11.543035+00:00	2026-06-16T14:54:11.543048+08:00	28	ok	https://www.mddi.gov.sg/newsroom/opening-remarks-by-mr-s-iswaran-at-the-sgd-industry-day/	https://www.mddi.gov.sg/newsroom/opening-remarks-by-mr-s-iswaran-at-the-sgd-industry-day/	200	httpx	1.095	427769	Opening Remarks by Minister S Iswaran at the SG:D Industry Day | Ministry of Digital Development and Information	频谱拍卖,5G/6G规划,网络共享,覆盖义务,网络安全,卫星通信,携号转网/漫游		8b2c40822b06d16f9d62686a2d59004e0ae1582dda30e5de292faaf92a7ceda7	allow	government_public_info	SG	public_information	checked	True	False			success	False	
2026-06-16T06:54:11.543035+00:00	2026-06-16T14:54:11.543048+08:00	28	ok	https://www.enisa.europa.eu/news	https://www.enisa.europa.eu/news	200	httpx	3.147	84443	News | ENISA	频谱拍卖,5G/6G规划,网络共享,覆盖义务,网络安全,卫星通信,携号转网/漫游		78b7127ab9f2aeabc7f0b6a5f003697a42ab99e1b91af12117f250ee4f03b8ba	allow	regulator_public_info	EU	public_information	checked	True	False			success	False	
2026-06-16T06:54:26.802182+00:00	2026-06-16T14:54:26.802197+08:00	29	ok	https://api.worldbank.org/v2/country/HKG/indicator/NY.GDP.MKTP.CD?format=json&per_page=5	https://api.worldbank.org/v2/country/HKG/indicator/NY.GDP.MKTP.CD?format=json&per_page=5	200	httpx	3.791	1179		ITU数字发展,宽带指标,OECD数字经济,World Bank/IMF宏观		27bb6625cc0502f86505b076dc4f3a4b0b635d49f9cacbe14b39ac4feb92c6cd	allow	public_api	international	public_api	not_found_allow	True	False			success	False	
2026-06-16T06:54:26.802182+00:00	2026-06-16T14:54:26.802197+08:00	29	ok	https://oecd.ai/	https://oecd.ai/en/	200	httpx	5.196	129647	The OECD Artificial Intelligence Policy Observatory - OECD.AI	ITU数字发展,宽带指标,OECD数字经济,World Bank/IMF宏观		2b45b91861dda92aac4959616a336b4f399b95842466188c7b85623205b1e6a6	allow	international_org	international	public_information	checked	True	False			success	False	
2026-06-16T06:54:26.802182+00:00	2026-06-16T14:54:26.802197+08:00	29	ok	https://www.gsma.com/newsroom/press-releases/	https://www.gsma.com/newsroom/press-releases/	200	httpx	5.678	110498	Press Releases - Newsroom	ITU数字发展,宽带指标,OECD数字经济,World Bank/IMF宏观		e9fd3f5b75002e1972d683567297dd2b6dd746af2b94c291cc25f5487d5a0d6c	allow	industry_association	international	requires_periodic_review	checked	True	False			success	False	
2026-06-16T06:54:26.802182+00:00	2026-06-16T14:54:26.802197+08:00	29	ok	https://www.itu.int/	https://www.itu.int/en/Pages/default.aspx	200	httpx	6.732	100078	ITU: Connecting the world and beyond	ITU数字发展,宽带指标,OECD数字经济,World Bank/IMF宏观		94a325f3c6a522907709e0cecc8995c1dd120735cbd43b2dbaf2f3ab2c80d5cd	allow	international_org	international	public_information	checked	True	False			success	False	
2026-06-16T06:54:24.313103+00:00	2026-06-16T14:54:24.313123+08:00	30	ok	https://www.censtatd.gov.hk/en/scode530.html	https://www.censtatd.gov.hk/en/scode530.html	200	cache:httpx	0.0	26176	Retail	访港旅客,零售,失业率,CPI,利率,汇率		fbbf8738b6a3ec076e893c0d7e331cd18e6b75b2185833ba22936107c95cfbf6	allow	government_statistics	HK	public_information	checked	True	True			success	False	
2026-06-16T06:54:24.313103+00:00	2026-06-16T14:54:24.313123+08:00	30	ok	https://www.censtatd.gov.hk/en/scode200.html	https://www.censtatd.gov.hk/en/scode200.html	200	cache:httpx	0.0	26041	Labour Force, Employment and Unemployment	访港旅客,零售,失业率,CPI,利率,汇率		6bac0b780c2c56d7e32eaa63a2cebccf7750f9b100ec3a93175461ff20930bd7	allow	government_statistics	HK	public_information	checked	True	True			success	False	
2026-06-16T06:54:24.313103+00:00	2026-06-16T14:54:24.313123+08:00	30	ok	https://apidocs.hkma.gov.hk/abouthkmasapi/	https://apidocs.hkma.gov.hk/abouthkmasapi/	200	cache:httpx	0.0	15036	About HKMA's API – Hong Kong Monetary Authority	访港旅客,零售,失业率,CPI,利率,汇率		6717621e7d29142fdcc0cda70cb5eb2613dbb89c14d3adfd8c55819c99a9732a	allow	government_api_docs	HK	public_api_docs	checked	True	True			success	False	
2026-06-16T06:54:24.313103+00:00	2026-06-16T14:54:24.313123+08:00	30	ok	https://www.censtatd.gov.hk/en/page_213.html	https://www.censtatd.gov.hk/en/page_213.html	200	cache:httpx	0.0	10186	Retail Sales and Consumer Spending	访港旅客,零售,失业率,CPI,利率,汇率		5ff9a2c78981daab2bac82bec86167052b5cf6ab540adec98dd72a7095fd3c17	allow	government_statistics	HK	public_information	checked	True	True			success	False	
2026-06-16T06:54:24.313103+00:00	2026-06-16T14:54:24.313123+08:00	30	ok	https://www.info.gov.hk/gia/general/202601/22/P2026012200447p.htm	https://www.info.gov.hk/gia/general/202601/22/P2026012200447p.htm	200	httpx	1.728	7337	Consumer Price Indices for December 2025	访港旅客,零售,失业率,CPI,利率,汇率		0ff16ada658520a8bb12b40b74bbabe898d58541937a603a7cc838b06906952a	allow	government_public_info	HK	public_information	checked	True	False			success	False	
2026-06-16T06:54:24.313103+00:00	2026-06-16T14:54:24.313123+08:00	30	ok	https://api.worldbank.org/v2/country/HKG/indicator/NY.GDP.MKTP.CD?format=json&per_page=5	https://api.worldbank.org/v2/country/HKG/indicator/NY.GDP.MKTP.CD?format=json&per_page=5	200	cache:httpx	1.961	1179		访港旅客,零售,失业率,CPI,利率,汇率		27bb6625cc0502f86505b076dc4f3a4b0b635d49f9cacbe14b39ac4feb92c6cd	allow	public_api	international	public_api	not_found_allow	True	True			success	False	
2026-06-16T06:54:24.313103+00:00	2026-06-16T14:54:24.313123+08:00	30	ok	https://www.hkma.gov.hk/eng/data-publications-and-research/data-and-statistics/monthly-statistical-bulletin/	https://www.hkma.gov.hk/eng/data-publications-and-research/data-and-statistics/monthly-statistical-bulletin/	200	httpx	2.378	233738	Hong Kong Monetary Authority - Monthly Statistical Bulletin	访港旅客,零售,失业率,CPI,利率,汇率		f9eeee05acd0d20c2fdb6aff9122ad15431b35ac95d31c376182fb73b58dbd0b	allow	government_statistics	HK	public_information	not_found_allow	True	False			success	False	
2026-06-16T06:54:24.173097+00:00	2026-06-16T14:54:24.173112+08:00	31	ok	https://www.gsma.com/newsroom/press-releases/	https://www.gsma.com/newsroom/press-releases/	200	cache:httpx	0.0	110498	Press Releases - Newsroom	技术动态,市场趋势,企业重大合作,前沿产品		e9fd3f5b75002e1972d683567297dd2b6dd746af2b94c291cc25f5487d5a0d6c	allow	industry_association	international	requires_periodic_review	checked	True	True			success	False	
2026-06-16T06:54:24.173097+00:00	2026-06-16T14:54:24.173112+08:00	31	ok	https://www.softbank.jp/en/corp/news/press/sbkk/2026/20260302_03/	https://www.softbank.jp/en/corp/news/press/sbkk/2026/20260302_03/	200	cache:httpx	0.0	89401	SoftBank Corp. Announces Telco AI Cloud Vision to Build Social Infrastructure for the AI Era, Leveraging Its Telecommunications Foundation | About Us | SoftBank	技术动态,市场趋势,企业重大合作,前沿产品		332566384e1075622dce1561f7cc8560879ee4f6abf2ea2dbb760a983b915d08	allow	company_official	JP	requires_periodic_review	checked	True	True			success	False	
2026-06-16T06:54:24.173097+00:00	2026-06-16T14:54:24.173112+08:00	31	ok	https://www.totaltele.com/	https://totaltele.com/	200	httpx	3.973	649981	Total Telecom - News, analysis and events for global telecoms	技术动态,市场趋势,企业重大合作,前沿产品		a44b365a01ffc0277b34e77c5f9e7356ce6992bbc8c7c1ee78efe43f3660bdaa	allow	media	UK	approved	checked	True	False			success	False	
2026-06-16T06:54:28.228389+00:00	2026-06-16T14:54:28.228407+08:00	32	ok	https://www.totaltele.com/	https://totaltele.com/	200	cache:httpx	0.0	649981	Total Telecom - News, analysis and events for global telecoms	收购,融资,合资,股权交易		a44b365a01ffc0277b34e77c5f9e7356ce6992bbc8c7c1ee78efe43f3660bdaa	allow	media	UK	approved	checked	True	True			success	False	
2026-06-16T06:54:28.228389+00:00	2026-06-16T14:54:28.228407+08:00	32	ok	https://report.telekom.com/annual-report-2025/management-report/development-of-business-in-the-operating-segments/united-states.html	https://report.telekom.com/annual-report-2025/management-report/development-of-business-in-the-operating-segments/united-states.html	200	cache:httpx	0.0	221720	United States - Deutsche Telekom Annual Report 2025	收购,融资,合资,股权交易		c61bf87ae838c28e0d1cec01601ae021af916335a5458fc74d9efde159d41076	allow	exchange_public_filing	DE	public_disclosure	checked	True	True			success	False	
2026-06-16T06:54:28.228389+00:00	2026-06-16T14:54:28.228407+08:00	32	ok	https://www.investhk.gov.hk/en/news/	https://www.investhk.gov.hk/en/news/	200	cache:httpx	0.0	128934	News | InvestHK	收购,融资,合资,股权交易		6de0126cf620d27c4c0e252b72fffc7b03519dbfb8e281e7e9688cf91d548ebb	allow	government_public_info	HK	public_information	checked	True	True			success	False	
2026-06-16T06:54:28.228389+00:00	2026-06-16T14:54:28.228407+08:00	32	ok	https://www.gsma.com/newsroom/press-releases/	https://www.gsma.com/newsroom/press-releases/	200	cache:httpx	0.0	110498	Press Releases - Newsroom	收购,融资,合资,股权交易		e9fd3f5b75002e1972d683567297dd2b6dd746af2b94c291cc25f5487d5a0d6c	allow	industry_association	international	requires_periodic_review	checked	True	True			success	False	
2026-06-16T06:54:28.228389+00:00	2026-06-16T14:54:28.228407+08:00	32	ok	https://www.verizon.com/about/news/verizon-and-frontier-regulatory-approval	https://www.verizon.com/about/news/verizon-and-frontier-regulatory-approval	200	httpx	0.686	407011	Verizon and Frontier Receive All Required Regulatory Approvals to Complete Transaction | About Verizon	收购,融资,合资,股权交易		f65d210c6070fa0ae3638a703ac9fdee9f5921e2251d664cb427d750a5333add	allow	company_official	US	requires_periodic_review	checked	True	False			success	False	
2026-06-16T06:54:28.228389+00:00	2026-06-16T14:54:28.228407+08:00	32	ok	https://report.telekom.com/annual-report-2025/notes/summary-of-accounting-policies/changes-in-the-composition-of-the-group-and-other-transactions.html	https://report.telekom.com/annual-report-2025/notes/summary-of-accounting-policies/changes-in-the-composition-of-the-group-and-other-transactions.html	200	httpx	2.415	252320	Changes in the composition of the Group and other transactions - Deutsche Telekom Annual Report 2025	收购,融资,合资,股权交易		f736ec9678288e02585af10a746c273b73c5680e7ff8b8922353444c4d2e7769	allow	exchange_public_filing	DE	public_disclosure	checked	True	False			success	False	
2026-06-16T06:54:30.156279+00:00	2026-06-16T14:54:30.156287+08:00	33	ok	https://english.www.gov.cn/	https://english.www.gov.cn/	200	httpx	0.285	58874	The State Council of the People's Republic of China	地缘政治,经济,重大政策/声明		773112a8f6fbfebbee5fe7315494165c754f51e498a9a31f38bb786607e9fb74	allow	government_public_info	CN	public_information	checked	True	False			success	False	
2026-06-16T06:54:30.156279+00:00	2026-06-16T14:54:30.156287+08:00	33	ok	https://www.gov.cn/	https://www.gov.cn/	200	httpx	3.269	67378	中国政府网_中央人民政府门户网站	地缘政治,经济,重大政策/声明		2613c1aac9d7b8505049dc0e97ea522a2cfb457aab8dea3fc3761368714d8677	allow	government_public_info	CN	public_information	checked	True	False			success	False	
2026-06-16T06:54:30.156279+00:00	2026-06-16T14:54:30.156287+08:00	33	ok	https://www.mfa.gov.cn/eng/	https://www.mfa.gov.cn/eng/	200	httpx	3.429	46270	Ministry of Foreign Affairs of the People's Republic of China	地缘政治,经济,重大政策/声明		5e466eccbb14de3ba8f2704f6950c1467662f154b844fd0e1a4edc8357f911fe	allow	government_public_info	CN	public_information	checked	True	False			success	False	
2026-06-16T06:54:30.529144+00:00	2026-06-16T14:54:30.529164+08:00	34	ok	https://api.worldbank.org/v2/country/HKG/indicator/NY.GDP.MKTP.CD?format=json&per_page=5	https://api.worldbank.org/v2/country/HKG/indicator/NY.GDP.MKTP.CD?format=json&per_page=5	200	cache:httpx	0.0	1179		GDP,进出口,失业率,旅游业数据		27bb6625cc0502f86505b076dc4f3a4b0b635d49f9cacbe14b39ac4feb92c6cd	allow	public_api	international	public_api	not_found_allow	True	True			success	False	
2026-06-16T06:54:30.529144+00:00	2026-06-16T14:54:30.529164+08:00	34	ok	https://www.censtatd.gov.hk/en/scode200.html	https://www.censtatd.gov.hk/en/scode200.html	200	cache:httpx	0.0	26041	Labour Force, Employment and Unemployment	GDP,进出口,失业率,旅游业数据		6bac0b780c2c56d7e32eaa63a2cebccf7750f9b100ec3a93175461ff20930bd7	allow	government_statistics	HK	public_information	checked	True	True			success	False	
2026-06-16T06:54:30.529144+00:00	2026-06-16T14:54:30.529164+08:00	34	ok	https://www.discoverhongkong.com/eng/hktb/newsroom/tourism-statistics.html	https://www.discoverhongkong.com/eng/hktb/newsroom/tourism-statistics.html	200	httpx	0.899	201970	Tourism Statistics | Hong Kong Tourism Board	GDP,进出口,失业率,旅游业数据		a0e8dc986eda8a9268c6d9f352a0d021ccdf2b755dafee0b193d73fdd2f75416	allow	government_public_info	HK	public_information	checked	True	False			success	False	
2026-06-16T06:54:30.529144+00:00	2026-06-16T14:54:30.529164+08:00	34	ok	https://www.stats.gov.cn/english/	https://www.stats.gov.cn/english/	200	httpx	1.188	25162	National Bureau of Statistics of China	GDP,进出口,失业率,旅游业数据		4cdb71d8717d27f8c1b07454b62980d83b20b46cceec84fb5885cea5c144e8d6	allow	government_statistics	CN	public_information	not_found_allow	True	False			success	False	
