row_no,vendor,fiscal_year,metric_key,metric_zh,value,currency,unit,official_value,official_unit,verification_status,verification_count,verification_method,verification_sources,source_ids,primary_source_url,disclosure_quality,quality_note
1,AWS,2023,cloud_revenue,云收入/云相关分部收入,90757,USD,millions,90757,millions,official_match,2,official_report_plus_official_ir_index_crosscheck,"[{""id"": ""amazon_2025_10k"", ""label"": ""Amazon.com 2025 Form 10-K, AWS segment table"", ""url"": ""https://www.sec.gov/Archives/edgar/data/1018724/000101872426000004/amzn-20251231.htm"", ""type"": ""official_10k""}, {""id"": ""amazon_ir_annual_reports"", ""label"": ""Amazon Investor Relations annual reports, proxies and shareholder letters index"", ""url"": ""https://ir.aboutamazon.com/annual-reports-proxies-and-shareholder-letters/default.aspx"", ""type"": ""official_ir_report_index""}]",amazon_2025_10k;amazon_ir_annual_reports,https://www.sec.gov/Archives/edgar/data/1018724/000101872426000004/amzn-20251231.htm,direct_segment,AWS 为 Amazon 直接披露业务分部，收入和经营利润可直接用于同业云业务比较。
2,AWS,2024,cloud_revenue,云收入/云相关分部收入,107556,USD,millions,107556,millions,official_match,2,official_report_plus_official_ir_index_crosscheck,"[{""id"": ""amazon_2025_10k"", ""label"": ""Amazon.com 2025 Form 10-K, AWS segment table"", ""url"": ""https://www.sec.gov/Archives/edgar/data/1018724/000101872426000004/amzn-20251231.htm"", ""type"": ""official_10k""}, {""id"": ""amazon_ir_annual_reports"", ""label"": ""Amazon Investor Relations annual reports, proxies and shareholder letters index"", ""url"": ""https://ir.aboutamazon.com/annual-reports-proxies-and-shareholder-letters/default.aspx"", ""type"": ""official_ir_report_index""}]",amazon_2025_10k;amazon_ir_annual_reports,https://www.sec.gov/Archives/edgar/data/1018724/000101872426000004/amzn-20251231.htm,direct_segment,AWS 为 Amazon 直接披露业务分部，收入和经营利润可直接用于同业云业务比较。
3,AWS,2025,cloud_revenue,云收入/云相关分部收入,128725,USD,millions,128725,millions,official_match,2,official_report_plus_official_ir_index_crosscheck,"[{""id"": ""amazon_2025_10k"", ""label"": ""Amazon.com 2025 Form 10-K, AWS segment table"", ""url"": ""https://www.sec.gov/Archives/edgar/data/1018724/000101872426000004/amzn-20251231.htm"", ""type"": ""official_10k""}, {""id"": ""amazon_ir_annual_reports"", ""label"": ""Amazon Investor Relations annual reports, proxies and shareholder letters index"", ""url"": ""https://ir.aboutamazon.com/annual-reports-proxies-and-shareholder-letters/default.aspx"", ""type"": ""official_ir_report_index""}]",amazon_2025_10k;amazon_ir_annual_reports,https://www.sec.gov/Archives/edgar/data/1018724/000101872426000004/amzn-20251231.htm,direct_segment,AWS 为 Amazon 直接披露业务分部，收入和经营利润可直接用于同业云业务比较。
4,AWS,2023,operating_income,经营利润/分部经营利润,24631,USD,millions,24631,millions,official_match,2,official_report_plus_official_ir_index_crosscheck,"[{""id"": ""amazon_2025_10k"", ""label"": ""Amazon.com 2025 Form 10-K, AWS segment table"", ""url"": ""https://www.sec.gov/Archives/edgar/data/1018724/000101872426000004/amzn-20251231.htm"", ""type"": ""official_10k""}, {""id"": ""amazon_ir_annual_reports"", ""label"": ""Amazon Investor Relations annual reports, proxies and shareholder letters index"", ""url"": ""https://ir.aboutamazon.com/annual-reports-proxies-and-shareholder-letters/default.aspx"", ""type"": ""official_ir_report_index""}]",amazon_2025_10k;amazon_ir_annual_reports,https://www.sec.gov/Archives/edgar/data/1018724/000101872426000004/amzn-20251231.htm,direct_segment,AWS 为 Amazon 直接披露业务分部，收入和经营利润可直接用于同业云业务比较。
5,AWS,2024,operating_income,经营利润/分部经营利润,39834,USD,millions,39834,millions,official_match,2,official_report_plus_official_ir_index_crosscheck,"[{""id"": ""amazon_2025_10k"", ""label"": ""Amazon.com 2025 Form 10-K, AWS segment table"", ""url"": ""https://www.sec.gov/Archives/edgar/data/1018724/000101872426000004/amzn-20251231.htm"", ""type"": ""official_10k""}, {""id"": ""amazon_ir_annual_reports"", ""label"": ""Amazon Investor Relations annual reports, proxies and shareholder letters index"", ""url"": ""https://ir.aboutamazon.com/annual-reports-proxies-and-shareholder-letters/default.aspx"", ""type"": ""official_ir_report_index""}]",amazon_2025_10k;amazon_ir_annual_reports,https://www.sec.gov/Archives/edgar/data/1018724/000101872426000004/amzn-20251231.htm,direct_segment,AWS 为 Amazon 直接披露业务分部，收入和经营利润可直接用于同业云业务比较。
6,AWS,2025,operating_income,经营利润/分部经营利润,45606,USD,millions,45606,millions,official_match,2,official_report_plus_official_ir_index_crosscheck,"[{""id"": ""amazon_2025_10k"", ""label"": ""Amazon.com 2025 Form 10-K, AWS segment table"", ""url"": ""https://www.sec.gov/Archives/edgar/data/1018724/000101872426000004/amzn-20251231.htm"", ""type"": ""official_10k""}, {""id"": ""amazon_ir_annual_reports"", ""label"": ""Amazon Investor Relations annual reports, proxies and shareholder letters index"", ""url"": ""https://ir.aboutamazon.com/annual-reports-proxies-and-shareholder-letters/default.aspx"", ""type"": ""official_ir_report_index""}]",amazon_2025_10k;amazon_ir_annual_reports,https://www.sec.gov/Archives/edgar/data/1018724/000101872426000004/amzn-20251231.htm,direct_segment,AWS 为 Amazon 直接披露业务分部，收入和经营利润可直接用于同业云业务比较。
7,AWS,2024,revenue_yoy,收入同比增长,18.5,,percent,18.5,percent,official_derived_from_verified_rows,2,official_report_plus_official_ir_index_crosscheck,"[{""id"": ""amazon_2025_10k"", ""label"": ""Amazon.com 2025 Form 10-K, AWS segment table"", ""url"": ""https://www.sec.gov/Archives/edgar/data/1018724/000101872426000004/amzn-20251231.htm"", ""type"": ""official_10k""}, {""id"": ""amazon_ir_annual_reports"", ""label"": ""Amazon Investor Relations annual reports, proxies and shareholder letters index"", ""url"": ""https://ir.aboutamazon.com/annual-reports-proxies-and-shareholder-letters/default.aspx"", ""type"": ""official_ir_report_index""}]",amazon_2025_10k;amazon_ir_annual_reports,https://www.sec.gov/Archives/edgar/data/1018724/000101872426000004/amzn-20251231.htm,direct_segment,AWS 为 Amazon 直接披露业务分部，收入和经营利润可直接用于同业云业务比较。
8,AWS,2025,revenue_yoy,收入同比增长,19.7,,percent,19.7,percent,official_derived_from_verified_rows,2,official_report_plus_official_ir_index_crosscheck,"[{""id"": ""amazon_2025_10k"", ""label"": ""Amazon.com 2025 Form 10-K, AWS segment table"", ""url"": ""https://www.sec.gov/Archives/edgar/data/1018724/000101872426000004/amzn-20251231.htm"", ""type"": ""official_10k""}, {""id"": ""amazon_ir_annual_reports"", ""label"": ""Amazon Investor Relations annual reports, proxies and shareholder letters index"", ""url"": ""https://ir.aboutamazon.com/annual-reports-proxies-and-shareholder-letters/default.aspx"", ""type"": ""official_ir_report_index""}]",amazon_2025_10k;amazon_ir_annual_reports,https://www.sec.gov/Archives/edgar/data/1018724/000101872426000004/amzn-20251231.htm,direct_segment,AWS 为 Amazon 直接披露业务分部，收入和经营利润可直接用于同业云业务比较。
9,AWS,2023,operating_margin,经营利润率/分部利润率,27.1,,percent,27.1,percent,official_derived_from_verified_rows,2,official_report_plus_official_ir_index_crosscheck,"[{""id"": ""amazon_2025_10k"", ""label"": ""Amazon.com 2025 Form 10-K, AWS segment table"", ""url"": ""https://www.sec.gov/Archives/edgar/data/1018724/000101872426000004/amzn-20251231.htm"", ""type"": ""official_10k""}, {""id"": ""amazon_ir_annual_reports"", ""label"": ""Amazon Investor Relations annual reports, proxies and shareholder letters index"", ""url"": ""https://ir.aboutamazon.com/annual-reports-proxies-and-shareholder-letters/default.aspx"", ""type"": ""official_ir_report_index""}]",amazon_2025_10k;amazon_ir_annual_reports,https://www.sec.gov/Archives/edgar/data/1018724/000101872426000004/amzn-20251231.htm,direct_segment,AWS 为 Amazon 直接披露业务分部，收入和经营利润可直接用于同业云业务比较。
10,AWS,2024,operating_margin,经营利润率/分部利润率,37.0,,percent,37.0,percent,official_derived_from_verified_rows,2,official_report_plus_official_ir_index_crosscheck,"[{""id"": ""amazon_2025_10k"", ""label"": ""Amazon.com 2025 Form 10-K, AWS segment table"", ""url"": ""https://www.sec.gov/Archives/edgar/data/1018724/000101872426000004/amzn-20251231.htm"", ""type"": ""official_10k""}, {""id"": ""amazon_ir_annual_reports"", ""label"": ""Amazon Investor Relations annual reports, proxies and shareholder letters index"", ""url"": ""https://ir.aboutamazon.com/annual-reports-proxies-and-shareholder-letters/default.aspx"", ""type"": ""official_ir_report_index""}]",amazon_2025_10k;amazon_ir_annual_reports,https://www.sec.gov/Archives/edgar/data/1018724/000101872426000004/amzn-20251231.htm,direct_segment,AWS 为 Amazon 直接披露业务分部，收入和经营利润可直接用于同业云业务比较。
11,AWS,2025,operating_margin,经营利润率/分部利润率,35.4,,percent,35.4,percent,official_derived_from_verified_rows,2,official_report_plus_official_ir_index_crosscheck,"[{""id"": ""amazon_2025_10k"", ""label"": ""Amazon.com 2025 Form 10-K, AWS segment table"", ""url"": ""https://www.sec.gov/Archives/edgar/data/1018724/000101872426000004/amzn-20251231.htm"", ""type"": ""official_10k""}, {""id"": ""amazon_ir_annual_reports"", ""label"": ""Amazon Investor Relations annual reports, proxies and shareholder letters index"", ""url"": ""https://ir.aboutamazon.com/annual-reports-proxies-and-shareholder-letters/default.aspx"", ""type"": ""official_ir_report_index""}]",amazon_2025_10k;amazon_ir_annual_reports,https://www.sec.gov/Archives/edgar/data/1018724/000101872426000004/amzn-20251231.htm,direct_segment,AWS 为 Amazon 直接披露业务分部，收入和经营利润可直接用于同业云业务比较。
12,Microsoft Azure / Intelligent Cloud,2023,cloud_revenue,云收入/云相关分部收入,72944,USD,millions,72944,millions,official_match,2,official_report_plus_official_ir_index_crosscheck,"[{""id"": ""microsoft_2025_10k"", ""label"": ""Microsoft 2025 Annual Report, segment and product revenue tables"", ""url"": ""https://www.microsoft.com/investor/reports/ar25/index.html"", ""type"": ""official_annual_report""}, {""id"": ""microsoft_ir_annual_reports"", ""label"": ""Microsoft Investor Relations annual reports index"", ""url"": ""https://www.microsoft.com/en-us/investor/annual-reports"", ""type"": ""official_ir_report_index""}]",microsoft_2025_10k;microsoft_ir_annual_reports,https://www.microsoft.com/investor/reports/ar25/index.html,official_proxy_segment,Intelligent Cloud 包含 Azure、服务器产品、企业服务等；Server products and cloud services 更接近 Azure/服务器云收入，但仍不是 Azure 单独收入。
13,Microsoft Azure / Intelligent Cloud,2024,cloud_revenue,云收入/云相关分部收入,87464,USD,millions,87464,millions,official_match,2,official_report_plus_official_ir_index_crosscheck,"[{""id"": ""microsoft_2025_10k"", ""label"": ""Microsoft 2025 Annual Report, segment and product revenue tables"", ""url"": ""https://www.microsoft.com/investor/reports/ar25/index.html"", ""type"": ""official_annual_report""}, {""id"": ""microsoft_ir_annual_reports"", ""label"": ""Microsoft Investor Relations annual reports index"", ""url"": ""https://www.microsoft.com/en-us/investor/annual-reports"", ""type"": ""official_ir_report_index""}]",microsoft_2025_10k;microsoft_ir_annual_reports,https://www.microsoft.com/investor/reports/ar25/index.html,official_proxy_segment,Intelligent Cloud 包含 Azure、服务器产品、企业服务等；Server products and cloud services 更接近 Azure/服务器云收入，但仍不是 Azure 单独收入。
14,Microsoft Azure / Intelligent Cloud,2025,cloud_revenue,云收入/云相关分部收入,106265,USD,millions,106265,millions,official_match,2,official_report_plus_official_ir_index_crosscheck,"[{""id"": ""microsoft_2025_10k"", ""label"": ""Microsoft 2025 Annual Report, segment and product revenue tables"", ""url"": ""https://www.microsoft.com/investor/reports/ar25/index.html"", ""type"": ""official_annual_report""}, {""id"": ""microsoft_ir_annual_reports"", ""label"": ""Microsoft Investor Relations annual reports index"", ""url"": ""https://www.microsoft.com/en-us/investor/annual-reports"", ""type"": ""official_ir_report_index""}]",microsoft_2025_10k;microsoft_ir_annual_reports,https://www.microsoft.com/investor/reports/ar25/index.html,official_proxy_segment,Intelligent Cloud 包含 Azure、服务器产品、企业服务等；Server products and cloud services 更接近 Azure/服务器云收入，但仍不是 Azure 单独收入。
15,Microsoft Azure / Intelligent Cloud,2023,operating_income,经营利润/分部经营利润,28411,USD,millions,28411,millions,official_match,2,official_report_plus_official_ir_index_crosscheck,"[{""id"": ""microsoft_2025_10k"", ""label"": ""Microsoft 2025 Annual Report, segment and product revenue tables"", ""url"": ""https://www.microsoft.com/investor/reports/ar25/index.html"", ""type"": ""official_annual_report""}, {""id"": ""microsoft_ir_annual_reports"", ""label"": ""Microsoft Investor Relations annual reports index"", ""url"": ""https://www.microsoft.com/en-us/investor/annual-reports"", ""type"": ""official_ir_report_index""}]",microsoft_2025_10k;microsoft_ir_annual_reports,https://www.microsoft.com/investor/reports/ar25/index.html,official_proxy_segment,Intelligent Cloud 包含 Azure、服务器产品、企业服务等；Server products and cloud services 更接近 Azure/服务器云收入，但仍不是 Azure 单独收入。
16,Microsoft Azure / Intelligent Cloud,2024,operating_income,经营利润/分部经营利润,37813,USD,millions,37813,millions,official_match,2,official_report_plus_official_ir_index_crosscheck,"[{""id"": ""microsoft_2025_10k"", ""label"": ""Microsoft 2025 Annual Report, segment and product revenue tables"", ""url"": ""https://www.microsoft.com/investor/reports/ar25/index.html"", ""type"": ""official_annual_report""}, {""id"": ""microsoft_ir_annual_reports"", ""label"": ""Microsoft Investor Relations annual reports index"", ""url"": ""https://www.microsoft.com/en-us/investor/annual-reports"", ""type"": ""official_ir_report_index""}]",microsoft_2025_10k;microsoft_ir_annual_reports,https://www.microsoft.com/investor/reports/ar25/index.html,official_proxy_segment,Intelligent Cloud 包含 Azure、服务器产品、企业服务等；Server products and cloud services 更接近 Azure/服务器云收入，但仍不是 Azure 单独收入。
17,Microsoft Azure / Intelligent Cloud,2025,operating_income,经营利润/分部经营利润,44589,USD,millions,44589,millions,official_match,2,official_report_plus_official_ir_index_crosscheck,"[{""id"": ""microsoft_2025_10k"", ""label"": ""Microsoft 2025 Annual Report, segment and product revenue tables"", ""url"": ""https://www.microsoft.com/investor/reports/ar25/index.html"", ""type"": ""official_annual_report""}, {""id"": ""microsoft_ir_annual_reports"", ""label"": ""Microsoft Investor Relations annual reports index"", ""url"": ""https://www.microsoft.com/en-us/investor/annual-reports"", ""type"": ""official_ir_report_index""}]",microsoft_2025_10k;microsoft_ir_annual_reports,https://www.microsoft.com/investor/reports/ar25/index.html,official_proxy_segment,Intelligent Cloud 包含 Azure、服务器产品、企业服务等；Server products and cloud services 更接近 Azure/服务器云收入，但仍不是 Azure 单独收入。
18,Microsoft Azure / Intelligent Cloud,2023,server_products_cloud_services_revenue,服务器产品和云服务收入,65007,USD,millions,65007,millions,official_match,2,official_report_plus_official_ir_index_crosscheck,"[{""id"": ""microsoft_2025_10k"", ""label"": ""Microsoft 2025 Annual Report, segment and product revenue tables"", ""url"": ""https://www.microsoft.com/investor/reports/ar25/index.html"", ""type"": ""official_annual_report""}, {""id"": ""microsoft_ir_annual_reports"", ""label"": ""Microsoft Investor Relations annual reports index"", ""url"": ""https://www.microsoft.com/en-us/investor/annual-reports"", ""type"": ""official_ir_report_index""}]",microsoft_2025_10k;microsoft_ir_annual_reports,https://www.microsoft.com/investor/reports/ar25/index.html,official_proxy_segment,Intelligent Cloud 包含 Azure、服务器产品、企业服务等；Server products and cloud services 更接近 Azure/服务器云收入，但仍不是 Azure 单独收入。
19,Microsoft Azure / Intelligent Cloud,2024,server_products_cloud_services_revenue,服务器产品和云服务收入,79828,USD,millions,79828,millions,official_match,2,official_report_plus_official_ir_index_crosscheck,"[{""id"": ""microsoft_2025_10k"", ""label"": ""Microsoft 2025 Annual Report, segment and product revenue tables"", ""url"": ""https://www.microsoft.com/investor/reports/ar25/index.html"", ""type"": ""official_annual_report""}, {""id"": ""microsoft_ir_annual_reports"", ""label"": ""Microsoft Investor Relations annual reports index"", ""url"": ""https://www.microsoft.com/en-us/investor/annual-reports"", ""type"": ""official_ir_report_index""}]",microsoft_2025_10k;microsoft_ir_annual_reports,https://www.microsoft.com/investor/reports/ar25/index.html,official_proxy_segment,Intelligent Cloud 包含 Azure、服务器产品、企业服务等；Server products and cloud services 更接近 Azure/服务器云收入，但仍不是 Azure 单独收入。
20,Microsoft Azure / Intelligent Cloud,2025,server_products_cloud_services_revenue,服务器产品和云服务收入,98435,USD,millions,98435,millions,official_match,2,official_report_plus_official_ir_index_crosscheck,"[{""id"": ""microsoft_2025_10k"", ""label"": ""Microsoft 2025 Annual Report, segment and product revenue tables"", ""url"": ""https://www.microsoft.com/investor/reports/ar25/index.html"", ""type"": ""official_annual_report""}, {""id"": ""microsoft_ir_annual_reports"", ""label"": ""Microsoft Investor Relations annual reports index"", ""url"": ""https://www.microsoft.com/en-us/investor/annual-reports"", ""type"": ""official_ir_report_index""}]",microsoft_2025_10k;microsoft_ir_annual_reports,https://www.microsoft.com/investor/reports/ar25/index.html,official_proxy_segment,Intelligent Cloud 包含 Azure、服务器产品、企业服务等；Server products and cloud services 更接近 Azure/服务器云收入，但仍不是 Azure 单独收入。
21,Microsoft Azure / Intelligent Cloud,2024,revenue_yoy,收入同比增长,19.9,,percent,19.9,percent,official_derived_from_verified_rows,2,official_report_plus_official_ir_index_crosscheck,"[{""id"": ""microsoft_2025_10k"", ""label"": ""Microsoft 2025 Annual Report, segment and product revenue tables"", ""url"": ""https://www.microsoft.com/investor/reports/ar25/index.html"", ""type"": ""official_annual_report""}, {""id"": ""microsoft_ir_annual_reports"", ""label"": ""Microsoft Investor Relations annual reports index"", ""url"": ""https://www.microsoft.com/en-us/investor/annual-reports"", ""type"": ""official_ir_report_index""}]",microsoft_2025_10k;microsoft_ir_annual_reports,https://www.microsoft.com/investor/reports/ar25/index.html,official_proxy_segment,Intelligent Cloud 包含 Azure、服务器产品、企业服务等；Server products and cloud services 更接近 Azure/服务器云收入，但仍不是 Azure 单独收入。
22,Microsoft Azure / Intelligent Cloud,2025,revenue_yoy,收入同比增长,21.5,,percent,21.5,percent,official_derived_from_verified_rows,2,official_report_plus_official_ir_index_crosscheck,"[{""id"": ""microsoft_2025_10k"", ""label"": ""Microsoft 2025 Annual Report, segment and product revenue tables"", ""url"": ""https://www.microsoft.com/investor/reports/ar25/index.html"", ""type"": ""official_annual_report""}, {""id"": ""microsoft_ir_annual_reports"", ""label"": ""Microsoft Investor Relations annual reports index"", ""url"": ""https://www.microsoft.com/en-us/investor/annual-reports"", ""type"": ""official_ir_report_index""}]",microsoft_2025_10k;microsoft_ir_annual_reports,https://www.microsoft.com/investor/reports/ar25/index.html,official_proxy_segment,Intelligent Cloud 包含 Azure、服务器产品、企业服务等；Server products and cloud services 更接近 Azure/服务器云收入，但仍不是 Azure 单独收入。
23,Microsoft Azure / Intelligent Cloud,2023,operating_margin,经营利润率/分部利润率,38.9,,percent,38.9,percent,official_derived_from_verified_rows,2,official_report_plus_official_ir_index_crosscheck,"[{""id"": ""microsoft_2025_10k"", ""label"": ""Microsoft 2025 Annual Report, segment and product revenue tables"", ""url"": ""https://www.microsoft.com/investor/reports/ar25/index.html"", ""type"": ""official_annual_report""}, {""id"": ""microsoft_ir_annual_reports"", ""label"": ""Microsoft Investor Relations annual reports index"", ""url"": ""https://www.microsoft.com/en-us/investor/annual-reports"", ""type"": ""official_ir_report_index""}]",microsoft_2025_10k;microsoft_ir_annual_reports,https://www.microsoft.com/investor/reports/ar25/index.html,official_proxy_segment,Intelligent Cloud 包含 Azure、服务器产品、企业服务等；Server products and cloud services 更接近 Azure/服务器云收入，但仍不是 Azure 单独收入。
24,Microsoft Azure / Intelligent Cloud,2024,operating_margin,经营利润率/分部利润率,43.2,,percent,43.2,percent,official_derived_from_verified_rows,2,official_report_plus_official_ir_index_crosscheck,"[{""id"": ""microsoft_2025_10k"", ""label"": ""Microsoft 2025 Annual Report, segment and product revenue tables"", ""url"": ""https://www.microsoft.com/investor/reports/ar25/index.html"", ""type"": ""official_annual_report""}, {""id"": ""microsoft_ir_annual_reports"", ""label"": ""Microsoft Investor Relations annual reports index"", ""url"": ""https://www.microsoft.com/en-us/investor/annual-reports"", ""type"": ""official_ir_report_index""}]",microsoft_2025_10k;microsoft_ir_annual_reports,https://www.microsoft.com/investor/reports/ar25/index.html,official_proxy_segment,Intelligent Cloud 包含 Azure、服务器产品、企业服务等；Server products and cloud services 更接近 Azure/服务器云收入，但仍不是 Azure 单独收入。
25,Microsoft Azure / Intelligent Cloud,2025,operating_margin,经营利润率/分部利润率,42.0,,percent,42.0,percent,official_derived_from_verified_rows,2,official_report_plus_official_ir_index_crosscheck,"[{""id"": ""microsoft_2025_10k"", ""label"": ""Microsoft 2025 Annual Report, segment and product revenue tables"", ""url"": ""https://www.microsoft.com/investor/reports/ar25/index.html"", ""type"": ""official_annual_report""}, {""id"": ""microsoft_ir_annual_reports"", ""label"": ""Microsoft Investor Relations annual reports index"", ""url"": ""https://www.microsoft.com/en-us/investor/annual-reports"", ""type"": ""official_ir_report_index""}]",microsoft_2025_10k;microsoft_ir_annual_reports,https://www.microsoft.com/investor/reports/ar25/index.html,official_proxy_segment,Intelligent Cloud 包含 Azure、服务器产品、企业服务等；Server products and cloud services 更接近 Azure/服务器云收入，但仍不是 Azure 单独收入。
26,Google Cloud,2023,cloud_revenue,云收入/云相关分部收入,33088,USD,millions,33088,millions,official_match,2,official_report_plus_official_ir_index_crosscheck,"[{""id"": ""alphabet_2025_10k"", ""label"": ""Alphabet 2025 Form 10-K, Google Cloud segment table"", ""url"": ""https://www.sec.gov/Archives/edgar/data/1652044/000165204426000018/goog-20251231.htm"", ""type"": ""official_10k""}, {""id"": ""alphabet_ir_sec_filings"", ""label"": ""Alphabet Investor Relations SEC filings index"", ""url"": ""https://abc.xyz/investor/sec-filings/"", ""type"": ""official_ir_filings_index""}]",alphabet_2025_10k;alphabet_ir_sec_filings,https://www.sec.gov/Archives/edgar/data/1652044/000165204426000018/goog-20251231.htm,direct_segment,Google Cloud 为 Alphabet 直接披露业务分部，收入和经营利润可直接比较。
27,Google Cloud,2024,cloud_revenue,云收入/云相关分部收入,43229,USD,millions,43229,millions,official_match,2,official_report_plus_official_ir_index_crosscheck,"[{""id"": ""alphabet_2025_10k"", ""label"": ""Alphabet 2025 Form 10-K, Google Cloud segment table"", ""url"": ""https://www.sec.gov/Archives/edgar/data/1652044/000165204426000018/goog-20251231.htm"", ""type"": ""official_10k""}, {""id"": ""alphabet_ir_sec_filings"", ""label"": ""Alphabet Investor Relations SEC filings index"", ""url"": ""https://abc.xyz/investor/sec-filings/"", ""type"": ""official_ir_filings_index""}]",alphabet_2025_10k;alphabet_ir_sec_filings,https://www.sec.gov/Archives/edgar/data/1652044/000165204426000018/goog-20251231.htm,direct_segment,Google Cloud 为 Alphabet 直接披露业务分部，收入和经营利润可直接比较。
28,Google Cloud,2025,cloud_revenue,云收入/云相关分部收入,58705,USD,millions,58705,millions,official_match,2,official_report_plus_official_ir_index_crosscheck,"[{""id"": ""alphabet_2025_10k"", ""label"": ""Alphabet 2025 Form 10-K, Google Cloud segment table"", ""url"": ""https://www.sec.gov/Archives/edgar/data/1652044/000165204426000018/goog-20251231.htm"", ""type"": ""official_10k""}, {""id"": ""alphabet_ir_sec_filings"", ""label"": ""Alphabet Investor Relations SEC filings index"", ""url"": ""https://abc.xyz/investor/sec-filings/"", ""type"": ""official_ir_filings_index""}]",alphabet_2025_10k;alphabet_ir_sec_filings,https://www.sec.gov/Archives/edgar/data/1652044/000165204426000018/goog-20251231.htm,direct_segment,Google Cloud 为 Alphabet 直接披露业务分部，收入和经营利润可直接比较。
29,Google Cloud,2023,operating_income,经营利润/分部经营利润,1716,USD,millions,1716,millions,official_match,2,official_report_plus_official_ir_index_crosscheck,"[{""id"": ""alphabet_2025_10k"", ""label"": ""Alphabet 2025 Form 10-K, Google Cloud segment table"", ""url"": ""https://www.sec.gov/Archives/edgar/data/1652044/000165204426000018/goog-20251231.htm"", ""type"": ""official_10k""}, {""id"": ""alphabet_ir_sec_filings"", ""label"": ""Alphabet Investor Relations SEC filings index"", ""url"": ""https://abc.xyz/investor/sec-filings/"", ""type"": ""official_ir_filings_index""}]",alphabet_2025_10k;alphabet_ir_sec_filings,https://www.sec.gov/Archives/edgar/data/1652044/000165204426000018/goog-20251231.htm,direct_segment,Google Cloud 为 Alphabet 直接披露业务分部，收入和经营利润可直接比较。
30,Google Cloud,2024,operating_income,经营利润/分部经营利润,6112,USD,millions,6112,millions,official_match,2,official_report_plus_official_ir_index_crosscheck,"[{""id"": ""alphabet_2025_10k"", ""label"": ""Alphabet 2025 Form 10-K, Google Cloud segment table"", ""url"": ""https://www.sec.gov/Archives/edgar/data/1652044/000165204426000018/goog-20251231.htm"", ""type"": ""official_10k""}, {""id"": ""alphabet_ir_sec_filings"", ""label"": ""Alphabet Investor Relations SEC filings index"", ""url"": ""https://abc.xyz/investor/sec-filings/"", ""type"": ""official_ir_filings_index""}]",alphabet_2025_10k;alphabet_ir_sec_filings,https://www.sec.gov/Archives/edgar/data/1652044/000165204426000018/goog-20251231.htm,direct_segment,Google Cloud 为 Alphabet 直接披露业务分部，收入和经营利润可直接比较。
31,Google Cloud,2025,operating_income,经营利润/分部经营利润,13910,USD,millions,13910,millions,official_match,2,official_report_plus_official_ir_index_crosscheck,"[{""id"": ""alphabet_2025_10k"", ""label"": ""Alphabet 2025 Form 10-K, Google Cloud segment table"", ""url"": ""https://www.sec.gov/Archives/edgar/data/1652044/000165204426000018/goog-20251231.htm"", ""type"": ""official_10k""}, {""id"": ""alphabet_ir_sec_filings"", ""label"": ""Alphabet Investor Relations SEC filings index"", ""url"": ""https://abc.xyz/investor/sec-filings/"", ""type"": ""official_ir_filings_index""}]",alphabet_2025_10k;alphabet_ir_sec_filings,https://www.sec.gov/Archives/edgar/data/1652044/000165204426000018/goog-20251231.htm,direct_segment,Google Cloud 为 Alphabet 直接披露业务分部，收入和经营利润可直接比较。
32,Google Cloud,2024,revenue_yoy,收入同比增长,30.6,,percent,30.6,percent,official_derived_from_verified_rows,2,official_report_plus_official_ir_index_crosscheck,"[{""id"": ""alphabet_2025_10k"", ""label"": ""Alphabet 2025 Form 10-K, Google Cloud segment table"", ""url"": ""https://www.sec.gov/Archives/edgar/data/1652044/000165204426000018/goog-20251231.htm"", ""type"": ""official_10k""}, {""id"": ""alphabet_ir_sec_filings"", ""label"": ""Alphabet Investor Relations SEC filings index"", ""url"": ""https://abc.xyz/investor/sec-filings/"", ""type"": ""official_ir_filings_index""}]",alphabet_2025_10k;alphabet_ir_sec_filings,https://www.sec.gov/Archives/edgar/data/1652044/000165204426000018/goog-20251231.htm,direct_segment,Google Cloud 为 Alphabet 直接披露业务分部，收入和经营利润可直接比较。
33,Google Cloud,2025,revenue_yoy,收入同比增长,35.8,,percent,35.8,percent,official_derived_from_verified_rows,2,official_report_plus_official_ir_index_crosscheck,"[{""id"": ""alphabet_2025_10k"", ""label"": ""Alphabet 2025 Form 10-K, Google Cloud segment table"", ""url"": ""https://www.sec.gov/Archives/edgar/data/1652044/000165204426000018/goog-20251231.htm"", ""type"": ""official_10k""}, {""id"": ""alphabet_ir_sec_filings"", ""label"": ""Alphabet Investor Relations SEC filings index"", ""url"": ""https://abc.xyz/investor/sec-filings/"", ""type"": ""official_ir_filings_index""}]",alphabet_2025_10k;alphabet_ir_sec_filings,https://www.sec.gov/Archives/edgar/data/1652044/000165204426000018/goog-20251231.htm,direct_segment,Google Cloud 为 Alphabet 直接披露业务分部，收入和经营利润可直接比较。
34,Google Cloud,2023,operating_margin,经营利润率/分部利润率,5.2,,percent,5.2,percent,official_derived_from_verified_rows,2,official_report_plus_official_ir_index_crosscheck,"[{""id"": ""alphabet_2025_10k"", ""label"": ""Alphabet 2025 Form 10-K, Google Cloud segment table"", ""url"": ""https://www.sec.gov/Archives/edgar/data/1652044/000165204426000018/goog-20251231.htm"", ""type"": ""official_10k""}, {""id"": ""alphabet_ir_sec_filings"", ""label"": ""Alphabet Investor Relations SEC filings index"", ""url"": ""https://abc.xyz/investor/sec-filings/"", ""type"": ""official_ir_filings_index""}]",alphabet_2025_10k;alphabet_ir_sec_filings,https://www.sec.gov/Archives/edgar/data/1652044/000165204426000018/goog-20251231.htm,direct_segment,Google Cloud 为 Alphabet 直接披露业务分部，收入和经营利润可直接比较。
35,Google Cloud,2024,operating_margin,经营利润率/分部利润率,14.1,,percent,14.1,percent,official_derived_from_verified_rows,2,official_report_plus_official_ir_index_crosscheck,"[{""id"": ""alphabet_2025_10k"", ""label"": ""Alphabet 2025 Form 10-K, Google Cloud segment table"", ""url"": ""https://www.sec.gov/Archives/edgar/data/1652044/000165204426000018/goog-20251231.htm"", ""type"": ""official_10k""}, {""id"": ""alphabet_ir_sec_filings"", ""label"": ""Alphabet Investor Relations SEC filings index"", ""url"": ""https://abc.xyz/investor/sec-filings/"", ""type"": ""official_ir_filings_index""}]",alphabet_2025_10k;alphabet_ir_sec_filings,https://www.sec.gov/Archives/edgar/data/1652044/000165204426000018/goog-20251231.htm,direct_segment,Google Cloud 为 Alphabet 直接披露业务分部，收入和经营利润可直接比较。
36,Google Cloud,2025,operating_margin,经营利润率/分部利润率,23.7,,percent,23.7,percent,official_derived_from_verified_rows,2,official_report_plus_official_ir_index_crosscheck,"[{""id"": ""alphabet_2025_10k"", ""label"": ""Alphabet 2025 Form 10-K, Google Cloud segment table"", ""url"": ""https://www.sec.gov/Archives/edgar/data/1652044/000165204426000018/goog-20251231.htm"", ""type"": ""official_10k""}, {""id"": ""alphabet_ir_sec_filings"", ""label"": ""Alphabet Investor Relations SEC filings index"", ""url"": ""https://abc.xyz/investor/sec-filings/"", ""type"": ""official_ir_filings_index""}]",alphabet_2025_10k;alphabet_ir_sec_filings,https://www.sec.gov/Archives/edgar/data/1652044/000165204426000018/goog-20251231.htm,direct_segment,Google Cloud 为 Alphabet 直接披露业务分部，收入和经营利润可直接比较。
37,Alibaba Cloud,2023,cloud_revenue,云收入/云相关分部收入,103497,RMB,millions,103497,millions,official_match,3,official_report_plus_official_ir_index_crosscheck,"[{""id"": ""alibaba_fy2025_pdf"", ""label"": ""Alibaba Group FY2025 results PDF, Cloud Intelligence Group tables"", ""url"": ""https://data.alibabagroup.com/ecms-files/1532295521/83f92d1d-d36f-4ecd-a56c-2d3c59cb251a/Alibaba%20Group%20Announces%20March%20Quarter%202025%20and%20Fiscal%20Year%202025%20Results.pdf"", ""type"": ""official_results_pdf""}, {""id"": ""alibaba_fy2024_businesswire"", ""label"": ""Alibaba Group FY2024 results release, Cloud Intelligence Group FY2024/FY2023 tables"", ""url"": ""https://www.businesswire.com/news/home/20240513641121/en/Alibaba-Group-Announces-March-Quarter-2024-and-Fiscal-Year-2024-Results"", ""type"": ""official_results_release""}, {""id"": ""alibaba_ir_financial_results"", ""label"": ""Alibaba Investor Relations earnings and financials index"", ""url"": ""https://www.alibabagroup.com/ir-financial-reports-quarterly-results"", ""type"": ""official_ir_results_index""}]",alibaba_fy2025_pdf;alibaba_fy2024_businesswire;alibaba_ir_financial_results,https://data.alibabagroup.com/ecms-files/1532295521/83f92d1d-d36f-4ecd-a56c-2d3c59cb251a/Alibaba%20Group%20Announces%20March%20Quarter%202025%20and%20Fiscal%20Year%202025%20Results.pdf,direct_segment_non_gaap_profit,收入为 Cloud Intelligence Group 分部收入；利润口径为非 GAAP 调整后 EBITA，不等同 IFRS/GAAP 经营利润。
38,Alibaba Cloud,2024,cloud_revenue,云收入/云相关分部收入,106374,RMB,millions,106374,millions,official_match,3,official_report_plus_official_ir_index_crosscheck,"[{""id"": ""alibaba_fy2025_pdf"", ""label"": ""Alibaba Group FY2025 results PDF, Cloud Intelligence Group tables"", ""url"": ""https://data.alibabagroup.com/ecms-files/1532295521/83f92d1d-d36f-4ecd-a56c-2d3c59cb251a/Alibaba%20Group%20Announces%20March%20Quarter%202025%20and%20Fiscal%20Year%202025%20Results.pdf"", ""type"": ""official_results_pdf""}, {""id"": ""alibaba_fy2024_businesswire"", ""label"": ""Alibaba Group FY2024 results release, Cloud Intelligence Group FY2024/FY2023 tables"", ""url"": ""https://www.businesswire.com/news/home/20240513641121/en/Alibaba-Group-Announces-March-Quarter-2024-and-Fiscal-Year-2024-Results"", ""type"": ""official_results_release""}, {""id"": ""alibaba_ir_financial_results"", ""label"": ""Alibaba Investor Relations earnings and financials index"", ""url"": ""https://www.alibabagroup.com/ir-financial-reports-quarterly-results"", ""type"": ""official_ir_results_index""}]",alibaba_fy2025_pdf;alibaba_fy2024_businesswire;alibaba_ir_financial_results,https://data.alibabagroup.com/ecms-files/1532295521/83f92d1d-d36f-4ecd-a56c-2d3c59cb251a/Alibaba%20Group%20Announces%20March%20Quarter%202025%20and%20Fiscal%20Year%202025%20Results.pdf,direct_segment_non_gaap_profit,收入为 Cloud Intelligence Group 分部收入；利润口径为非 GAAP 调整后 EBITA，不等同 IFRS/GAAP 经营利润。
39,Alibaba Cloud,2025,cloud_revenue,云收入/云相关分部收入,118028,RMB,millions,118028,millions,official_match,3,official_report_plus_official_ir_index_crosscheck,"[{""id"": ""alibaba_fy2025_pdf"", ""label"": ""Alibaba Group FY2025 results PDF, Cloud Intelligence Group tables"", ""url"": ""https://data.alibabagroup.com/ecms-files/1532295521/83f92d1d-d36f-4ecd-a56c-2d3c59cb251a/Alibaba%20Group%20Announces%20March%20Quarter%202025%20and%20Fiscal%20Year%202025%20Results.pdf"", ""type"": ""official_results_pdf""}, {""id"": ""alibaba_fy2024_businesswire"", ""label"": ""Alibaba Group FY2024 results release, Cloud Intelligence Group FY2024/FY2023 tables"", ""url"": ""https://www.businesswire.com/news/home/20240513641121/en/Alibaba-Group-Announces-March-Quarter-2024-and-Fiscal-Year-2024-Results"", ""type"": ""official_results_release""}, {""id"": ""alibaba_ir_financial_results"", ""label"": ""Alibaba Investor Relations earnings and financials index"", ""url"": ""https://www.alibabagroup.com/ir-financial-reports-quarterly-results"", ""type"": ""official_ir_results_index""}]",alibaba_fy2025_pdf;alibaba_fy2024_businesswire;alibaba_ir_financial_results,https://data.alibabagroup.com/ecms-files/1532295521/83f92d1d-d36f-4ecd-a56c-2d3c59cb251a/Alibaba%20Group%20Announces%20March%20Quarter%202025%20and%20Fiscal%20Year%202025%20Results.pdf,direct_segment_non_gaap_profit,收入为 Cloud Intelligence Group 分部收入；利润口径为非 GAAP 调整后 EBITA，不等同 IFRS/GAAP 经营利润。
40,Alibaba Cloud,2023,adjusted_ebita,调整后 EBITA,4101,RMB,millions,4101,millions,official_match,3,official_report_plus_official_ir_index_crosscheck,"[{""id"": ""alibaba_fy2025_pdf"", ""label"": ""Alibaba Group FY2025 results PDF, Cloud Intelligence Group tables"", ""url"": ""https://data.alibabagroup.com/ecms-files/1532295521/83f92d1d-d36f-4ecd-a56c-2d3c59cb251a/Alibaba%20Group%20Announces%20March%20Quarter%202025%20and%20Fiscal%20Year%202025%20Results.pdf"", ""type"": ""official_results_pdf""}, {""id"": ""alibaba_fy2024_businesswire"", ""label"": ""Alibaba Group FY2024 results release, Cloud Intelligence Group FY2024/FY2023 tables"", ""url"": ""https://www.businesswire.com/news/home/20240513641121/en/Alibaba-Group-Announces-March-Quarter-2024-and-Fiscal-Year-2024-Results"", ""type"": ""official_results_release""}, {""id"": ""alibaba_ir_financial_results"", ""label"": ""Alibaba Investor Relations earnings and financials index"", ""url"": ""https://www.alibabagroup.com/ir-financial-reports-quarterly-results"", ""type"": ""official_ir_results_index""}]",alibaba_fy2025_pdf;alibaba_fy2024_businesswire;alibaba_ir_financial_results,https://data.alibabagroup.com/ecms-files/1532295521/83f92d1d-d36f-4ecd-a56c-2d3c59cb251a/Alibaba%20Group%20Announces%20March%20Quarter%202025%20and%20Fiscal%20Year%202025%20Results.pdf,direct_segment_non_gaap_profit,收入为 Cloud Intelligence Group 分部收入；利润口径为非 GAAP 调整后 EBITA，不等同 IFRS/GAAP 经营利润。
41,Alibaba Cloud,2024,adjusted_ebita,调整后 EBITA,6121,RMB,millions,6121,millions,official_match,3,official_report_plus_official_ir_index_crosscheck,"[{""id"": ""alibaba_fy2025_pdf"", ""label"": ""Alibaba Group FY2025 results PDF, Cloud Intelligence Group tables"", ""url"": ""https://data.alibabagroup.com/ecms-files/1532295521/83f92d1d-d36f-4ecd-a56c-2d3c59cb251a/Alibaba%20Group%20Announces%20March%20Quarter%202025%20and%20Fiscal%20Year%202025%20Results.pdf"", ""type"": ""official_results_pdf""}, {""id"": ""alibaba_fy2024_businesswire"", ""label"": ""Alibaba Group FY2024 results release, Cloud Intelligence Group FY2024/FY2023 tables"", ""url"": ""https://www.businesswire.com/news/home/20240513641121/en/Alibaba-Group-Announces-March-Quarter-2024-and-Fiscal-Year-2024-Results"", ""type"": ""official_results_release""}, {""id"": ""alibaba_ir_financial_results"", ""label"": ""Alibaba Investor Relations earnings and financials index"", ""url"": ""https://www.alibabagroup.com/ir-financial-reports-quarterly-results"", ""type"": ""official_ir_results_index""}]",alibaba_fy2025_pdf;alibaba_fy2024_businesswire;alibaba_ir_financial_results,https://data.alibabagroup.com/ecms-files/1532295521/83f92d1d-d36f-4ecd-a56c-2d3c59cb251a/Alibaba%20Group%20Announces%20March%20Quarter%202025%20and%20Fiscal%20Year%202025%20Results.pdf,direct_segment_non_gaap_profit,收入为 Cloud Intelligence Group 分部收入；利润口径为非 GAAP 调整后 EBITA，不等同 IFRS/GAAP 经营利润。
42,Alibaba Cloud,2025,adjusted_ebita,调整后 EBITA,10556,RMB,millions,10556,millions,official_match,3,official_report_plus_official_ir_index_crosscheck,"[{""id"": ""alibaba_fy2025_pdf"", ""label"": ""Alibaba Group FY2025 results PDF, Cloud Intelligence Group tables"", ""url"": ""https://data.alibabagroup.com/ecms-files/1532295521/83f92d1d-d36f-4ecd-a56c-2d3c59cb251a/Alibaba%20Group%20Announces%20March%20Quarter%202025%20and%20Fiscal%20Year%202025%20Results.pdf"", ""type"": ""official_results_pdf""}, {""id"": ""alibaba_fy2024_businesswire"", ""label"": ""Alibaba Group FY2024 results release, Cloud Intelligence Group FY2024/FY2023 tables"", ""url"": ""https://www.businesswire.com/news/home/20240513641121/en/Alibaba-Group-Announces-March-Quarter-2024-and-Fiscal-Year-2024-Results"", ""type"": ""official_results_release""}, {""id"": ""alibaba_ir_financial_results"", ""label"": ""Alibaba Investor Relations earnings and financials index"", ""url"": ""https://www.alibabagroup.com/ir-financial-reports-quarterly-results"", ""type"": ""official_ir_results_index""}]",alibaba_fy2025_pdf;alibaba_fy2024_businesswire;alibaba_ir_financial_results,https://data.alibabagroup.com/ecms-files/1532295521/83f92d1d-d36f-4ecd-a56c-2d3c59cb251a/Alibaba%20Group%20Announces%20March%20Quarter%202025%20and%20Fiscal%20Year%202025%20Results.pdf,direct_segment_non_gaap_profit,收入为 Cloud Intelligence Group 分部收入；利润口径为非 GAAP 调整后 EBITA，不等同 IFRS/GAAP 经营利润。
43,Alibaba Cloud,2024,revenue_yoy,收入同比增长,2.8,,percent,2.8,percent,official_derived_from_verified_rows,3,official_report_plus_official_ir_index_crosscheck,"[{""id"": ""alibaba_fy2025_pdf"", ""label"": ""Alibaba Group FY2025 results PDF, Cloud Intelligence Group tables"", ""url"": ""https://data.alibabagroup.com/ecms-files/1532295521/83f92d1d-d36f-4ecd-a56c-2d3c59cb251a/Alibaba%20Group%20Announces%20March%20Quarter%202025%20and%20Fiscal%20Year%202025%20Results.pdf"", ""type"": ""official_results_pdf""}, {""id"": ""alibaba_fy2024_businesswire"", ""label"": ""Alibaba Group FY2024 results release, Cloud Intelligence Group FY2024/FY2023 tables"", ""url"": ""https://www.businesswire.com/news/home/20240513641121/en/Alibaba-Group-Announces-March-Quarter-2024-and-Fiscal-Year-2024-Results"", ""type"": ""official_results_release""}, {""id"": ""alibaba_ir_financial_results"", ""label"": ""Alibaba Investor Relations earnings and financials index"", ""url"": ""https://www.alibabagroup.com/ir-financial-reports-quarterly-results"", ""type"": ""official_ir_results_index""}]",alibaba_fy2025_pdf;alibaba_fy2024_businesswire;alibaba_ir_financial_results,https://data.alibabagroup.com/ecms-files/1532295521/83f92d1d-d36f-4ecd-a56c-2d3c59cb251a/Alibaba%20Group%20Announces%20March%20Quarter%202025%20and%20Fiscal%20Year%202025%20Results.pdf,direct_segment_non_gaap_profit,收入为 Cloud Intelligence Group 分部收入；利润口径为非 GAAP 调整后 EBITA，不等同 IFRS/GAAP 经营利润。
44,Alibaba Cloud,2025,revenue_yoy,收入同比增长,11.0,,percent,11.0,percent,official_derived_from_verified_rows,3,official_report_plus_official_ir_index_crosscheck,"[{""id"": ""alibaba_fy2025_pdf"", ""label"": ""Alibaba Group FY2025 results PDF, Cloud Intelligence Group tables"", ""url"": ""https://data.alibabagroup.com/ecms-files/1532295521/83f92d1d-d36f-4ecd-a56c-2d3c59cb251a/Alibaba%20Group%20Announces%20March%20Quarter%202025%20and%20Fiscal%20Year%202025%20Results.pdf"", ""type"": ""official_results_pdf""}, {""id"": ""alibaba_fy2024_businesswire"", ""label"": ""Alibaba Group FY2024 results release, Cloud Intelligence Group FY2024/FY2023 tables"", ""url"": ""https://www.businesswire.com/news/home/20240513641121/en/Alibaba-Group-Announces-March-Quarter-2024-and-Fiscal-Year-2024-Results"", ""type"": ""official_results_release""}, {""id"": ""alibaba_ir_financial_results"", ""label"": ""Alibaba Investor Relations earnings and financials index"", ""url"": ""https://www.alibabagroup.com/ir-financial-reports-quarterly-results"", ""type"": ""official_ir_results_index""}]",alibaba_fy2025_pdf;alibaba_fy2024_businesswire;alibaba_ir_financial_results,https://data.alibabagroup.com/ecms-files/1532295521/83f92d1d-d36f-4ecd-a56c-2d3c59cb251a/Alibaba%20Group%20Announces%20March%20Quarter%202025%20and%20Fiscal%20Year%202025%20Results.pdf,direct_segment_non_gaap_profit,收入为 Cloud Intelligence Group 分部收入；利润口径为非 GAAP 调整后 EBITA，不等同 IFRS/GAAP 经营利润。
45,Alibaba Cloud,2023,adjusted_ebita_margin,调整后 EBITA 率,4.0,,percent,4.0,percent,official_derived_from_verified_rows,3,official_report_plus_official_ir_index_crosscheck,"[{""id"": ""alibaba_fy2025_pdf"", ""label"": ""Alibaba Group FY2025 results PDF, Cloud Intelligence Group tables"", ""url"": ""https://data.alibabagroup.com/ecms-files/1532295521/83f92d1d-d36f-4ecd-a56c-2d3c59cb251a/Alibaba%20Group%20Announces%20March%20Quarter%202025%20and%20Fiscal%20Year%202025%20Results.pdf"", ""type"": ""official_results_pdf""}, {""id"": ""alibaba_fy2024_businesswire"", ""label"": ""Alibaba Group FY2024 results release, Cloud Intelligence Group FY2024/FY2023 tables"", ""url"": ""https://www.businesswire.com/news/home/20240513641121/en/Alibaba-Group-Announces-March-Quarter-2024-and-Fiscal-Year-2024-Results"", ""type"": ""official_results_release""}, {""id"": ""alibaba_ir_financial_results"", ""label"": ""Alibaba Investor Relations earnings and financials index"", ""url"": ""https://www.alibabagroup.com/ir-financial-reports-quarterly-results"", ""type"": ""official_ir_results_index""}]",alibaba_fy2025_pdf;alibaba_fy2024_businesswire;alibaba_ir_financial_results,https://data.alibabagroup.com/ecms-files/1532295521/83f92d1d-d36f-4ecd-a56c-2d3c59cb251a/Alibaba%20Group%20Announces%20March%20Quarter%202025%20and%20Fiscal%20Year%202025%20Results.pdf,direct_segment_non_gaap_profit,收入为 Cloud Intelligence Group 分部收入；利润口径为非 GAAP 调整后 EBITA，不等同 IFRS/GAAP 经营利润。
46,Alibaba Cloud,2024,adjusted_ebita_margin,调整后 EBITA 率,5.8,,percent,5.8,percent,official_derived_from_verified_rows,3,official_report_plus_official_ir_index_crosscheck,"[{""id"": ""alibaba_fy2025_pdf"", ""label"": ""Alibaba Group FY2025 results PDF, Cloud Intelligence Group tables"", ""url"": ""https://data.alibabagroup.com/ecms-files/1532295521/83f92d1d-d36f-4ecd-a56c-2d3c59cb251a/Alibaba%20Group%20Announces%20March%20Quarter%202025%20and%20Fiscal%20Year%202025%20Results.pdf"", ""type"": ""official_results_pdf""}, {""id"": ""alibaba_fy2024_businesswire"", ""label"": ""Alibaba Group FY2024 results release, Cloud Intelligence Group FY2024/FY2023 tables"", ""url"": ""https://www.businesswire.com/news/home/20240513641121/en/Alibaba-Group-Announces-March-Quarter-2024-and-Fiscal-Year-2024-Results"", ""type"": ""official_results_release""}, {""id"": ""alibaba_ir_financial_results"", ""label"": ""Alibaba Investor Relations earnings and financials index"", ""url"": ""https://www.alibabagroup.com/ir-financial-reports-quarterly-results"", ""type"": ""official_ir_results_index""}]",alibaba_fy2025_pdf;alibaba_fy2024_businesswire;alibaba_ir_financial_results,https://data.alibabagroup.com/ecms-files/1532295521/83f92d1d-d36f-4ecd-a56c-2d3c59cb251a/Alibaba%20Group%20Announces%20March%20Quarter%202025%20and%20Fiscal%20Year%202025%20Results.pdf,direct_segment_non_gaap_profit,收入为 Cloud Intelligence Group 分部收入；利润口径为非 GAAP 调整后 EBITA，不等同 IFRS/GAAP 经营利润。
47,Alibaba Cloud,2025,adjusted_ebita_margin,调整后 EBITA 率,8.9,,percent,8.9,percent,official_derived_from_verified_rows,3,official_report_plus_official_ir_index_crosscheck,"[{""id"": ""alibaba_fy2025_pdf"", ""label"": ""Alibaba Group FY2025 results PDF, Cloud Intelligence Group tables"", ""url"": ""https://data.alibabagroup.com/ecms-files/1532295521/83f92d1d-d36f-4ecd-a56c-2d3c59cb251a/Alibaba%20Group%20Announces%20March%20Quarter%202025%20and%20Fiscal%20Year%202025%20Results.pdf"", ""type"": ""official_results_pdf""}, {""id"": ""alibaba_fy2024_businesswire"", ""label"": ""Alibaba Group FY2024 results release, Cloud Intelligence Group FY2024/FY2023 tables"", ""url"": ""https://www.businesswire.com/news/home/20240513641121/en/Alibaba-Group-Announces-March-Quarter-2024-and-Fiscal-Year-2024-Results"", ""type"": ""official_results_release""}, {""id"": ""alibaba_ir_financial_results"", ""label"": ""Alibaba Investor Relations earnings and financials index"", ""url"": ""https://www.alibabagroup.com/ir-financial-reports-quarterly-results"", ""type"": ""official_ir_results_index""}]",alibaba_fy2025_pdf;alibaba_fy2024_businesswire;alibaba_ir_financial_results,https://data.alibabagroup.com/ecms-files/1532295521/83f92d1d-d36f-4ecd-a56c-2d3c59cb251a/Alibaba%20Group%20Announces%20March%20Quarter%202025%20and%20Fiscal%20Year%202025%20Results.pdf,direct_segment_non_gaap_profit,收入为 Cloud Intelligence Group 分部收入；利润口径为非 GAAP 调整后 EBITA，不等同 IFRS/GAAP 经营利润。
48,Tencent Cloud / Tencent FBS proxy,2023,proxy_segment_revenue,代理分部收入,203763,RMB,millions,203763,millions,official_match,3,official_report_plus_official_ir_index_crosscheck,"[{""id"": ""tencent_2025_annual_pdf"", ""label"": ""Tencent Holdings 2025 Annual Report, FinTech and Business Services tables"", ""url"": ""https://static.www.tencent.com/uploads/2026/04/09/62d786fcf3d3c8cb7e54791ee95439ac.pdf"", ""type"": ""official_annual_report_pdf""}, {""id"": ""tencent_2024_annual_pdf"", ""label"": ""Tencent Holdings 2024 Annual Report, FinTech and Business Services tables"", ""url"": ""https://static.www.tencent.com/uploads/2025/04/08/1132b72b565389d1b913aea60a648d73.pdf"", ""type"": ""official_annual_report_pdf""}, {""id"": ""tencent_ir_financial_reports"", ""label"": ""Tencent Investor Relations financial reports index"", ""url"": ""https://www.tencent.com/en-us/investors/financial-reports.html"", ""type"": ""official_ir_report_index""}]",tencent_2025_annual_pdf;tencent_2024_annual_pdf;tencent_ir_financial_reports,https://static.www.tencent.com/uploads/2026/04/09/62d786fcf3d3c8cb7e54791ee95439ac.pdf,proxy_segment,腾讯未单独披露 Tencent Cloud 收入；以下采用 FinTech and Business Services 代理分部，含金融科技、企业服务、微信生态服务和云，不能视作纯云收入。
49,Tencent Cloud / Tencent FBS proxy,2024,proxy_segment_revenue,代理分部收入,211956,RMB,millions,211956,millions,official_match,3,official_report_plus_official_ir_index_crosscheck,"[{""id"": ""tencent_2025_annual_pdf"", ""label"": ""Tencent Holdings 2025 Annual Report, FinTech and Business Services tables"", ""url"": ""https://static.www.tencent.com/uploads/2026/04/09/62d786fcf3d3c8cb7e54791ee95439ac.pdf"", ""type"": ""official_annual_report_pdf""}, {""id"": ""tencent_2024_annual_pdf"", ""label"": ""Tencent Holdings 2024 Annual Report, FinTech and Business Services tables"", ""url"": ""https://static.www.tencent.com/uploads/2025/04/08/1132b72b565389d1b913aea60a648d73.pdf"", ""type"": ""official_annual_report_pdf""}, {""id"": ""tencent_ir_financial_reports"", ""label"": ""Tencent Investor Relations financial reports index"", ""url"": ""https://www.tencent.com/en-us/investors/financial-reports.html"", ""type"": ""official_ir_report_index""}]",tencent_2025_annual_pdf;tencent_2024_annual_pdf;tencent_ir_financial_reports,https://static.www.tencent.com/uploads/2026/04/09/62d786fcf3d3c8cb7e54791ee95439ac.pdf,proxy_segment,腾讯未单独披露 Tencent Cloud 收入；以下采用 FinTech and Business Services 代理分部，含金融科技、企业服务、微信生态服务和云，不能视作纯云收入。
50,Tencent Cloud / Tencent FBS proxy,2025,proxy_segment_revenue,代理分部收入,229435,RMB,millions,229435,millions,official_match,3,official_report_plus_official_ir_index_crosscheck,"[{""id"": ""tencent_2025_annual_pdf"", ""label"": ""Tencent Holdings 2025 Annual Report, FinTech and Business Services tables"", ""url"": ""https://static.www.tencent.com/uploads/2026/04/09/62d786fcf3d3c8cb7e54791ee95439ac.pdf"", ""type"": ""official_annual_report_pdf""}, {""id"": ""tencent_2024_annual_pdf"", ""label"": ""Tencent Holdings 2024 Annual Report, FinTech and Business Services tables"", ""url"": ""https://static.www.tencent.com/uploads/2025/04/08/1132b72b565389d1b913aea60a648d73.pdf"", ""type"": ""official_annual_report_pdf""}, {""id"": ""tencent_ir_financial_reports"", ""label"": ""Tencent Investor Relations financial reports index"", ""url"": ""https://www.tencent.com/en-us/investors/financial-reports.html"", ""type"": ""official_ir_report_index""}]",tencent_2025_annual_pdf;tencent_2024_annual_pdf;tencent_ir_financial_reports,https://static.www.tencent.com/uploads/2026/04/09/62d786fcf3d3c8cb7e54791ee95439ac.pdf,proxy_segment,腾讯未单独披露 Tencent Cloud 收入；以下采用 FinTech and Business Services 代理分部，含金融科技、企业服务、微信生态服务和云，不能视作纯云收入。
51,Tencent Cloud / Tencent FBS proxy,2023,proxy_segment_gross_profit,代理分部毛利,80636,RMB,millions,80636,millions,official_match,3,official_report_plus_official_ir_index_crosscheck,"[{""id"": ""tencent_2025_annual_pdf"", ""label"": ""Tencent Holdings 2025 Annual Report, FinTech and Business Services tables"", ""url"": ""https://static.www.tencent.com/uploads/2026/04/09/62d786fcf3d3c8cb7e54791ee95439ac.pdf"", ""type"": ""official_annual_report_pdf""}, {""id"": ""tencent_2024_annual_pdf"", ""label"": ""Tencent Holdings 2024 Annual Report, FinTech and Business Services tables"", ""url"": ""https://static.www.tencent.com/uploads/2025/04/08/1132b72b565389d1b913aea60a648d73.pdf"", ""type"": ""official_annual_report_pdf""}, {""id"": ""tencent_ir_financial_reports"", ""label"": ""Tencent Investor Relations financial reports index"", ""url"": ""https://www.tencent.com/en-us/investors/financial-reports.html"", ""type"": ""official_ir_report_index""}]",tencent_2025_annual_pdf;tencent_2024_annual_pdf;tencent_ir_financial_reports,https://static.www.tencent.com/uploads/2026/04/09/62d786fcf3d3c8cb7e54791ee95439ac.pdf,proxy_segment,腾讯未单独披露 Tencent Cloud 收入；以下采用 FinTech and Business Services 代理分部，含金融科技、企业服务、微信生态服务和云，不能视作纯云收入。
52,Tencent Cloud / Tencent FBS proxy,2024,proxy_segment_gross_profit,代理分部毛利,99701,RMB,millions,99701,millions,official_match,3,official_report_plus_official_ir_index_crosscheck,"[{""id"": ""tencent_2025_annual_pdf"", ""label"": ""Tencent Holdings 2025 Annual Report, FinTech and Business Services tables"", ""url"": ""https://static.www.tencent.com/uploads/2026/04/09/62d786fcf3d3c8cb7e54791ee95439ac.pdf"", ""type"": ""official_annual_report_pdf""}, {""id"": ""tencent_2024_annual_pdf"", ""label"": ""Tencent Holdings 2024 Annual Report, FinTech and Business Services tables"", ""url"": ""https://static.www.tencent.com/uploads/2025/04/08/1132b72b565389d1b913aea60a648d73.pdf"", ""type"": ""official_annual_report_pdf""}, {""id"": ""tencent_ir_financial_reports"", ""label"": ""Tencent Investor Relations financial reports index"", ""url"": ""https://www.tencent.com/en-us/investors/financial-reports.html"", ""type"": ""official_ir_report_index""}]",tencent_2025_annual_pdf;tencent_2024_annual_pdf;tencent_ir_financial_reports,https://static.www.tencent.com/uploads/2026/04/09/62d786fcf3d3c8cb7e54791ee95439ac.pdf,proxy_segment,腾讯未单独披露 Tencent Cloud 收入；以下采用 FinTech and Business Services 代理分部，含金融科技、企业服务、微信生态服务和云，不能视作纯云收入。
53,Tencent Cloud / Tencent FBS proxy,2025,proxy_segment_gross_profit,代理分部毛利,116616,RMB,millions,116616,millions,official_match,3,official_report_plus_official_ir_index_crosscheck,"[{""id"": ""tencent_2025_annual_pdf"", ""label"": ""Tencent Holdings 2025 Annual Report, FinTech and Business Services tables"", ""url"": ""https://static.www.tencent.com/uploads/2026/04/09/62d786fcf3d3c8cb7e54791ee95439ac.pdf"", ""type"": ""official_annual_report_pdf""}, {""id"": ""tencent_2024_annual_pdf"", ""label"": ""Tencent Holdings 2024 Annual Report, FinTech and Business Services tables"", ""url"": ""https://static.www.tencent.com/uploads/2025/04/08/1132b72b565389d1b913aea60a648d73.pdf"", ""type"": ""official_annual_report_pdf""}, {""id"": ""tencent_ir_financial_reports"", ""label"": ""Tencent Investor Relations financial reports index"", ""url"": ""https://www.tencent.com/en-us/investors/financial-reports.html"", ""type"": ""official_ir_report_index""}]",tencent_2025_annual_pdf;tencent_2024_annual_pdf;tencent_ir_financial_reports,https://static.www.tencent.com/uploads/2026/04/09/62d786fcf3d3c8cb7e54791ee95439ac.pdf,proxy_segment,腾讯未单独披露 Tencent Cloud 收入；以下采用 FinTech and Business Services 代理分部，含金融科技、企业服务、微信生态服务和云，不能视作纯云收入。
54,Tencent Cloud / Tencent FBS proxy,2023,proxy_segment_gross_margin,代理分部毛利率,40.0,,percent,40.0,percent,official_derived_from_verified_rows,3,official_report_plus_official_ir_index_crosscheck,"[{""id"": ""tencent_2025_annual_pdf"", ""label"": ""Tencent Holdings 2025 Annual Report, FinTech and Business Services tables"", ""url"": ""https://static.www.tencent.com/uploads/2026/04/09/62d786fcf3d3c8cb7e54791ee95439ac.pdf"", ""type"": ""official_annual_report_pdf""}, {""id"": ""tencent_2024_annual_pdf"", ""label"": ""Tencent Holdings 2024 Annual Report, FinTech and Business Services tables"", ""url"": ""https://static.www.tencent.com/uploads/2025/04/08/1132b72b565389d1b913aea60a648d73.pdf"", ""type"": ""official_annual_report_pdf""}, {""id"": ""tencent_ir_financial_reports"", ""label"": ""Tencent Investor Relations financial reports index"", ""url"": ""https://www.tencent.com/en-us/investors/financial-reports.html"", ""type"": ""official_ir_report_index""}]",tencent_2025_annual_pdf;tencent_2024_annual_pdf;tencent_ir_financial_reports,https://static.www.tencent.com/uploads/2026/04/09/62d786fcf3d3c8cb7e54791ee95439ac.pdf,proxy_segment,腾讯未单独披露 Tencent Cloud 收入；以下采用 FinTech and Business Services 代理分部，含金融科技、企业服务、微信生态服务和云，不能视作纯云收入。
55,Tencent Cloud / Tencent FBS proxy,2024,proxy_segment_gross_margin,代理分部毛利率,47.0,,percent,47.0,percent,official_derived_from_verified_rows,3,official_report_plus_official_ir_index_crosscheck,"[{""id"": ""tencent_2025_annual_pdf"", ""label"": ""Tencent Holdings 2025 Annual Report, FinTech and Business Services tables"", ""url"": ""https://static.www.tencent.com/uploads/2026/04/09/62d786fcf3d3c8cb7e54791ee95439ac.pdf"", ""type"": ""official_annual_report_pdf""}, {""id"": ""tencent_2024_annual_pdf"", ""label"": ""Tencent Holdings 2024 Annual Report, FinTech and Business Services tables"", ""url"": ""https://static.www.tencent.com/uploads/2025/04/08/1132b72b565389d1b913aea60a648d73.pdf"", ""type"": ""official_annual_report_pdf""}, {""id"": ""tencent_ir_financial_reports"", ""label"": ""Tencent Investor Relations financial reports index"", ""url"": ""https://www.tencent.com/en-us/investors/financial-reports.html"", ""type"": ""official_ir_report_index""}]",tencent_2025_annual_pdf;tencent_2024_annual_pdf;tencent_ir_financial_reports,https://static.www.tencent.com/uploads/2026/04/09/62d786fcf3d3c8cb7e54791ee95439ac.pdf,proxy_segment,腾讯未单独披露 Tencent Cloud 收入；以下采用 FinTech and Business Services 代理分部，含金融科技、企业服务、微信生态服务和云，不能视作纯云收入。
56,Tencent Cloud / Tencent FBS proxy,2025,proxy_segment_gross_margin,代理分部毛利率,51.0,,percent,51.0,percent,official_derived_from_verified_rows,3,official_report_plus_official_ir_index_crosscheck,"[{""id"": ""tencent_2025_annual_pdf"", ""label"": ""Tencent Holdings 2025 Annual Report, FinTech and Business Services tables"", ""url"": ""https://static.www.tencent.com/uploads/2026/04/09/62d786fcf3d3c8cb7e54791ee95439ac.pdf"", ""type"": ""official_annual_report_pdf""}, {""id"": ""tencent_2024_annual_pdf"", ""label"": ""Tencent Holdings 2024 Annual Report, FinTech and Business Services tables"", ""url"": ""https://static.www.tencent.com/uploads/2025/04/08/1132b72b565389d1b913aea60a648d73.pdf"", ""type"": ""official_annual_report_pdf""}, {""id"": ""tencent_ir_financial_reports"", ""label"": ""Tencent Investor Relations financial reports index"", ""url"": ""https://www.tencent.com/en-us/investors/financial-reports.html"", ""type"": ""official_ir_report_index""}]",tencent_2025_annual_pdf;tencent_2024_annual_pdf;tencent_ir_financial_reports,https://static.www.tencent.com/uploads/2026/04/09/62d786fcf3d3c8cb7e54791ee95439ac.pdf,proxy_segment,腾讯未单独披露 Tencent Cloud 收入；以下采用 FinTech and Business Services 代理分部，含金融科技、企业服务、微信生态服务和云，不能视作纯云收入。
57,Tencent Cloud / Tencent FBS proxy,2024,revenue_yoy,收入同比增长,4.0,,percent,4.0,percent,official_derived_from_verified_rows,3,official_report_plus_official_ir_index_crosscheck,"[{""id"": ""tencent_2025_annual_pdf"", ""label"": ""Tencent Holdings 2025 Annual Report, FinTech and Business Services tables"", ""url"": ""https://static.www.tencent.com/uploads/2026/04/09/62d786fcf3d3c8cb7e54791ee95439ac.pdf"", ""type"": ""official_annual_report_pdf""}, {""id"": ""tencent_2024_annual_pdf"", ""label"": ""Tencent Holdings 2024 Annual Report, FinTech and Business Services tables"", ""url"": ""https://static.www.tencent.com/uploads/2025/04/08/1132b72b565389d1b913aea60a648d73.pdf"", ""type"": ""official_annual_report_pdf""}, {""id"": ""tencent_ir_financial_reports"", ""label"": ""Tencent Investor Relations financial reports index"", ""url"": ""https://www.tencent.com/en-us/investors/financial-reports.html"", ""type"": ""official_ir_report_index""}]",tencent_2025_annual_pdf;tencent_2024_annual_pdf;tencent_ir_financial_reports,https://static.www.tencent.com/uploads/2026/04/09/62d786fcf3d3c8cb7e54791ee95439ac.pdf,proxy_segment,腾讯未单独披露 Tencent Cloud 收入；以下采用 FinTech and Business Services 代理分部，含金融科技、企业服务、微信生态服务和云，不能视作纯云收入。
58,Tencent Cloud / Tencent FBS proxy,2025,revenue_yoy,收入同比增长,8.2,,percent,8.2,percent,official_derived_from_verified_rows,3,official_report_plus_official_ir_index_crosscheck,"[{""id"": ""tencent_2025_annual_pdf"", ""label"": ""Tencent Holdings 2025 Annual Report, FinTech and Business Services tables"", ""url"": ""https://static.www.tencent.com/uploads/2026/04/09/62d786fcf3d3c8cb7e54791ee95439ac.pdf"", ""type"": ""official_annual_report_pdf""}, {""id"": ""tencent_2024_annual_pdf"", ""label"": ""Tencent Holdings 2024 Annual Report, FinTech and Business Services tables"", ""url"": ""https://static.www.tencent.com/uploads/2025/04/08/1132b72b565389d1b913aea60a648d73.pdf"", ""type"": ""official_annual_report_pdf""}, {""id"": ""tencent_ir_financial_reports"", ""label"": ""Tencent Investor Relations financial reports index"", ""url"": ""https://www.tencent.com/en-us/investors/financial-reports.html"", ""type"": ""official_ir_report_index""}]",tencent_2025_annual_pdf;tencent_2024_annual_pdf;tencent_ir_financial_reports,https://static.www.tencent.com/uploads/2026/04/09/62d786fcf3d3c8cb7e54791ee95439ac.pdf,proxy_segment,腾讯未单独披露 Tencent Cloud 收入；以下采用 FinTech and Business Services 代理分部，含金融科技、企业服务、微信生态服务和云，不能视作纯云收入。
59,Huawei Cloud / Cloud Computing,2023,cloud_revenue,云收入/云相关分部收入,35514,CNY,millions,35514,millions,official_match,3,official_report_plus_official_ir_index_crosscheck,"[{""id"": ""huawei_2025_annual"", ""label"": ""Huawei 2025 Annual Report, Cloud Computing business segment table"", ""url"": ""https://www.huawei.com/en/annual-report/2025"", ""type"": ""official_annual_report""}, {""id"": ""huawei_2024_annual"", ""label"": ""Huawei 2024 Annual Report, Cloud Computing business segment table"", ""url"": ""https://www.huawei.com/en/annual-report/2024"", ""type"": ""official_annual_report""}, {""id"": ""huawei_annual_report_index"", ""label"": ""Huawei annual report index"", ""url"": ""https://www.huawei.com/en/annual-report"", ""type"": ""official_report_index""}]",huawei_2025_annual;huawei_2024_annual;huawei_annual_report_index,https://www.huawei.com/en/annual-report/2025,segment_with_reclassification,"华为 2025 年报将 2024 云计算分部收入重述为 33,325 百万元，而 2024 年报原披露 2024 为 38,523 百万元、2023 为 35,514 百万元；跨年趋势必须说明重分类影响。"
60,Huawei Cloud / Cloud Computing,2024,cloud_revenue,云收入/云相关分部收入,33325,CNY,millions,33325,millions,official_match,3,official_report_plus_official_ir_index_crosscheck,"[{""id"": ""huawei_2025_annual"", ""label"": ""Huawei 2025 Annual Report, Cloud Computing business segment table"", ""url"": ""https://www.huawei.com/en/annual-report/2025"", ""type"": ""official_annual_report""}, {""id"": ""huawei_2024_annual"", ""label"": ""Huawei 2024 Annual Report, Cloud Computing business segment table"", ""url"": ""https://www.huawei.com/en/annual-report/2024"", ""type"": ""official_annual_report""}, {""id"": ""huawei_annual_report_index"", ""label"": ""Huawei annual report index"", ""url"": ""https://www.huawei.com/en/annual-report"", ""type"": ""official_report_index""}]",huawei_2025_annual;huawei_2024_annual;huawei_annual_report_index,https://www.huawei.com/en/annual-report/2025,segment_with_reclassification,"华为 2025 年报将 2024 云计算分部收入重述为 33,325 百万元，而 2024 年报原披露 2024 为 38,523 百万元、2023 为 35,514 百万元；跨年趋势必须说明重分类影响。"
61,Huawei Cloud / Cloud Computing,2025,cloud_revenue,云收入/云相关分部收入,32161,CNY,millions,32161,millions,official_match,3,official_report_plus_official_ir_index_crosscheck,"[{""id"": ""huawei_2025_annual"", ""label"": ""Huawei 2025 Annual Report, Cloud Computing business segment table"", ""url"": ""https://www.huawei.com/en/annual-report/2025"", ""type"": ""official_annual_report""}, {""id"": ""huawei_2024_annual"", ""label"": ""Huawei 2024 Annual Report, Cloud Computing business segment table"", ""url"": ""https://www.huawei.com/en/annual-report/2024"", ""type"": ""official_annual_report""}, {""id"": ""huawei_annual_report_index"", ""label"": ""Huawei annual report index"", ""url"": ""https://www.huawei.com/en/annual-report"", ""type"": ""official_report_index""}]",huawei_2025_annual;huawei_2024_annual;huawei_annual_report_index,https://www.huawei.com/en/annual-report/2025,segment_with_reclassification,"华为 2025 年报将 2024 云计算分部收入重述为 33,325 百万元，而 2024 年报原披露 2024 为 38,523 百万元、2023 为 35,514 百万元；跨年趋势必须说明重分类影响。"
62,Huawei Cloud / Cloud Computing,2023,cloud_including_other_segments_revenue,含其他分部的云计算业务收入,,CNY,millions,,millions,source_gap_confirmed,3,official_report_plus_official_ir_index_crosscheck,"[{""id"": ""huawei_2025_annual"", ""label"": ""Huawei 2025 Annual Report, Cloud Computing business segment table"", ""url"": ""https://www.huawei.com/en/annual-report/2025"", ""type"": ""official_annual_report""}, {""id"": ""huawei_2024_annual"", ""label"": ""Huawei 2024 Annual Report, Cloud Computing business segment table"", ""url"": ""https://www.huawei.com/en/annual-report/2024"", ""type"": ""official_annual_report""}, {""id"": ""huawei_annual_report_index"", ""label"": ""Huawei annual report index"", ""url"": ""https://www.huawei.com/en/annual-report"", ""type"": ""official_report_index""}]",huawei_2025_annual;huawei_2024_annual;huawei_annual_report_index,https://www.huawei.com/en/annual-report/2025,segment_with_reclassification,"华为 2025 年报将 2024 云计算分部收入重述为 33,325 百万元，而 2024 年报原披露 2024 为 38,523 百万元、2023 为 35,514 百万元；跨年趋势必须说明重分类影响。"
63,Huawei Cloud / Cloud Computing,2024,cloud_including_other_segments_revenue,含其他分部的云计算业务收入,68801,CNY,millions,68801,millions,official_match,3,official_report_plus_official_ir_index_crosscheck,"[{""id"": ""huawei_2025_annual"", ""label"": ""Huawei 2025 Annual Report, Cloud Computing business segment table"", ""url"": ""https://www.huawei.com/en/annual-report/2025"", ""type"": ""official_annual_report""}, {""id"": ""huawei_2024_annual"", ""label"": ""Huawei 2024 Annual Report, Cloud Computing business segment table"", ""url"": ""https://www.huawei.com/en/annual-report/2024"", ""type"": ""official_annual_report""}, {""id"": ""huawei_annual_report_index"", ""label"": ""Huawei annual report index"", ""url"": ""https://www.huawei.com/en/annual-report"", ""type"": ""official_report_index""}]",huawei_2025_annual;huawei_2024_annual;huawei_annual_report_index,https://www.huawei.com/en/annual-report/2025,segment_with_reclassification,"华为 2025 年报将 2024 云计算分部收入重述为 33,325 百万元，而 2024 年报原披露 2024 为 38,523 百万元、2023 为 35,514 百万元；跨年趋势必须说明重分类影响。"
64,Huawei Cloud / Cloud Computing,2025,cloud_including_other_segments_revenue,含其他分部的云计算业务收入,72075,CNY,millions,72075,millions,official_match,3,official_report_plus_official_ir_index_crosscheck,"[{""id"": ""huawei_2025_annual"", ""label"": ""Huawei 2025 Annual Report, Cloud Computing business segment table"", ""url"": ""https://www.huawei.com/en/annual-report/2025"", ""type"": ""official_annual_report""}, {""id"": ""huawei_2024_annual"", ""label"": ""Huawei 2024 Annual Report, Cloud Computing business segment table"", ""url"": ""https://www.huawei.com/en/annual-report/2024"", ""type"": ""official_annual_report""}, {""id"": ""huawei_annual_report_index"", ""label"": ""Huawei annual report index"", ""url"": ""https://www.huawei.com/en/annual-report"", ""type"": ""official_report_index""}]",huawei_2025_annual;huawei_2024_annual;huawei_annual_report_index,https://www.huawei.com/en/annual-report/2025,segment_with_reclassification,"华为 2025 年报将 2024 云计算分部收入重述为 33,325 百万元，而 2024 年报原披露 2024 为 38,523 百万元、2023 为 35,514 百万元；跨年趋势必须说明重分类影响。"
65,Huawei Cloud / Cloud Computing,2024,revenue_yoy,收入同比增长,,,percent,,percent,source_gap_confirmed,3,official_report_plus_official_ir_index_crosscheck,"[{""id"": ""huawei_2025_annual"", ""label"": ""Huawei 2025 Annual Report, Cloud Computing business segment table"", ""url"": ""https://www.huawei.com/en/annual-report/2025"", ""type"": ""official_annual_report""}, {""id"": ""huawei_2024_annual"", ""label"": ""Huawei 2024 Annual Report, Cloud Computing business segment table"", ""url"": ""https://www.huawei.com/en/annual-report/2024"", ""type"": ""official_annual_report""}, {""id"": ""huawei_annual_report_index"", ""label"": ""Huawei annual report index"", ""url"": ""https://www.huawei.com/en/annual-report"", ""type"": ""official_report_index""}]",huawei_2025_annual;huawei_2024_annual;huawei_annual_report_index,https://www.huawei.com/en/annual-report/2025,segment_with_reclassification,"华为 2025 年报将 2024 云计算分部收入重述为 33,325 百万元，而 2024 年报原披露 2024 为 38,523 百万元、2023 为 35,514 百万元；跨年趋势必须说明重分类影响。"
66,Huawei Cloud / Cloud Computing,2025,revenue_yoy,收入同比增长,-3.5,,percent,-3.5,percent,official_derived_from_verified_rows,3,official_report_plus_official_ir_index_crosscheck,"[{""id"": ""huawei_2025_annual"", ""label"": ""Huawei 2025 Annual Report, Cloud Computing business segment table"", ""url"": ""https://www.huawei.com/en/annual-report/2025"", ""type"": ""official_annual_report""}, {""id"": ""huawei_2024_annual"", ""label"": ""Huawei 2024 Annual Report, Cloud Computing business segment table"", ""url"": ""https://www.huawei.com/en/annual-report/2024"", ""type"": ""official_annual_report""}, {""id"": ""huawei_annual_report_index"", ""label"": ""Huawei annual report index"", ""url"": ""https://www.huawei.com/en/annual-report"", ""type"": ""official_report_index""}]",huawei_2025_annual;huawei_2024_annual;huawei_annual_report_index,https://www.huawei.com/en/annual-report/2025,segment_with_reclassification,"华为 2025 年报将 2024 云计算分部收入重述为 33,325 百万元，而 2024 年报原披露 2024 为 38,523 百万元、2023 为 35,514 百万元；跨年趋势必须说明重分类影响。"
67,Oracle Cloud,2023,cloud_revenue,云收入/云相关分部收入,15881,USD,millions,15881,millions,official_match,2,official_report_plus_official_ir_index_crosscheck,"[{""id"": ""oracle_2025_10k"", ""label"": ""Oracle FY2025 Form 10-K, cloud services and cloud/license tables"", ""url"": ""https://www.sec.gov/Archives/edgar/data/1341439/000095017025087926/orcl-20250531.htm"", ""type"": ""official_10k""}, {""id"": ""oracle_ir_sec_filings"", ""label"": ""Oracle Investor Relations SEC filings index"", ""url"": ""https://investor.oracle.com/sec-filings/default.aspx"", ""type"": ""official_ir_filings_index""}]",oracle_2025_10k;oracle_ir_sec_filings,https://www.sec.gov/Archives/edgar/data/1341439/000095017025087926/orcl-20250531.htm,direct_product_line_and_segment,Oracle 直接披露 Cloud services 产品线收入；Cloud and license 分部利润包含云服务、许可证支持和本地许可证。
68,Oracle Cloud,2024,cloud_revenue,云收入/云相关分部收入,19774,USD,millions,19774,millions,official_match,2,official_report_plus_official_ir_index_crosscheck,"[{""id"": ""oracle_2025_10k"", ""label"": ""Oracle FY2025 Form 10-K, cloud services and cloud/license tables"", ""url"": ""https://www.sec.gov/Archives/edgar/data/1341439/000095017025087926/orcl-20250531.htm"", ""type"": ""official_10k""}, {""id"": ""oracle_ir_sec_filings"", ""label"": ""Oracle Investor Relations SEC filings index"", ""url"": ""https://investor.oracle.com/sec-filings/default.aspx"", ""type"": ""official_ir_filings_index""}]",oracle_2025_10k;oracle_ir_sec_filings,https://www.sec.gov/Archives/edgar/data/1341439/000095017025087926/orcl-20250531.htm,direct_product_line_and_segment,Oracle 直接披露 Cloud services 产品线收入；Cloud and license 分部利润包含云服务、许可证支持和本地许可证。
69,Oracle Cloud,2025,cloud_revenue,云收入/云相关分部收入,24506,USD,millions,24506,millions,official_match,2,official_report_plus_official_ir_index_crosscheck,"[{""id"": ""oracle_2025_10k"", ""label"": ""Oracle FY2025 Form 10-K, cloud services and cloud/license tables"", ""url"": ""https://www.sec.gov/Archives/edgar/data/1341439/000095017025087926/orcl-20250531.htm"", ""type"": ""official_10k""}, {""id"": ""oracle_ir_sec_filings"", ""label"": ""Oracle Investor Relations SEC filings index"", ""url"": ""https://investor.oracle.com/sec-filings/default.aspx"", ""type"": ""official_ir_filings_index""}]",oracle_2025_10k;oracle_ir_sec_filings,https://www.sec.gov/Archives/edgar/data/1341439/000095017025087926/orcl-20250531.htm,direct_product_line_and_segment,Oracle 直接披露 Cloud services 产品线收入；Cloud and license 分部利润包含云服务、许可证支持和本地许可证。
70,Oracle Cloud,2023,cloud_services_license_support_revenue,云服务与许可证支持收入,35307,USD,millions,35307,millions,official_match,2,official_report_plus_official_ir_index_crosscheck,"[{""id"": ""oracle_2025_10k"", ""label"": ""Oracle FY2025 Form 10-K, cloud services and cloud/license tables"", ""url"": ""https://www.sec.gov/Archives/edgar/data/1341439/000095017025087926/orcl-20250531.htm"", ""type"": ""official_10k""}, {""id"": ""oracle_ir_sec_filings"", ""label"": ""Oracle Investor Relations SEC filings index"", ""url"": ""https://investor.oracle.com/sec-filings/default.aspx"", ""type"": ""official_ir_filings_index""}]",oracle_2025_10k;oracle_ir_sec_filings,https://www.sec.gov/Archives/edgar/data/1341439/000095017025087926/orcl-20250531.htm,direct_product_line_and_segment,Oracle 直接披露 Cloud services 产品线收入；Cloud and license 分部利润包含云服务、许可证支持和本地许可证。
71,Oracle Cloud,2024,cloud_services_license_support_revenue,云服务与许可证支持收入,39383,USD,millions,39383,millions,official_match,2,official_report_plus_official_ir_index_crosscheck,"[{""id"": ""oracle_2025_10k"", ""label"": ""Oracle FY2025 Form 10-K, cloud services and cloud/license tables"", ""url"": ""https://www.sec.gov/Archives/edgar/data/1341439/000095017025087926/orcl-20250531.htm"", ""type"": ""official_10k""}, {""id"": ""oracle_ir_sec_filings"", ""label"": ""Oracle Investor Relations SEC filings index"", ""url"": ""https://investor.oracle.com/sec-filings/default.aspx"", ""type"": ""official_ir_filings_index""}]",oracle_2025_10k;oracle_ir_sec_filings,https://www.sec.gov/Archives/edgar/data/1341439/000095017025087926/orcl-20250531.htm,direct_product_line_and_segment,Oracle 直接披露 Cloud services 产品线收入；Cloud and license 分部利润包含云服务、许可证支持和本地许可证。
72,Oracle Cloud,2025,cloud_services_license_support_revenue,云服务与许可证支持收入,44029,USD,millions,44029,millions,official_match,2,official_report_plus_official_ir_index_crosscheck,"[{""id"": ""oracle_2025_10k"", ""label"": ""Oracle FY2025 Form 10-K, cloud services and cloud/license tables"", ""url"": ""https://www.sec.gov/Archives/edgar/data/1341439/000095017025087926/orcl-20250531.htm"", ""type"": ""official_10k""}, {""id"": ""oracle_ir_sec_filings"", ""label"": ""Oracle Investor Relations SEC filings index"", ""url"": ""https://investor.oracle.com/sec-filings/default.aspx"", ""type"": ""official_ir_filings_index""}]",oracle_2025_10k;oracle_ir_sec_filings,https://www.sec.gov/Archives/edgar/data/1341439/000095017025087926/orcl-20250531.htm,direct_product_line_and_segment,Oracle 直接披露 Cloud services 产品线收入；Cloud and license 分部利润包含云服务、许可证支持和本地许可证。
73,Oracle Cloud,2023,cloud_and_license_revenue,云与许可证收入,41086,USD,millions,41086,millions,official_match,2,official_report_plus_official_ir_index_crosscheck,"[{""id"": ""oracle_2025_10k"", ""label"": ""Oracle FY2025 Form 10-K, cloud services and cloud/license tables"", ""url"": ""https://www.sec.gov/Archives/edgar/data/1341439/000095017025087926/orcl-20250531.htm"", ""type"": ""official_10k""}, {""id"": ""oracle_ir_sec_filings"", ""label"": ""Oracle Investor Relations SEC filings index"", ""url"": ""https://investor.oracle.com/sec-filings/default.aspx"", ""type"": ""official_ir_filings_index""}]",oracle_2025_10k;oracle_ir_sec_filings,https://www.sec.gov/Archives/edgar/data/1341439/000095017025087926/orcl-20250531.htm,direct_product_line_and_segment,Oracle 直接披露 Cloud services 产品线收入；Cloud and license 分部利润包含云服务、许可证支持和本地许可证。
74,Oracle Cloud,2024,cloud_and_license_revenue,云与许可证收入,44464,USD,millions,44464,millions,official_match,2,official_report_plus_official_ir_index_crosscheck,"[{""id"": ""oracle_2025_10k"", ""label"": ""Oracle FY2025 Form 10-K, cloud services and cloud/license tables"", ""url"": ""https://www.sec.gov/Archives/edgar/data/1341439/000095017025087926/orcl-20250531.htm"", ""type"": ""official_10k""}, {""id"": ""oracle_ir_sec_filings"", ""label"": ""Oracle Investor Relations SEC filings index"", ""url"": ""https://investor.oracle.com/sec-filings/default.aspx"", ""type"": ""official_ir_filings_index""}]",oracle_2025_10k;oracle_ir_sec_filings,https://www.sec.gov/Archives/edgar/data/1341439/000095017025087926/orcl-20250531.htm,direct_product_line_and_segment,Oracle 直接披露 Cloud services 产品线收入；Cloud and license 分部利润包含云服务、许可证支持和本地许可证。
75,Oracle Cloud,2025,cloud_and_license_revenue,云与许可证收入,49230,USD,millions,49230,millions,official_match,2,official_report_plus_official_ir_index_crosscheck,"[{""id"": ""oracle_2025_10k"", ""label"": ""Oracle FY2025 Form 10-K, cloud services and cloud/license tables"", ""url"": ""https://www.sec.gov/Archives/edgar/data/1341439/000095017025087926/orcl-20250531.htm"", ""type"": ""official_10k""}, {""id"": ""oracle_ir_sec_filings"", ""label"": ""Oracle Investor Relations SEC filings index"", ""url"": ""https://investor.oracle.com/sec-filings/default.aspx"", ""type"": ""official_ir_filings_index""}]",oracle_2025_10k;oracle_ir_sec_filings,https://www.sec.gov/Archives/edgar/data/1341439/000095017025087926/orcl-20250531.htm,direct_product_line_and_segment,Oracle 直接披露 Cloud services 产品线收入；Cloud and license 分部利润包含云服务、许可证支持和本地许可证。
76,Oracle Cloud,2023,cloud_and_license_margin,云与许可证分部利润,26126,USD,millions,26126,millions,official_match,2,official_report_plus_official_ir_index_crosscheck,"[{""id"": ""oracle_2025_10k"", ""label"": ""Oracle FY2025 Form 10-K, cloud services and cloud/license tables"", ""url"": ""https://www.sec.gov/Archives/edgar/data/1341439/000095017025087926/orcl-20250531.htm"", ""type"": ""official_10k""}, {""id"": ""oracle_ir_sec_filings"", ""label"": ""Oracle Investor Relations SEC filings index"", ""url"": ""https://investor.oracle.com/sec-filings/default.aspx"", ""type"": ""official_ir_filings_index""}]",oracle_2025_10k;oracle_ir_sec_filings,https://www.sec.gov/Archives/edgar/data/1341439/000095017025087926/orcl-20250531.htm,direct_product_line_and_segment,Oracle 直接披露 Cloud services 产品线收入；Cloud and license 分部利润包含云服务、许可证支持和本地许可证。
77,Oracle Cloud,2024,cloud_and_license_margin,云与许可证分部利润,28514,USD,millions,28514,millions,official_match,2,official_report_plus_official_ir_index_crosscheck,"[{""id"": ""oracle_2025_10k"", ""label"": ""Oracle FY2025 Form 10-K, cloud services and cloud/license tables"", ""url"": ""https://www.sec.gov/Archives/edgar/data/1341439/000095017025087926/orcl-20250531.htm"", ""type"": ""official_10k""}, {""id"": ""oracle_ir_sec_filings"", ""label"": ""Oracle Investor Relations SEC filings index"", ""url"": ""https://investor.oracle.com/sec-filings/default.aspx"", ""type"": ""official_ir_filings_index""}]",oracle_2025_10k;oracle_ir_sec_filings,https://www.sec.gov/Archives/edgar/data/1341439/000095017025087926/orcl-20250531.htm,direct_product_line_and_segment,Oracle 直接披露 Cloud services 产品线收入；Cloud and license 分部利润包含云服务、许可证支持和本地许可证。
78,Oracle Cloud,2025,cloud_and_license_margin,云与许可证分部利润,30930,USD,millions,30930,millions,official_match,2,official_report_plus_official_ir_index_crosscheck,"[{""id"": ""oracle_2025_10k"", ""label"": ""Oracle FY2025 Form 10-K, cloud services and cloud/license tables"", ""url"": ""https://www.sec.gov/Archives/edgar/data/1341439/000095017025087926/orcl-20250531.htm"", ""type"": ""official_10k""}, {""id"": ""oracle_ir_sec_filings"", ""label"": ""Oracle Investor Relations SEC filings index"", ""url"": ""https://investor.oracle.com/sec-filings/default.aspx"", ""type"": ""official_ir_filings_index""}]",oracle_2025_10k;oracle_ir_sec_filings,https://www.sec.gov/Archives/edgar/data/1341439/000095017025087926/orcl-20250531.htm,direct_product_line_and_segment,Oracle 直接披露 Cloud services 产品线收入；Cloud and license 分部利润包含云服务、许可证支持和本地许可证。
79,Oracle Cloud,2024,revenue_yoy,收入同比增长,24.5,,percent,24.5,percent,official_derived_from_verified_rows,2,official_report_plus_official_ir_index_crosscheck,"[{""id"": ""oracle_2025_10k"", ""label"": ""Oracle FY2025 Form 10-K, cloud services and cloud/license tables"", ""url"": ""https://www.sec.gov/Archives/edgar/data/1341439/000095017025087926/orcl-20250531.htm"", ""type"": ""official_10k""}, {""id"": ""oracle_ir_sec_filings"", ""label"": ""Oracle Investor Relations SEC filings index"", ""url"": ""https://investor.oracle.com/sec-filings/default.aspx"", ""type"": ""official_ir_filings_index""}]",oracle_2025_10k;oracle_ir_sec_filings,https://www.sec.gov/Archives/edgar/data/1341439/000095017025087926/orcl-20250531.htm,direct_product_line_and_segment,Oracle 直接披露 Cloud services 产品线收入；Cloud and license 分部利润包含云服务、许可证支持和本地许可证。
80,Oracle Cloud,2025,revenue_yoy,收入同比增长,23.9,,percent,23.9,percent,official_derived_from_verified_rows,2,official_report_plus_official_ir_index_crosscheck,"[{""id"": ""oracle_2025_10k"", ""label"": ""Oracle FY2025 Form 10-K, cloud services and cloud/license tables"", ""url"": ""https://www.sec.gov/Archives/edgar/data/1341439/000095017025087926/orcl-20250531.htm"", ""type"": ""official_10k""}, {""id"": ""oracle_ir_sec_filings"", ""label"": ""Oracle Investor Relations SEC filings index"", ""url"": ""https://investor.oracle.com/sec-filings/default.aspx"", ""type"": ""official_ir_filings_index""}]",oracle_2025_10k;oracle_ir_sec_filings,https://www.sec.gov/Archives/edgar/data/1341439/000095017025087926/orcl-20250531.htm,direct_product_line_and_segment,Oracle 直接披露 Cloud services 产品线收入；Cloud and license 分部利润包含云服务、许可证支持和本地许可证。
81,Oracle Cloud,2023,operating_margin,经营利润率/分部利润率,63.6,,percent,63.6,percent,official_derived_from_verified_rows,2,official_report_plus_official_ir_index_crosscheck,"[{""id"": ""oracle_2025_10k"", ""label"": ""Oracle FY2025 Form 10-K, cloud services and cloud/license tables"", ""url"": ""https://www.sec.gov/Archives/edgar/data/1341439/000095017025087926/orcl-20250531.htm"", ""type"": ""official_10k""}, {""id"": ""oracle_ir_sec_filings"", ""label"": ""Oracle Investor Relations SEC filings index"", ""url"": ""https://investor.oracle.com/sec-filings/default.aspx"", ""type"": ""official_ir_filings_index""}]",oracle_2025_10k;oracle_ir_sec_filings,https://www.sec.gov/Archives/edgar/data/1341439/000095017025087926/orcl-20250531.htm,direct_product_line_and_segment,Oracle 直接披露 Cloud services 产品线收入；Cloud and license 分部利润包含云服务、许可证支持和本地许可证。
82,Oracle Cloud,2024,operating_margin,经营利润率/分部利润率,64.1,,percent,64.1,percent,official_derived_from_verified_rows,2,official_report_plus_official_ir_index_crosscheck,"[{""id"": ""oracle_2025_10k"", ""label"": ""Oracle FY2025 Form 10-K, cloud services and cloud/license tables"", ""url"": ""https://www.sec.gov/Archives/edgar/data/1341439/000095017025087926/orcl-20250531.htm"", ""type"": ""official_10k""}, {""id"": ""oracle_ir_sec_filings"", ""label"": ""Oracle Investor Relations SEC filings index"", ""url"": ""https://investor.oracle.com/sec-filings/default.aspx"", ""type"": ""official_ir_filings_index""}]",oracle_2025_10k;oracle_ir_sec_filings,https://www.sec.gov/Archives/edgar/data/1341439/000095017025087926/orcl-20250531.htm,direct_product_line_and_segment,Oracle 直接披露 Cloud services 产品线收入；Cloud and license 分部利润包含云服务、许可证支持和本地许可证。
83,Oracle Cloud,2025,operating_margin,经营利润率/分部利润率,62.8,,percent,62.8,percent,official_derived_from_verified_rows,2,official_report_plus_official_ir_index_crosscheck,"[{""id"": ""oracle_2025_10k"", ""label"": ""Oracle FY2025 Form 10-K, cloud services and cloud/license tables"", ""url"": ""https://www.sec.gov/Archives/edgar/data/1341439/000095017025087926/orcl-20250531.htm"", ""type"": ""official_10k""}, {""id"": ""oracle_ir_sec_filings"", ""label"": ""Oracle Investor Relations SEC filings index"", ""url"": ""https://investor.oracle.com/sec-filings/default.aspx"", ""type"": ""official_ir_filings_index""}]",oracle_2025_10k;oracle_ir_sec_filings,https://www.sec.gov/Archives/edgar/data/1341439/000095017025087926/orcl-20250531.htm,direct_product_line_and_segment,Oracle 直接披露 Cloud services 产品线收入；Cloud and license 分部利润包含云服务、许可证支持和本地许可证。
